frame,ID_0,ID_1,ID_2,ID_3,ID_4,ID_5,ID_6,ID_7,ID_8,ID_9,ID_10,ID_11,ID_12,ID_13,ID_14,ID_15,ID_16,ID_17,ID_18,ID_19,ID_21,ID_23,ID_24,ID_25,ID_27,ID_28,ID_30,ID_31,ID_32,ID_33,ID_36,ID_37,ID_38,ID_39,ID_40,ID_41,ID_42,ID_43,ID_45,ID_49,ID_51,ID_54,ID_55,ID_57,ID_60,ID_64
0,"(1579,1326)","(1289,1316)","(1331,1218)","(475,1103)","(1587,1059)","(1320,957)","(1520,940)","(1531,877)","(1536,839)","(237,804)","(1333,779)","(50,774)","(1416,669)","(599,560)","(385,549)","(754,495)","(1321,443)","(1352,313)","(521,52)",,,,,,,,,,,,,,,,,,,,,,,,,,,
1,,,,,,,,,,,,,,,,,,,,,,,,,,,,,,,,,,,,,,,,,,,,,,
2,,,,,,,,,,,,,,,,,,,,,,,,,,,,,,,,,,,,,,,,,,,,,,
3,,,,,,,,,,,,,,,,,,,,,,,,,,,,,,,,,,,,,,,,,,,,,,
4,"(1579,1326)","(1290,1317)","(1333,1217)","(475,1103)","(1585,1062)","(1320,959)","(1520,941)","(1531,877)","(1536,840)","(237,805)","(1333,780)","(51,774)","(1415,668)","(599,561)","(387,549)","(753,490)","(1321,444)","(1352,312)",,,,,,,,,,,,,,,,,,,,,,,,,,,,
5,"(1578,1326)","(1289,1317)","(1332,1218)","(475,1103)","(1586,1062)","(1320,959)","(1519,941)","(1530,877)","(1535,840)","(238,805)","(1333,780)","(51,774)","(1415,668)","(599,561)","(387,549)","(755,489)","(1321,444)","(1352,313)",,,,,,,,,,,,,,,,,,,,,,,,,,,,
6,"(1579,1326)","(1290,1317)","(1332,1218)","(475,1103)","(1587,1062)","(1320,959)","(1519,940)","(1531,877)","(1535,840)","(238,805)","(1333,780)","(51,774)","(1416,669)","(599,561)","(387,549)","(756,488)","(1320,444)","(1352,313)",,,,,,,,,,,,,,,,,,,,,,,,,,,,
7,"(1578,1326)","(1290,1317)","(1331,1218)","(475,1103)","(1590,1063)","(1320,959)","(1519,941)","(1531,877)","(1536,840)","(238,805)","(1333,780)","(51,774)","(1416,669)","(599,561)","(391,548)","(758,487)","(1321,444)","(1352,313)","(532,53)",,,,,,,,,,,,,,,,,,,,,,,,,,,
8,"(1579,1327)","(1288,1321)","(1331,1218)","(475,1103)","(1592,1065)","(1320,959)","(1519,941)","(1531,877)","(1536,840)","(237,805)","(1333,780)","(51,775)","(1415,669)","(599,561)","(391,548)","(758,485)","(1321,444)","(1352,313)","(533,54)",,,,,,,,,,,,,,,,,,,,,,,,,,,
9,"(1579,1326)","(1290,1317)","(1331,1218)","(475,1103)","(1593,1066)","(1320,959)","(1520,941)","(1531,877)","(1536,840)","(237,805)","(1333,780)","(51,775)","(1415,669)","(599,561)","(391,548)","(759,481)","(1321,444)","(1352,313)","(534,55)",,,,,,,,,,,,,,,,,,,,,,,,,,,
10,"(1579,1326)","(1289,1316)","(1331,1218)","(475,1103)","(1593,1066)","(1319,959)","(1521,941)","(1531,877)","(1536,840)","(237,805)","(1333,780)","(51,774)","(1416,668)","(599,561)","(391,547)","(758,477)","(1321,444)","(1352,313)","(535,54)",,,,,,,,,,,,,,,,,,,,,,,,,,,
11,"(1579,1325)","(1287,1320)","(1330,1218)","(475,1103)","(1592,1064)","(1320,959)","(1520,940)","(1531,877)","(1536,840)","(237,804)","(1333,779)","(52,775)","(1416,668)","(599,561)","(386,550)","(757,468)","(1321,444)","(1352,313)","(537,55)",,,,,,,,,,,,,,,,,,,,,,,,,,,
12,"(1579,1326)","(1290,1317)","(1331,1218)","(475,1103)","(1592,1064)","(1320,960)","(1520,940)","(1531,877)","(1536,840)","(237,804)","(1333,780)","(51,775)","(1416,668)","(599,561)","(386,549)","(755,471)","(1321,443)","(1352,313)",,,,,,,,,,,,,,,,,,,,,,,,,,,,
13,"(1579,1326)","(1289,1317)","(1330,1218)","(474,1103)","(1591,1064)","(1320,960)","(1520,940)","(1531,877)","(1536,840)","(237,805)","(1333,780)","(51,774)","(1415,668)","(599,561)","(385,549)","(753,468)","(1321,443)","(1352,313)",,,,,,,,,,,,,,,,,,,,,,,,,,,,
14,"(1578,1326)","(1287,1321)","(1330,1218)","(474,1103)","(1592,1064)","(1320,960)","(1520,940)","(1531,877)","(1536,840)","(237,805)","(1333,780)","(51,775)","(1415,668)","(599,561)","(385,549)","(752,467)","(1320,443)","(1352,313)",,,,,,,,,,,,,,,,,,,,,,,,,,,,
15,"(1578,1326)","(1289,1317)","(1330,1218)","(475,1103)","(1591,1064)","(1320,959)","(1519,941)","(1530,877)","(1535,840)","(238,805)","(1333,780)","(51,775)","(1415,668)","(599,561)","(386,549)","(752,466)","(1320,443)","(1352,313)","(543,51)",,,,,,,,,,,,,,,,,,,,,,,,,,,
16,"(1579,1326)","(1287,1320)","(1330,1218)","(475,1102)","(1591,1064)","(1320,960)","(1519,941)","(1531,877)","(1536,840)","(237,805)","(1333,780)","(50,775)","(1415,668)","(599,561)","(385,549)","(752,465)","(1320,444)","(1352,313)","(540,55)",,,,,,,,,,,,,,,,,,,,,,,,,,,
17,"(1579,1326)","(1287,1320)","(1330,1218)","(474,1103)","(1592,1064)","(1320,959)","(1520,941)","(1531,877)","(1536,840)","(237,805)","(1333,780)","(51,775)","(1416,668)","(599,561)","(386,549)","(753,464)","(1321,444)","(1352,313)","(541,55)",,,,,,,,,,,,,,,,,,,,,,,,,,,
18,"(1579,1326)","(1288,1320)","(1331,1218)","(475,1103)","(1592,1064)","(1320,960)","(1520,941)","(1531,877)","(1532,840)","(237,805)","(1333,780)","(52,775)","(1415,669)","(599,561)","(386,549)","(753,463)","(1321,444)","(1352,313)","(541,54)",,,,,,,,,,,,,,,,,,,,,,,,,,,
19,"(1578,1326)","(1287,1320)","(1331,1217)","(475,1102)","(1592,1064)","(1319,959)","(1519,941)","(1531,877)","(1535,840)","(238,805)","(1333,780)","(50,776)","(1415,669)","(599,561)","(386,550)","(754,462)","(1320,444)","(1352,313)",,,,,,,,,,,,,,,,,,,,,,,,,,,,
20,"(1578,1326)","(1287,1320)","(1331,1218)","(475,1103)","(1591,1064)","(1319,957)","(1519,941)","(1530,877)","(1536,840)","(238,804)","(1333,780)","(52,775)","(1415,668)","(599,561)","(386,549)","(754,460)","(1320,444)","(1352,313)",,,,,,,,,,,,,,,,,,,,,,,,,,,,
21,"(1578,1326)","(1289,1316)","(1331,1217)","(476,1103)","(1592,1064)","(1320,959)","(1520,941)","(1530,877)","(1536,840)","(238,804)","(1333,780)","(52,775)","(1415,669)","(599,560)","(385,549)","(755,458)","(1317,444)","(1352,313)","(544,55)",,,,,,,,,,,,,,,,,,,,,,,,,,,
22,"(1579,1326)","(1289,1317)","(1331,1218)","(475,1103)","(1592,1064)","(1319,960)","(1519,941)","(1531,877)","(1535,840)","(238,804)","(1333,780)","(51,775)","(1415,669)","(599,560)","(385,549)","(755,456)","(1320,444)","(1352,313)","(546,54)",,,,,,,,,,,,,,,,,,,,,,,,,,,
23,"(1578,1326)","(1289,1317)","(1331,1217)","(475,1103)","(1592,1064)","(1319,959)","(1519,940)","(1530,877)","(1535,839)","(238,804)","(1333,780)","(52,775)","(1415,669)","(599,560)","(385,548)","(755,454)","(1320,443)","(1352,312)","(547,54)",,,,,,,,,,,,,,,,,,,,,,,,,,,
24,"(1578,1325)","(1287,1320)","(1330,1217)","(475,1102)","(1592,1064)","(1319,959)","(1519,940)","(1530,876)","(1535,839)","(238,805)","(1333,779)","(50,775)","(1415,669)","(599,560)","(385,548)","(755,452)","(1320,443)","(1352,313)","(553,51)",,,,,,,,,,,,,,,,,,,,,,,,,,,
25,"(1578,1325)","(1290,1317)","(1330,1217)","(475,1103)","(1592,1064)","(1320,959)","(1519,940)","(1531,877)","(1536,839)","(238,805)","(1333,780)","(52,774)","(1416,669)","(599,560)","(385,548)","(755,449)","(1321,443)","(1352,313)","(551,54)",,"(601,50)",,,,,,,,,,,,,,,,,,,,,,,,,
26,,,,,,,,,,,,,,,,"(781,445)",,,,,,,,,,,,,,,,,,,,,,,,,,,,,,
27,,,,,,,,,,,,,,,,"(733,445)",,,,,,,,,,,,,,,,,,,,,,,,,,,,,,
28,,,,,,,,,,,,,,,,,,,,,,,,,,,,,,,,,,,,,,,,,,,,,,
29,,,,,,,,,,,,,,,,,,,,,,,,,,,,,,,,,,,,,,,,,,,,,,
30,,,,,,,,,,,,,,,,,,,,,,,,,,,,,,,,,,,,,,,,,,,,,,
31,,,,,,,,,,,,,,,,,,,,,,,,,,,,,,,,,,,,,,,,,,,,,,
32,,,,,,,,,,,,,,,,,,,,,,,,,,,,,,,,,,,,,,,,,,,,,,
33,,,,,,,,,,,,,,"(589,546)",,,,,,,,,,,,,,,,,,,,,,,,,,,,,,,,
34,,,,,,,,,,,,,,"(590,546)",,,,,,,,,,,,,,,,,,,,,,,,,,,,,,,,
35,,,,,,,,,,,,,,"(586,547)",,,,,,,,,,,,,,,,,,,,,,,,,,,,,,,,
36,,,,,,,,,,,,,,"(588,547)",,,,,,,,,,,,,,,,,,,,,,,,,,,,,,,,
37,,,,,,,,,,,,,,"(590,548)",,,,,,,,,,,,,,,,,,,,,,,,,,,,,,,,
38,,,,,,,,,,,,,,"(591,553)",,,,,,,,,,,,,,,,,,,,,,,,,,,,,,,,
39,,,,,,,,,,,,,,"(591,556)",,,,,,,,,,,,,,,,,,,,,,,,,,,,,,,,
40,,,,,,,,,,,,,,,,,,,,,,,,,,,,,,,,,,,,,,,,,,,,,,
41,,,,,,,,,,,,,,,,,,,,,,,,,,,,,,,,,,,,,,,,,,,,,,
42,,,,,,,,,,,,,,,,,,,"(575,53)",,,,,,,,,,,,,,,,,,,,,,,,,,,
43,,,,,,,,,,,,,,,,,,,"(574,52)",,,,,,,,,,,,,,,,,,,,,,,,,,,
44,,,,,,,,,,,,,,,,,,,"(579,51)",,,,,,,,,,,,,,,,,,,,,,,,,,,
45,,,,,,,,,,,,,,,,,,,"(575,55)",,,,,,,,,,,,,,,,,,,,,,,,,,,
46,,,,,,,,,,,,,,,,,,,"(577,57)",,,,,,,,,,,,,,,,,,,,,,,,,,,
47,,,,,,,,,,,,,,,,,,,"(579,58)",,,,,,,,,,,,,,,,,,,,,,,,,,,
48,,,,,,,,,,,,,,,,,,,"(579,57)",,,,,,,,,,,,,,,,,,,,,,,,,,,
49,,,,,,,,,,,,,,,,,,,"(580,56)",,,,,,,,,,,,,,,,,,,,,,,,,,,
50,,,,,,,,,,,,,,,,,,,"(581,58)",,,,,,,,,,,,,,,,,,,,,,,,,,,
51,,,,,,,,,,,,,,,,,,,"(582,56)",,,,,,,,,,,,,,,,,,,,,,,,,,,
52,,,,,,,,,,,,,,,,,,,"(581,57)",,,,,,,,,,,,,,,,,,,,,,,,,,,
53,,,,,,,,,,,,,,,,,,,"(582,57)",,,,,,,,,,,,,,,,,,,,,,,,,,,
54,,,,,,,,,,,,,,,,,,,"(581,57)",,,,,,,,,,,,,,,,,,,,,,,,,,,
55,,,,,,,,,,,,,,,,,,,"(580,57)",,,"(773,398)",,,,,,,,,,,,,,,,,,,,,,,,
56,,,,,,,,,,,,,,,,,,,"(579,57)",,,"(763,391)",,,,,,,,,,,,,,,,,,,,,,,,
57,,,,,"(1599,1055)",,,,,,,,,,,,,,"(579,57)",,,,,,,,,,,,,,,,,,,,,,,,,,,
58,,,,,,,,,,,,,,,,,,,"(579,57)",,,,,,,,,,,,,,,,,,,,,,,,,,,
59,,,,,,,,,,,,,,,,,,,"(580,57)",,,,,,,,,,,,,,,,,,,,,,,,,,,
60,,,,,,,,,,,,,,,,,,,"(579,57)",,,,,,,,,,,,,,,,,,,,,,,,,,,
61,,,,,,,,,,,,,,,,,,,,,,,,,,,,,,,,,,,,,,,,,,,,,,
62,,,,,"(1603,1056)",,,,,,,,,,,,,,,,,,,,,,,,,,,,,,,,,,,,,,,,,
63,,,,,,,,,,,,,,,,,,,,,,"(777,390)",,,,,,,,,,,,,,,,,,,,,,,,
64,,,,,,,,"(1530,877)",,,,,,,,,,,,,,"(780,389)",,,,,,,,,,,,,,,,,,,,,,,,
65,,,,,,,,,,,,,,,,,,,,,,"(779,387)",,,,,,,,,,,,,,,,,,,,,,,,
66,,,,,,,,,,,,,,,,,,,,,,,,,,,,,,,,,,,,,,,,,,,,,,
67,,,,,,,,,,,,,,,,,,,,,,,,,,,,,,,,,,,,,,,,,,,,,,
68,,,,,,,,,,,,,,,,,,,,,,,,,,,,,,,,,,,,,,,,,,,,,,
69,,,,,,,,,,,,,,,,,,,,,,,,,,,,,,,,,,,,,,,,,,,,,,
70,,,,,,,,,,,,,,,,,,,,,,,,,,,,,,,,,,,,,,,,,,,,,,
71,,,,,,,,,,,,,,,,,,,,,,,,,,,,,,,,,,,,,,,,,,,,,,
72,,,,,,,,,,,,,,,,,,,,,,,,,,,,,,,,,,,,,,,,,,,,,,
73,,,,,,,,,,,,,,,,,,,,,,,,,,,,,,,,,,,,,,,,,,,,,,
74,,,,,"(1601,1065)",,,,,,,,,,,,,,,,,,,,,,,,,,,,,,,,,,,,,,,,,
75,,,,,"(1599,1067)",,,,,,,,,,,,,,,,,,,,,,,,,,,,,,,,,,,,,,,,,
76,,,,,"(1603,1079)",,,,,,,,,,,,,,,,,,,,,,,,,,,,,,,,,,,,,,,,,
77,,,,,,,,,,,,,,,,,,,,,"(597,57)",,,,,,,,,,,,,,,,,,,,,,,,,
78,,,,,"(1603,1076)",,,,,,,,,,,,,,,,,,"(787,380)",,,,,,,,,,,,,,,,,,,,,,,
79,,,,,,,,,,,,,,,,,,,,,,,"(784,392)","(624,601)",,,,,,,,,,,,,,,,,,,,,,
80,,,,,"(1602,1074)",,,,,,,,,,,,,,,,,,"(775,377)","(624,605)",,,,,,,,,,,,,,,,,,,,,,
81,,,,,,,,,,,,,,,,,,,,,"(601,57)",,,"(626,605)",,,,,,,,,,,,,,,,,,,,,,
82,,,,,,,,,,,,,,,,,,,,,"(601,57)",,,"(627,605)",,,,,,,,,,,,,,,,,,,,,,
83,,,,,,,,,,,,,,,,,,,,,"(602,56)",,"(797,399)","(628,607)",,,,,,,,,,,,,,,,,,,,,,
84,,,,,,,"(1520,941)",,,,,,,,,,,,,,"(603,57)",,,"(629,609)",,,,,,,,,,,,,,,,,,,,,,
85,,,,,,,"(1519,941)",,,,,,,,,,,,,,"(603,57)",,,"(630,611)",,,,,,,,,,,,,,,,,,,,,,
86,,,,,,,,,,,,,,,,,,,,,"(604,56)",,,"(631,612)",,,,,,,,,,,,,,,,,,,,,,
87,,,,,,,,,,,,,,,,,,,,,"(605,56)",,,"(632,612)",,,,,,,,,,,,,,,,,,,,,,
88,,,,,,,,,,,,,,,,,,,,,"(605,56)",,,"(632,613)",,,,,,,,,,,,,,,,,,,,,,
89,,,,,,,,,,,,,,,,,,,,,"(606,56)",,,"(632,613)",,,,,,,,,,,,,,,,,,,,,,
90,,,,,,,,,,,,,,,,,,,,,"(607,57)",,,"(633,615)",,,,,,,,,,,,,,,,,,,,,,
91,,,,,,,,,,,,,,,,,,,,,"(608,57)",,,"(634,618)",,,,,,,,,,,,,,,,,,,,,,
92,,,,,,,,,,,,,,,,,,,,,"(608,56)",,"(789,366)","(634,621)",,,,,,,,,,,,,,,,,,,,,,
93,,,,,,,,,,,"(1333,781)",,,,,,,,,,"(608,57)",,"(788,368)","(635,623)",,,,,,,,,,,,,,,,,,,,,,
94,,,,,,,,,,,,,,,,,,,,,"(609,56)",,"(786,370)","(636,624)",,,,,,,,,,,,,,,,,,,,,,
95,,,,,,,,,,,,,,,,,,,,,"(609,57)",,"(786,370)","(635,624)",,,,,,,,,,,,,,,,,,,,,,
96,,,,,,,,,,,,,,,,,,,,,"(611,57)",,"(785,367)","(638,625)",,,,,,,,,,,,,,,,,,,,,,
97,,,,,,,"(1519,940)",,,,,,,,,,,,,,"(611,56)",,"(787,366)","(638,624)",,,,,,,,,,,,,,,,,,,,,,
98,,,,,,,,,,,,,,,,,,,,,"(610,56)",,"(784,363)","(640,624)",,,,,,,,,,,,,,,,,,,,,,
99,,,,,,,,,,,,,,,,,,,,,"(612,56)",,"(786,360)","(639,624)",,,,,,,,,,,,,,,,,,,,,,
100,,,,,,,"(1519,940)",,,,,,,,,,,,,,"(611,57)",,,"(638,623)",,,,,,,,,,,,,,,,,,,,,,
101,,,,,,,,,,,,,,,,,,,,,"(612,57)",,,"(638,623)",,,,,,,,,,,,,,,,,,,,,,
102,,,,,,,,,,,,,,,,,,,,,"(612,57)",,,"(638,623)",,,,,,,,,,,,,,,,,,,,,,
103,,,,,,,,,,,,,,,,,,,,,"(613,56)",,,"(639,623)",,,,,,,,,,,,,,,,,,,,,,
104,,,,,,,,,,,,,,,,,,,,,"(614,57)",,,"(639,623)",,,,,,,,,,,,,,,,,,,,,,
105,,,,,,,,,,,,,,,,,,,,,,,"(792,372)","(639,625)",,,,,,,,,,,,,,,,,,,,,,
106,,,,,,,,,,,,,,,,,,,,,,,"(791,360)","(641,624)",,,,,,,,,,,,,,,,,,,,,,
107,,,,,,,,,,,,,,,,,,,,,,,"(799,359)","(641,626)",,,,,,,,,,,,,,,,,,,,,,
108,,,,,,,"(1519,941)",,,,,,,,,,,,,,,,,"(641,627)",,,,,,,,,,,,,,,,,,,,,,
109,,,,,,,,,,,,,,,,,,,,,,,,"(643,627)",,,,,,,,,,,,,,,,,,,,,,
110,,,,,,,,"(1531,877)",,,,,,,,,,,,,,,,"(642,627)",,,,,,,,,,,,,,,,,,,,,,
111,,,,,,,,,,,,,,,,,,,,,,,,"(643,627)",,,,,,,,,,,,,,,,,,,,,,
112,,,,,,,,,,,,,,,,,,,,,,,,"(644,631)",,,,,,,,,,,,,,,,,,,,,,
113,,,,,,,,,,,,,,,,,,,,,,,,"(644,628)",,,,,,,,,,,,,,,,,,,,,,
114,,,,,,,,,,,,,,,,,,,,,,,,"(645,633)",,,,,,,,,,,,,,,,,,,,,,
115,,,,,,,,,,,,,,,,,,,,,,,"(799,355)",,,,,,,,,,,,,,,,,,,,,,,
116,,,,,,,,,,,,,,,,,,,,,,,,,,,,,,,,,,,,,,,,,,,,,,
117,,,,,,,,,,,,,,,,,,,,,,,,,,,,,,,,,,,,,,,,,,,,,,
118,,,,,,,,,,,,,,,,,,,,,,,,,,,,,,,,,,,,,,,,,,,,,,
119,,,,,"(1602,1077)",,,,,,,,,,,,,,,,,,,,,,,,,,,,,,,,,,,,,,,,,
120,,,,,"(1602,1077)",,,,,,,,,,,,,,,,,,,,,,,,,,,,,,,,,,,,,,,,,
121,,,,,,,,,,,,,,,,,,,,,,,,,,,,,,,,,,,,,,,,,,,,,,
122,,,,,,,,"(1531,878)",,,,,,,,,,,,,,,,,,,,,,,,,,,,,,,,,,,,,,
123,,,,,,,,"(1530,878)",,,,,,,,,,,,,,,,,,,,,,,,,,,,,,,,,,,,,,
124,,,,,,,,,,,,,,,,,,,,,,,,,,,,,,,,,,,,,,,,,,,,,,
125,,,,,,,,,,,,,,,,,,,,,,,,,,,,,,,,,,,,,,,,,,,,,,
126,,,,,,,,,,,,,,,,,,,,,,,,,,,,,,,,,,,,,,,,,,,,,,
127,,,,,"(1601,1086)",,,,"(1531,878)",,,,,,,,,,,,,,,,,,,,,,,,,,,,,,,,,,,,,
128,,,,,"(1601,1087)",,,,,,,,,,,,,,,,,,,,,,,,,,,,,,,,,,,,,,,,,
129,,,,,"(1601,1086)",,,,,,,,,,,,,,,,,,,,,,,,,,,,,,,,,,,,,,,,,
130,,,,,"(1603,1086)",,,,,,,,,,,,,,,,,,,,,,,,,,,,,,,,,,,,,,,,,
131,,,,,,,,,,,,,,,,,,,,,,,,,,,,,,,,,,,,,,,,,,,,,,
132,,,,,,,,,,,,,,,,,,,,,,,,,,,,,,,,,,,,,,,,,,,,,,
133,,,,,,,,,,,,,,,,,,,,,,,,,,,,,,,,,,,,,,,,,,,,,,
134,,,,,,,,,,,,,,,,,,,,,,,,,,,,,,,,,,,,,,,,,,,,,,
135,,,,,,,,,,,,,,,,,,,,,,,,,,,,,,,,,,,,,,,,,,,,,,
136,,,,,,,,,,,,,,,,,,,,,,,,,,,,,,,,,,,,,,,,,,,,,,
137,,,,,,,,,,,,,,,,,,,,,,,,,"(805,335)",,,,,,,,,,,,,,,,,,,,,
138,,,,,,,,,,,,,,,,,,,,,,,,,"(807,334)",,,,,,,,,,,,,,,,,,,,,
139,,,,,,,,,,,,,,,,,,,,,,,,,,,,,,,,,,,,,,,,,,,,,,
140,,,,,,,,,,,,,,,,,,,,,,,,,,,,,,,,,,,,,,,,,,,,,,
141,,,,,,,,,,,,,"(1415,670)",,,,,,,,,,,,,,,,,,,,,,,,,,,,,,,,,
142,,,,,,,,,,,,,,,,,,,,,,,,"(644,639)",,,,,,,,,,,,,,,,,,,,,,
143,,,,,,,,,,,,,,,,,,,,,,,,,,,,,,,,,,,,,,,,,,,,,,
144,,,,,,,,,,,,,,,,,,,,,,,,,,,,,,,,,,,,,,,,,,,,,,
145,,,,,,,,,,,,,,,,,,,,,,,,,,,,,,,,,,,,,,,,,,,,,,
146,,,,,,,,,,,,,,,,,,,,,,,,,,,,,,,,,,,,,,,,,,,,,,
147,,,,,,,,,,,,,,,,,,,,,,,,,,,,,,,,,,,,,,,,,,,,,,
148,,,,,,,,,,,,,,,,,,,,,,,,,,,,,,,,,,,,,,,,,,,,,,
149,,,,,,,,,,,,,,,,,,,,,,,,,,,,,,,,,,,,,,,,,,,,,,
150,,,,,,,,,,,,,,,,,,,,,,,,,,,,,,,,,,,,,,,,,,,,,,
151,,,,,,,,,,,,,,,,,,,,,,,,,,,,,,,,,,,,,,,,,,,,,,
152,,,,,,,,,,,,,,,,,,,,,,,,,,,,,,,,,,,,,,,,,,,,,,
153,,,,,,,,,,,,,"(1416,669)",,,,,,,,,,,,,,,,,,,,,,,,,,,,,,,,,
154,,,,,,,,,,,,,,,,,,,,"(739,63)",,,,,,,,,,,,,,,,,,,,,,,,,,
155,,,,,,,,,,,,,,,,,,,,"(741,65)",,,,,,,,,,,,,,,,,,,,,,,,,,
156,,,,,,,,,,,,,,,,,,,,,"(625,52)",,,,,,,,,,,,,,,,,,,,,,,,,
157,,,,,,,,,,,,,,,,,,,,,"(626,51)",,,,,,,,,,,,,,,,,,,,,,,,,
158,,,,,,,,,,,,,,,,,,,,,,,,,,,,,,,,,,,,,,,,,,,,,,
159,,,,,,,,,,,,,,,,,,,,,,,,,,,,,,,,,,,,,,,,,,,,,,
160,,,,,,,,,,,,,,,,,,,,,,,,,,,,,,,,,,,,,,,,,,,,,,
161,,,,,,,,,,,,,,,,,,,,,,,,,,,,,,,,,,,,,,,,,,,,,,
162,,,,,,,,,,,,,,,,,,,,,,,,,,,,,,,,,,,,,,,,,,,,,,
163,,,,,,,,,,,,,,,,,,,,,,,,,,,,,,,,,,,,,,,,,,,,,,
164,,,,,,,,,,,,,,,,,,,,,,,,,,,,,,,,,,,,,,,,,,,,,,
165,,,,,,,,,,,,,,,,,,,,,,,,,,,,,,,,,,,,,,,,,,,,,,
166,,,,,,,,,,,,,,,,,,,,,,,,,,,"(638,53)",,,,,,,,,,,,,,,,,,,
167,,,,,,,,,,,,,,,,,,,,,,,,,,,"(640,52)",,,,,,,,,,,,,,,,,,,
168,,,,,,,,,,,,,,,,,,,,,,,,,,,"(641,54)",,,,,,,,,,,,,,,,,,,
169,,,,,,,,,,,,,,,,,,,,,,,,,,,"(639,52)",,,,,,,,,,,,,,,,,,,
170,,,,,,,,,,,,,,,,,,,,,,,,,,,"(639,54)",,,,,,,,,,,,,,,,,,,
171,,,,,,,,,,,,,,,,,,,,,,,,,,,"(639,54)",,,,,,,,,,,,,,,,,,,
172,,,,,,,,,,,,,,,,,,,,,,,,,,,"(642,55)",,,,,,,,,,,,,,,,,,,
173,,,,,,,,,,,,,,,,,,,,,,,,,,,"(643,55)",,,,,,,,,,,,,,,,,,,
174,,,,,,,,,,,,,,,,,,,,,,,,,,,"(644,55)",,,,,,,,,,,,,,,,,,,
175,,,,,,,,,,,,,,,,,,,,,,,,,,,"(644,55)",,,,,,,,,,,,,,,,,,,
176,,,,,,,,,,,,,,,,,,,,,,,,,,,"(645,55)",,,,,,,,,,,,,,,,,,,
177,,,,,,,,,,,,,,,,,,,,,,,,,,,"(644,55)",,,,,,,,,,,,,,,,,,,
178,,,,,,,,,,,,,,,,,,,,,,,,,,,"(645,55)",,,,,,,,,,,,,,,,,,,
179,,,,,,,,,,,,,,,,,,,,,,,,,,,"(645,55)",,,,,,,,,,,,,,,,,,,
180,,,,,,,,,,,,,,,,,,,,,,,,,,,"(644,55)",,,,,,,,,,,,,,,,,,,
181,,,,,,,,,,,,,,,,,,,,,,,,,,,"(645,55)",,,,,,,,,,,,,,,,,,,
182,,,,,,,,,,,,,,,,,,,,,,,,,,,"(641,55)",,,,,,,,,,,,,,,,,,,
183,,,,,,,,,,,,,,,,,,,,,,,,,,,"(645,56)",,,,,,,,,,,,,,,,,,,
184,,,,,,,,,,,,,,,,,,,,,,,,,,,"(646,55)",,,,,,,,,,,,,,,,,,,
185,,,,,,,,,"(1530,877)",,,,,,,,,,,"(725,55)",,,,,,"(844,310)","(645,55)",,,,,,,,,,,,,,,,,,,
186,,,,,,,,,,,,,,,,,,,,,,,,,,"(841,299)","(645,56)",,,,,,,,,,,,,,,,,,,
187,,,,,,,,,,,,,,,,,,,,"(734,54)",,,,,,,"(645,56)",,,,,,,,,,,,,,,,,,,
188,,,,,,,,,,,,,,,,,,,,"(729,53)",,,,,,,"(645,55)",,,,,,,,,,,,,,,,,,,
189,,,,,,,"(1520,940)",,,,,,,,,,,,,,,,,,,,"(646,55)",,,,,,,,,,,,,,,,,,,
190,,,,,,,"(1520,940)",,,,,,,,,,,,,,,,,,,,"(646,55)",,,,,,,,,,,,,,,,,,,
191,,,,,,,"(1520,940)",,,,,,,,,,,,,,,,,,,,"(645,56)",,,,,,,,,,,,,,,,,,,
192,,,,,,,,,,,,,,,,,,,,,,,,,,,"(645,55)",,,,,,,,,,,,,,,,,,,
193,,,,,,,"(1520,940)",,,,,,,,,,,,,,,,,,,,"(645,55)",,,,,,,,,,,,,,,,,,,
194,"(1571,1323)",,,,,,"(1520,940)",,,,"(1334,780)",,,,,,,,,,,,,,,,"(645,55)",,,,,,,,,,,,,,,,,,,
195,"(1571,1324)",,,,,,"(1519,940)",,,,,,,,,,,,,,,,,,,,"(647,55)",,,,,,,,,,,,,,,,,,,
196,"(1571,1325)",,,,,,"(1519,940)",,,,,,,,,,,,,,,,,,,,"(645,55)",,,,,,,,,,,,,,,,,,,
197,"(1574,1325)",,,,,,"(1520,940)",,"(1526,877)",,,,,,,,,,,,,,,,,,"(645,55)",,,,,,,,,,,,,,,,,,,
198,"(1574,1325)",,,,,,"(1520,940)",,"(1526,877)",,"(1334,780)",,"(1415,669)",,,,"(1322,442)","(1352,313)",,,,,,,,,"(645,55)",,,,,,,,,,,,,,,,,,,
199,"(1573,1324)",,,,,"(1322,954)","(1520,940)",,"(1526,877)",,"(1334,780)",,"(1415,669)",,,,"(1322,443)","(1352,313)",,,,,,,,"(866,292)","(644,56)","(650,645)",,,,,,,,,,,,,,,,,,
200,"(1570,1325)",,,,,,"(1520,940)",,"(1526,877)",,"(1334,780)",,"(1415,669)",,,,"(1322,443)","(1352,313)",,,,,,,,"(867,290)","(646,54)","(650,645)",,,,,,,,,,,,,,,,,,
201,"(1572,1325)",,,,,,"(1520,940)",,,,,,,,,,"(1322,442)",,,,,,,,,"(863,289)","(647,54)",,,,,,,,,,,,,,,,,,,
202,"(1570,1325)",,,,,,"(1520,940)",,,,"(1335,780)",,"(1416,668)",,,,"(1322,442)",,,,,,,,,,"(647,53)",,,,,,,,,,,,,,,,,,,
203,"(1568,1325)",,,,,,"(1520,940)",,,,,,,,,,,,,,,,,,,,,"(650,645)",,,,,,,,,,,,,,,,,,
204,"(1568,1325)",,,,,,"(1520,940)",,,,,,"(1415,670)",,,,,,,,,,,,,,,"(650,645)",,,,,,,,,,,,,,,,,,
205,"(1571,1325)",,,,,,"(1519,940)",,"(1526,877)",,"(1334,780)",,"(1415,670)",,,,"(1322,442)","(1352,313)",,,,,,,,"(874,284)","(647,52)","(650,645)",,,,,,,,,,,,,,,,,,
206,,,,,,,"(1519,940)",,"(1526,877)",,,,"(1415,670)",,,,"(1322,442)","(1352,313)",,,,,,,,"(875,283)","(647,49)","(650,645)","(1594,1064)","(1536,840)",,,,,,,,,,,,,,,,
207,"(1571,1325)",,,,,,"(1519,940)",,"(1526,877)",,,,"(1415,671)",,,,"(1322,442)","(1352,313)",,,,,,,,"(877,285)",,"(650,645)",,,,,,,,,,,,,,,,,,
208,"(1572,1325)",,,,,,"(1520,940)",,"(1526,877)",,"(1333,780)",,"(1415,673)",,,,"(1322,442)","(1352,313)",,,,,,,,"(879,284)",,"(650,645)",,"(1536,841)",,,,,,,,,,,,,,,,
209,"(1571,1325)",,,,,,"(1520,940)",,"(1526,877)",,"(1334,780)",,"(1416,669)",,,,"(1322,443)","(1352,313)",,,,,,,,,,"(650,645)","(1593,1063)","(1536,841)",,,,,,,,,,,,,,,,
210,"(1572,1325)",,,,,,"(1520,940)",,"(1526,877)",,,,"(1416,668)",,,,"(1322,443)",,,,,,,,,,,"(650,645)",,"(1536,841)",,,,,,,,,,,,,,,,
211,,,,,,,"(1520,940)",,"(1526,877)",,"(1334,780)",,"(1416,669)",,,,"(1322,442)",,,,,,,,,,,"(650,645)",,,,,,,,,,,,,,,,,,
212,,,,,,,"(1520,940)",,"(1530,877)",,"(1334,780)",,"(1416,669)",,,,"(1322,442)","(1352,313)",,,,,,,,"(885,280)",,"(650,645)",,"(1537,840)",,,,,,,,,,,,,,,,
213,,,,"(478,1100)",,,"(1520,940)",,"(1526,877)",,"(1334,780)",,"(1416,669)",,,,"(1322,442)",,,,,,,,,"(887,277)",,"(650,645)",,"(1537,840)",,,,,,,,,,,,,,,,
214,,,,,,,"(1520,940)",,"(1526,877)",,"(1334,780)",,"(1416,669)",,,,"(1322,443)",,,,,,,,,,,"(650,645)",,"(1537,840)",,,,,,,,,,,,,,,,
215,,,,,,,"(1521,940)",,"(1526,877)",,"(1334,780)",,,,,,"(1322,443)","(1352,313)",,,,,,,,"(893,276)",,"(650,645)",,"(1537,840)",,,,,,,,,,,,,,,,
216,,,,,,,"(1520,940)",,"(1526,877)",,"(1334,780)",,"(1416,669)",,,,"(1322,443)","(1352,313)",,,,,,,,"(895,273)",,"(650,645)",,"(1537,840)",,,,,,,,,,,,,,,,
217,,,,,,,"(1520,940)",,"(1527,877)",,"(1334,780)",,"(1416,669)",,,,"(1322,442)",,,,,,,,,"(898,271)",,"(650,645)",,,,,,,,,,,,,,,,,,
218,,,,,,,"(1520,940)",,"(1526,877)",,"(1334,780)",,,,,,"(1322,442)","(1352,313)",,,,,,,,"(893,268)",,"(650,645)",,"(1537,841)",,,,,,,,,,,,,,,,
219,,,,,,,"(1520,940)",,"(1530,877)","(238,805)","(1334,780)",,"(1415,669)",,,,,"(1352,312)",,,,,,,,"(894,262)",,"(650,645)",,"(1536,840)",,,,,,,,,,,,,,,,
220,,,,,,,"(1520,940)",,"(1530,877)",,"(1334,780)",,"(1415,669)",,,,"(1322,443)",,,,,,,,,,,"(650,645)",,"(1536,841)",,,,,,,,,,,,,,,,
221,,,,,,,"(1520,940)",,"(1530,877)",,"(1334,780)",,"(1415,669)",,,,"(1322,442)",,,,,,,,,,,"(650,645)",,"(1536,841)",,,,,,,,,,,,,,,,
222,,,,,,,"(1521,940)",,"(1531,877)",,"(1334,780)",,"(1415,669)",,,,"(1322,442)",,,,,,,,,,,"(650,645)",,"(1535,841)",,,,,,,,,,,,,,,,
223,,,,,,,"(1520,940)",,"(1526,877)",,"(1334,780)",,"(1415,669)",,,,"(1322,442)",,,,,,,,,"(917,261)",,"(650,645)",,,,,,,,,,,,,,,,,,
224,,,,,,,"(1520,940)",,"(1527,877)",,"(1333,780)",,"(1415,669)",,,,"(1322,442)","(1352,313)",,,,,,,,,,"(650,645)",,"(1535,841)",,,,,,,,,,,,,,,,
225,,,,,,,"(1520,940)",,"(1526,877)",,"(1333,780)",,,,,,,,,,,,,,,"(924,259)",,"(650,645)",,,,,,,,,,,,,,,,,,
226,,,,,,,"(1520,940)",,"(1527,877)",,"(1333,780)",,"(1416,669)",,,,"(1322,442)",,,,,,,,,"(928,259)",,"(649,645)",,,,,,,,,,,,,,,,,,
227,,,,,,,"(1520,940)",,"(1531,877)",,,,,,,,,"(1352,312)",,,,,,,,"(931,259)",,"(650,645)",,,,,,,,,,,,,,,,,,
228,,,,,,,"(1520,940)",,"(1531,877)",,"(1333,780)",,"(1416,669)",,,,,,,,,,,,,"(933,258)",,"(650,645)",,,,,,,,,,,,,,,,,,
229,,,,,,,"(1520,940)",,"(1531,878)",,,,"(1416,669)",,,,"(1321,443)","(1352,312)",,,,,,,,"(934,258)",,"(650,645)","(1611,1049)",,,,,,,,,,,,,,,,,
230,,,,,,,,,"(1531,877)",,"(1333,780)",,,,"(382,552)",,"(1322,443)","(1352,312)",,,,,,,,"(927,256)",,"(649,645)","(1614,1050)",,,,,,,,,,,,,,,,,
231,,,,,,,,,"(1531,878)",,,,"(1416,669)",,,,,"(1352,312)",,,,,,,,"(928,249)",,"(649,645)","(1622,1059)",,,,,,,,,,,,,,,,,
232,,,,,,,,,"(1531,878)","(238,805)","(1333,780)",,"(1416,669)",,,,"(1322,443)","(1351,312)",,,,,,,,"(939,257)",,"(649,645)","(1621,1060)","(1535,841)",,,,,,,,,,,,,,,,
233,,,,,,,"(1523,944)",,"(1531,878)",,,,,,"(380,553)",,,,,,,,,,,"(930,249)",,"(649,645)","(1621,1059)",,,,,,,,,,,,,,,,,
234,,,,,,,"(1523,944)",,"(1531,878)",,,,,,,,,"(1354,316)",,,,,,,,"(942,257)",,"(649,645)","(1621,1059)",,,,,,,,,,,,,,,,,
235,,,,,,,"(1523,943)",,"(1530,878)",,,,,,,,,,,,,,,,,,,,"(1621,1059)",,,,,,,,,,,,,,,,,
236,,,,,,,"(1520,940)",,"(1531,878)",,"(1333,780)",,"(1416,669)",,,,"(1322,442)",,,,,,,,,,,,"(1621,1059)",,,,,,,,,,,,,,,,,
237,,,,,,,"(1520,940)",,,,,,,,,,,,,,,,,,,,,"(650,645)","(1621,1060)",,,,,,,,,,,,,,,,,
238,,,,,,,"(1520,940)",,"(1530,878)",,,,"(1416,669)",,,,"(1322,443)",,,,,,,,,"(954,252)",,"(649,645)","(1621,1061)","(1535,841)",,,,,,,,,,,,,,,,
239,,,,,,,"(1520,940)",,"(1530,878)",,"(1334,779)",,,,,,"(1322,443)",,,,,,,,,"(957,252)",,"(649,645)","(1621,1062)","(1535,841)",,,,,,,,,,,,,,,,
240,,,,,,,"(1520,940)",,"(1530,878)",,"(1333,779)",,,,,,,"(1353,316)",,,,,,,,,,"(650,645)","(1622,1062)","(1535,841)",,,,,,,,,,,,,,,,
241,,,,,,,"(1520,940)",,"(1535,841)",,,,"(1415,669)",,,,,"(1350,311)",,,,,,,,,,"(650,645)","(1622,1062)",,,,,,,,,,,,,,,,,
242,,,,,,,"(1520,940)",,"(1535,841)",,,,,,,,,,,,,,,,,,,"(650,645)","(1624,1066)","(1530,877)",,,,,,,,,,,,,,,,
243,,,,,,,"(1520,940)",,"(1530,878)",,"(1333,778)",,,,,,,,,,,,,,,,,"(650,645)","(1621,1067)",,,,,,,,,,,,,,,,,
244,,,,,,,"(1520,940)",,"(1530,877)",,,,"(1415,669)",,,,,,,,,,,,,,,"(650,645)","(1622,1066)",,,,,,,,,,,,,,,,,
245,,,,,,,"(1519,940)",,"(1530,877)",,,,,,,,"(1322,442)","(1350,311)",,,,,,,,"(963,250)",,"(650,645)","(1621,1078)","(1534,841)",,,,,,,,,,,,,,,,
246,,,,,,"(1321,955)","(1519,940)",,"(1530,877)",,"(1333,778)",,,,,,"(1322,442)","(1350,311)",,,,,,,,"(962,239)","(645,53)","(650,645)","(1616,1061)",,,,,,,,,,,,,,,,,
247,,,,,,"(1321,955)","(1519,940)",,"(1531,877)",,"(1333,778)",,,,,,"(1322,443)",,,,,,,,,"(957,246)","(645,53)","(650,645)","(1617,1051)",,,,,,,,,,,,,,,,,
248,,,,,,,"(1519,940)",,"(1530,877)",,,,"(1415,670)",,,,"(1322,443)","(1350,311)",,,,,,,,"(963,241)",,"(650,645)","(1613,1058)",,,,,,,,,,,,,,,,,
249,,,,,,"(1321,955)","(1520,940)",,"(1531,878)",,"(1333,778)",,"(1416,669)",,,,,,,,,,,,,"(962,239)","(647,53)","(650,645)","(1618,1059)",,,,,,,,,,,,,,,,,
250,,,,,,,"(1520,940)",,"(1530,877)",,"(1333,778)",,"(1416,669)",,,,"(1322,443)","(1350,311)",,,,,,,,,"(644,53)","(650,645)","(1618,1049)","(1535,841)",,,,,,,,,,,,,,,,
251,,,,,,"(1321,955)","(1520,940)",,"(1530,877)",,,,"(1416,669)",,,,"(1322,443)","(1350,311)",,,,,,,,,,"(650,645)","(1619,1048)","(1535,841)",,,,,,,,,,,,,,,,
252,,,,,,,"(1520,940)",,"(1531,877)",,,,"(1416,669)",,,,"(1322,443)","(1350,311)",,,,,,,,,,"(650,645)","(1616,1048)",,,,,,,,,,,,,,,,,
253,,,,,,,"(1520,940)",,"(1531,877)",,"(1332,778)",,"(1416,669)",,,,"(1322,442)","(1350,311)",,,,,,,,,,"(650,646)","(1614,1058)",,,,,,,,,,,,,,,,,
254,,,,,,,"(1520,940)",,"(1530,877)",,"(1331,777)",,"(1416,669)",,,,,,,,,,,,,,,"(650,645)","(1615,1047)","(1534,841)",,,,,,,,,,,,,,,,
255,,,,,,,"(1520,940)",,"(1530,877)",,,,,,,,,,,,,,,,,,,"(650,646)","(1617,1049)","(1534,841)","(981,242)",,,,,,,,,,,,,,,
256,,,,,,,"(1520,940)",,"(1530,877)",,"(1326,783)",,,,"(379,552)",,"(1322,443)",,,,,,,,,,,"(650,646)","(1617,1056)",,"(983,241)",,,,,,,,,,,,,,,
257,,,,,,,"(1520,940)",,"(1530,877)",,"(1325,782)",,"(1416,669)",,,,"(1322,442)",,,,,,,,,,"(645,53)","(651,646)","(1609,1049)","(1534,842)",,,,,,,,,,,,,,,,
258,,,,,,,"(1519,940)",,"(1530,877)","(238,805)","(1326,782)",,"(1416,669)",,,,"(1322,443)","(1349,311)",,,,,,,,,,"(651,646)",,"(1534,841)","(986,240)",,,,,,,,,,,,,,,
259,,,,,,,"(1519,940)",,"(1530,877)",,"(1326,782)",,"(1416,669)",,,,"(1322,443)",,,,,,,,,,,"(652,646)","(1606,1045)","(1534,841)","(988,240)",,,,,,,,,,,,,,,
260,,,,,,,"(1520,940)",,"(1530,877)",,"(1327,781)",,"(1416,669)",,,,"(1321,443)","(1349,311)",,,,,,,,,,,"(1609,1049)","(1533,841)","(990,238)",,,,,,,,,,,,,,,
261,,,,,,,"(1520,940)",,"(1527,876)",,"(1327,780)",,"(1416,669)",,,,"(1322,442)",,,,,,,,,,,"(652,646)","(1614,1050)","(1533,841)","(984,235)",,,,,,,,,,,,,,,
262,,,,,,,"(1520,940)",,"(1531,877)",,"(1327,782)",,"(1416,669)",,,,"(1322,442)","(1350,311)",,,,,,,,,,"(653,647)","(1615,1047)",,"(992,230)",,,,,,,,,,,,,,,
263,,,,,,,"(1520,940)",,"(1531,877)",,"(1327,780)",,"(1415,669)",,,,,"(1350,311)",,,,,,,,,,"(653,647)","(1615,1052)","(1533,841)","(995,233)",,,,,,,,,,,,,,,
264,,,,,,,"(1520,940)",,"(1531,877)",,"(1327,782)",,"(1415,669)",,,,,,,,,,,,,,,,"(1615,1052)",,"(987,226)",,,,,,,,,,,,,,,
265,,,,,,,"(1520,940)",,"(1531,877)",,"(1326,781)",,"(1415,669)",,,,,"(1350,311)",,,,,,,,,,,"(1612,1047)",,,,,,,,,,,,,,,,,
266,,,,,,,,,"(1531,877)",,"(1325,780)",,"(1415,669)",,,,,,,,,,,,,,,,,,,,,,,,,,,,,,,,,
267,,,,,,,,,"(1531,877)",,"(1324,781)",,"(1415,669)",,,,,,,,,,,,,,,,"(1615,1050)",,"(1009,231)",,,,,,,,,,,,,,,
268,,,,,,,,,"(1531,877)",,"(1326,781)",,"(1415,669)",,,,,,,,,,,,,,,,"(1615,1047)",,,,,,,,,,,,,,,,,
269,,,,,,,,,"(1531,877)",,"(1325,778)",,"(1415,669)",,,,,,,,,,,,,,,,,,,,,,,,,,,,,,,,,
270,,,,,,,,,,,"(1325,781)",,,,,,"(1322,443)","(1349,310)",,,,,,,,,,,,,,,,,,,,,,,,,,,,
271,,,,,,,"(1519,940)",,"(1531,877)",,"(1325,779)",,,,,,,,,,,,,,,,,,,,"(1031,216)",,,,,,,,,,,,,,,
272,,,,,,,"(1519,940)",,"(1531,877)",,"(1326,780)",,"(1415,669)",,,,,,,,,,,,,,,"(653,647)",,,,,,,,,,,,,,,,,,
273,,,,,,,"(1520,940)",,,,"(1324,779)",,"(1416,669)",,,,,,,,,,,,,,,,,,,,,,,,,,,,,,,,,
274,,,,,,,,,"(1530,877)",,"(1336,777)",,"(1416,669)",,,,,,,,,,,,,,,,,,,,,,,,,,,,,,,,,
275,,,,,,,,,,,"(1337,777)",,"(1416,669)",,,,,,,,,,,,,,,,,,,,,,,,,,,,,,,,,
276,,,,,,,,,,,"(1328,778)",,"(1416,669)",,,,,,,,,,,,,,,"(653,647)","(1613,1042)",,,,,,,,,,,,,,,,,
277,,,,,,,,,"(1531,877)",,"(1323,780)",,,,,,,,,,,,,,,,,"(653,647)","(1611,1043)",,,,,,,,,,,,,,,,,
278,,,,,,,"(1520,940)",,"(1531,877)",,"(1322,776)",,,,,,,,,,,,,,,,,,"(1617,1058)",,,,,,,,,,,,,,,,,
279,,,,,,,"(1520,940)",,"(1531,877)",,,,,,,,"(1322,443)",,,,,,,,,,,,"(1617,1057)",,,,,,,,,,,,,,,,,
280,,,,,,,,,"(1532,877)",,,,,,,,,,,,,,,,,,,,"(1629,1065)",,,,,,,,,,,,,,,,,
281,,,,,,,,,,,,,,,,,"(1321,442)",,,,,,,,,,,,"(1630,1064)",,,,,,,,,,,,,,,,,
282,,,,,,,,,,,,,,,,,,,,,,,,,,,,,,,,,,,,,,,,,,,,,,
283,,,,,,,,,"(1531,877)",,,,,,,,,,,,,,,,,,,,,,,,,,,,,,,,,,,,,
284,,,,,,,,,"(1531,877)",,,,"(1416,670)",,,,,,,,,,,,,,,,,,,,,,,,,,,,,,,,,
285,,,,,,,,,"(1531,877)",,"(1321,776)",,,,,,,,,,,,,,,,,,,,,,,,,,,,,,,,,,,
286,,,,,,,,,,,"(1321,778)",,"(1415,671)",,,,,,,,,,,,,,,,,,,,,,,,,,,,,,,,,
287,,,,,,,,,,,"(1322,776)",,,,,,,,,,,,,,,,,,,,,,,,,,,,,,,,,,,
288,,,,,,,,,,,"(1321,776)",,,,,,,,,,,,,,,,,,,,,,,,,,,,,,,,,,,
289,,,,,,,,,,,"(1321,777)",,,,,,,,,,,,,,,,,,,,,"(1351,768)",,,,,,,,,,,,,,
290,,,,,,,,,,,"(1321,775)",,,,,,,,,,,,,,,,,,,,,"(1347,769)",,,,,,,,,,,,,,
291,,,,,,,,,,,"(1321,775)",,,,,,,,,,,,,,,,,,,,,"(1351,769)",,,,,,,,,,,,,,
292,,,,,,,,,,,"(1319,776)",,,,,,,,,,,,,,,,,,,,,"(1349,770)","(1625,1071)",,,,,,,,,,,,,
293,,,,,,,,,,,"(1320,778)",,,,,,,,,,,,,,,,,,,,,"(1351,769)",,,,,,,,,,,,,,
294,,,,,,,,,,,,,,,,,,,,,,,,,,,,,,,,,,,,,,,,,,,,,,
295,,,,,,,,,,,,,,,,,,,,,,,,,,,,,,,,,,,,,,,,,,,,,,
296,,,,,,,,,,,,,,,,,,,,,,,,,,,,,,,"(1069,197)",,"(1626,1071)",,,,,,,,,,,,,
297,,,,,,,,,,,,,,,,,,,,,,,,,,,,,,,,,"(1626,1070)",,,,,,,,,,,,,
298,,,,,,,,,,,,,,,,,,,,,,,,,,,,,,,,,"(1625,1069)",,,,,,,,,,,,,
299,,,,,,,,,,,,,,,,,,,,,,,,,,,,,,,,,,,,,,,,,,,,,,
300,,,,,,,,,,,,,,,,,,,,,,,,,,,,,,,,,,,,,,,,,,,,,,
301,,,,,,,,,,,,,,,,,,,,,,,,,,,,,,,,,,,,,,,,,,,,,,
302,,,,,,,,,,,,,,,,,,,,,,,,,,,,,,,,,,,,,,,,,,,,,,
303,,,,,,,,,,,,,,,,,,,,,,,,,,,,,,,,,,"(1342,771)","(1317,779)",,,,,,,,,,,
304,,,,,,,,,,,,,,,,,,,,,,,,,,,,,,,,,,"(1343,771)","(1317,779)",,,,,,,,,,,
305,,,,,,,,,,,,,,,,,,,,,,,,,,,,,,,"(1076,191)",,,,,,,,,,,,,,,
306,,,,,,,,,,,,,,,,,,,,,,,,,,,,,,,,,,"(1347,771)","(1318,778)",,,,,,,,,,,
307,,,,,,,,,,,,,,,,,,,,,,,,,,,,,,,,,,"(1348,770)","(1311,779)",,,,,,,,,,,
308,,,,,,,,,,,,,,,,,,,,,,,,,,,,,,,,,,"(1350,771)","(1312,779)",,,,,,,,,,,
309,,,,,,,,,,,,,,,,,,,,,,,,,,,,,,,,,,"(1349,771)",,,,,,,,,,,,
310,,,,,,,,,,,,,,,,,,,,,,,,,,,,,,,"(1081,199)",,,"(1348,770)",,,,,,,,,,,,
311,,,,,,,,,,,,,,,,,,,,,,,,,,,,,,,"(1080,201)",,,,,,,,,,,,,,,
312,,,,,,,,,,,,,,,,,,,,,,,,,,,,,,,,,,,,,,,,,,,,,,
313,,,,,,,,,,,,,,,,,,,,,,,,,,,,,,,,,,,,,,,,,,,,,,
314,,,,,,,,,,,,,,,,,,,,,,,,,,,,,,,,,,,,,,,,,,,,,,
315,,,,,,,,,,,,,,,,,,,,,,,,,,,,,,,,,,,,,,,,,,,,,,
316,,,,,,,,,,,,,,,,,,,,,,,,,,,,,,,,,,,,,,,,,,,,,,
317,,,,,,,,,,,,,,,,,,,,,,,,,,,,,,,,,,,,"(1084,186)",,,,,,,,,,
318,,,,,,,,,,,,,,,,,,,,,,,,,,,,,,,,,,,,"(1086,180)",,,,,,,,,,
319,,,,,,,,,,,,,,,,,,,,,,,,,,,,,,,,,,,,"(1086,180)",,,,,,,,,,
320,,,,,,,,,,,,,,,,,,,,,,,,,,,,,,,,,,,,"(1077,183)",,,,,,,,,,
321,,,,,,,,,,,,,,,,,,,,,,,,,,,,,,,,,,,,"(1088,179)",,,,,,,,,,
322,,,,,,,,,,,,,,,,,,,,,,,,,,,,,,,,,,,,"(1090,178)",,,,,,,,,,
323,,,,,,,,,,,,,,,,,,,,,,,,,,,,,,,,,,,,"(1085,178)",,,,,,,,,,
324,,,,,,,,,,,,,,,,,,,,,,,,,,,,,,,,,,,,"(1091,179)",,,,,,,,,,
325,,,,,,,,,,,,,,,,,,,,,,,,,,,,,,,,,,,,"(1092,180)",,,,,,,,,,
326,,,,,,,,,,,,,,,,,,,,,,,,,,,,,,,,,,,,"(1092,176)",,,,,,,,,,
327,,,,,,,,,,,,,,,,,,,,,,,,,,,,,,,,,,,,"(1092,176)",,,,,,,,,,
328,,,,,,,,,,,,,,,,,,,,,,,,,,,,,,,,,,,,"(1095,177)",,,,,,,,,,
329,,,,,,,,,,,,,,,,,,,,,,,,,,,,,,,,,,,,"(1095,177)",,,,,,,,,,
330,,,,,,,,,,,,,,,,,,,,,,,,,,,,,,,,,,,,"(1095,175)",,,,,,,,,,
331,,,,,,,,,,,,,,,,,,,,,,,,,,,,,,,,,,,"(1307,790)","(1096,174)",,,,,,,,,,
332,,,,,,,,,,,,,,,,,,,,,,,,,,,,,,,,,,,,"(1098,177)",,,,,,,,,,
333,,,,,,,,,,,,,,,,,,,,,,,,,,,,,,,,,,,"(1307,790)","(1096,176)",,,,,,,,,,
334,,,,,,,,,,,,,,,,,,,,,,,,,,,,,,,,,,,,"(1097,177)",,,,,,,,,,
335,,,,,,,,,,,,,,,,,,,,,,,,,,,,,,,,,,,"(1309,788)","(1104,175)",,,,,,,,,,
336,,,,,,,,,,,,,,,,,,,,,,,,,,,,,,,,,,,"(1306,791)",,,,,,,,,,,
337,,,,,,,,,,,,,,,,,,,,,,,,,,,,,,,,,,,,"(1102,194)",,,,,,,,,,
338,,,,,,,,,,,,,,,,,,,,,,,,,,,,,,,,,,,,"(1103,194)",,,,,,,,,,
339,,,,,,,,,,,,,,,,,,,,,,,,,,,,,,,,,,,,,,,,,,,,,,
340,,,,,,,,,,,,,,,,,,,,,,,,,,,,,,,,,,,,,,,,,,,,,,
341,,,,,,,,,,,,,,,,,,,,,,,,,,,,,,,,,,,,,,,,,,,,,,
342,,,,,,,,,,,,,,,,,,,,,,,,,,,,,,,,,,,,,,,,,,,,,,
343,,,,,,,,,,,,,,,,,,,,,,,,,,,,,,,,,,,,,,,,,,,,,,
344,,,,,,,,,,,,,,,,,,,,,,,,,,,,,,,,,,,"(1308,792)",,,,,,,,,,,
345,,,,,,,,,,,,,,,,,,,,,,,,,,,,,,,,,,,,,,,,,,,,,,
346,,,,,,,,,,,,,,,,,,,,,,,,,,,,,,,,,,"(1310,792)",,,,,,,,,,,,
347,,,,,,,,,,,,,,,,,,,,,,,,,,,,,,,,,,"(1310,795)",,,,,,,,,,,,
348,,,,,,,,,,,,,,,,,,,,,,,,,,,,,,,,,,,,,,,,,,,,,,
349,,,,,,,,,,,,,,,,,,,,,,,,,,,,,,,,,,,,,,,,,,,,,,
350,,,,,,,,,,,,,,,,,,,,,,,,,,,,,,,,,,,,,,,,,,,,,,
351,,,,,,,,,,,,,,,,,,,,,,,,,,,,,,,,,,,,,,,,,,,,,,
352,,,,,,,,,,,,,,,,,,,,,,,,,,,,,,,,,,,,,,,,,,,,,,
353,,,,,,,,,,,,,,,,,,,,,,,,,,,,,,,,,"(1617,1050)",,,,"(1312,794)",,,,,,,,,
354,,,,,,,,,,,,,,,,,,,,,,,,,,,,,,,,,,,,,"(1312,799)",,,,,,,,,
355,,,,,,,,,,,,,,,,,,,,,,,,,,,,,,,,,,,,,"(1312,796)",,,,,,,,,
356,,,,,,,,,,,,,,,,,,,,,,,,,,,,,,,,,,,,,"(1313,797)",,,,,,,,,
357,,,,,,,,,,,,,,,,,,,,,,,,,,,,,,,,,,,,,"(1313,796)",,,,,,,,,
358,,,,,,,,,,,,,,,,,,,,,,,,,,,,,,,,,,,,,"(1316,796)",,,,,,,,,
359,,,,,,,,,,,,,,,,,,,,,,,,,,,,,,,,,,,,,"(1313,797)",,,,,,,,,
360,,,,,,,,,,,,,,,,,,,,,,,,,,,,,,,,,,,,,"(1313,798)",,,,,,,,,
361,,,,,,,,,,,,,,,,,,,,,,,,,,,,,,,,,,,,,"(1312,797)",,,,,,,,,
362,,,,,,,,,,,,,,,,,,,,,,,,,,,,,,,,,,,,,"(1314,799)",,,,,,,,,
363,,,,,,,,,,,,,,,,,,,,,,,,,,,,,,,,,,,,,"(1313,799)",,,,,,,,,
364,,,,,,,,,,,,,,,,,,,,,,,,,,,,,,,,,,,,,"(1312,800)",,,,,,,,,
365,,,,,,,,,,,,,,,,,,,,,,,,,,,,,,,,,,,,,"(1313,800)",,,,,,,,,
366,,,,,,,,,,,,,,,,,,,,,,,,,,,,,,,,,,,,,"(1314,800)",,,,,,,,,
367,,,,,,,,,,,,,,,,,,,,,,,,,,,,,,,,,,,,,"(1319,797)",,,,,,,,,
368,,,,,,,,,,,,,,,,,,,,,,,,,,,,,,,,,,,,,"(1317,798)",,,,,,,,,
369,,,,,,,,,,,,,,,,,,,,,,,,,,,,,,,,,,,,,"(1319,797)",,,,,,,,,
370,,,,,,,,,,,,,,,,,,,,,,,,,,,,,,,,,,,,,"(1319,799)",,,,,,,,,
371,,,,,,,,,,,,,,,,,,,,,,,,,,,,,,,,,,,,,"(1313,800)",,,,,,,,,
372,,,,,,,,,,,,,,,,,,,,,,,,,,,,,,,,,,,,,"(1319,803)",,,,,,,,,
373,,,,,,,,,,,,,,,,,,,,,,,,,,,,,,,,,,,,,"(1320,800)",,,,,,,,,
374,,,,,,,,,,,,,,,,,,,,,,,,,,,,,,,,,,,,,"(1321,804)",,,,,,,,,
375,,,,,,,,,,,,,,,,,,,,,,,,,,,,,,,,,,,,,"(1320,802)",,,,,,,,,
376,,,,,,,,,,,,,,,,,,,,,,,,,,,,,,,,,,,,,"(1320,804)",,,,,,,,,
377,,,,,,,,,,,,,,,,,,,,,,,,,,,,,,,,,,,,,"(1320,804)",,,,,,,,,
378,,,,,,,,,,,,,,,,,,,,,,,,,,,,,,,,,,,,,"(1319,804)",,,,,,,,,
379,,,,,,,,,,,,,,,,,,,,,,,,,,,,,,,,,,,,,"(1319,805)","(1121,164)",,,,,,,,
380,,,,,,,,,,,,,,,,,,,,,,,,,,,,,,,,,,,,,"(1319,805)","(1133,162)",,,,,,,,
381,,,,,,,,,,,,,,,,,,,,,,,,,,,,,,,,,,,,,"(1322,806)","(1134,162)",,,,,,,,
382,,,,,,,,,,,,,,,,,,,,,,,,,,,,,,,,,,,,,"(1322,806)","(1134,162)",,,,,,,,
383,,,,,,,,,,,,,,,,,,,,,,,,,,,,,,,,,,,,,"(1324,807)","(1124,166)",,,,,,,,
384,,,,,,,,,,,,,,,,,,,,,,,,,,,,,,,,,,,,,"(1323,807)","(1136,165)",,,,,,,,
385,,,,,,,,,,,,,,,,,,,,,,,,,,,,,,,,,,,,,"(1322,807)","(1137,165)",,,,,,,,
386,,,,,,,,,,,,,,,,,,,,,,,,,,,,,,,,,,,,,"(1324,808)","(1138,165)",,,,,,,,
387,,,,,,,,,,,,,,,,,,,,,,,,,,,,,,,,,,,,,"(1322,809)","(1137,170)",,,,,,,,
388,,,,,,,,,,,,,,,,,,,,,,,,,,,,,,,,,,,,,"(1325,808)","(1137,166)",,,,,,,,
389,,,,,,,,,,,,,,,,,,,,,,,,,,,,,,,,,,,,,"(1323,809)","(1139,167)",,,,,,,,
390,,,,,,,,,,,,,,,,,,,,,,,,,,,,,,,,,,,,,"(1323,808)","(1141,166)",,,,,,,,
391,,,,,,,,,,,,,,,,,,,,,,,,,,,,,,,,,,,,,"(1324,810)","(1135,168)",,,,,,,,
392,,,,,,,,,,,,,,,,,,,,,,,,,,,,,,,,,,,,,"(1324,810)","(1142,167)",,,,,,,,
393,,,,,,,,,,,,,,,,,,,,,,,,,,,,,,,,,,,,,"(1322,809)","(1140,169)",,,,,,,,
394,,,,,,,,,,,,,,,,,,,,,,,,,,,,,,,,,,,,,"(1323,809)","(1142,175)",,,,,,,,
395,,,,,,,,,,,,,,,,,,,,,,,,,,,,,,,,,,,,,"(1324,810)","(1142,180)",,,,,,,,
396,,,,,,,,,,,,,,,,,,,,,,,,,,,,,,,,,,,,,"(1323,811)",,,,,,,,,
397,,,,,,,,,,,,,,,,,,,,,,,,,,,,,,,,,,,,,"(1323,810)","(1145,183)",,,,,,,,
398,,,,,,,,,,,,,,,,,,,,,,,,,,,,,,,,,,,,,"(1324,811)","(1146,183)",,,,,,,,
399,,,,,,,,,,,,,,,,,,,,,,,,,,,,,,,,,,,,,"(1323,811)","(1145,179)",,,,,,,,
400,,,,,,,,,,,,,,,,,,,,,,,,,,,,,,,,,,,,,"(1324,811)","(1143,181)",,,,,,,,
401,,,,,,,,,,,,,,,,,,,,,,,,,,,,,,,,,,,,,"(1324,810)","(1147,183)",,,,,,,,
402,,,,,,,,,,,,,,,,,,,,,,,,,,,,,,,,,,,,,"(1324,812)",,,,,,,,,
403,,,,,,,,,,,,,,,,,,,,,,,,,,,,,,,,,,,,,"(1324,811)",,,,,,,,,
404,,,,,,,,,,,,,,,,,,,,,,,,,,,,,,,,,,,,,"(1325,812)","(1148,180)",,,,,,,,
405,,,,,,,,,,,,,,,,,,,,,,,,,,,,,,,,,,,,,"(1323,812)",,,,,,,,,
406,,,,,,,,,,,,,,,,,,,,,,,,,,,,,,,,,,,,,"(1323,810)",,,,,,,,,
407,,,,,,,,,,,,,,,,,,,,,,,,,,,,,,,,,,,,,"(1323,811)",,,,,,,,,
408,,,,,,,,,,,,,,,,,,,,,,,,,,,,,,,,,,,,,"(1323,811)","(1151,183)",,,,,,,,
409,,,,,,,,,,,,,,,,,,,,,,,,,,,,,,,,,,,,,"(1325,813)",,,,,,,,,
410,,,,,,,,,,,,,,,,,,,,,,,,,,,,,,,,,,,,,"(1324,813)",,,,,,,,,
411,,,,,,,,,,,,,,,,,,,,,,,,,,,,,,,,,,,,,"(1323,813)",,,,,,,,,
412,,,,,,,,,,,,,,,,,,,,,,,,,,,,,,,,,,,,,"(1324,813)","(1162,179)",,,,,,,,
413,,,,,,,,,,,,,,,,,,,,,,,,,,,,,,,,,,,,,"(1323,813)",,,,,,,,,
414,,,,,,,,,,,,,,,,,,,,,,,,,,,,,,,,,,,,,"(1323,814)",,,,,,,,,
415,,,,,,,,,,,,,,,,,,,,,,,,,,,,,,,,,,,,,,,,,,,,,,
416,,,,,,,,,,,,,,,,,,,,,,,,,,,,,,,,,,,,,,,,,,,,,,
417,,,,,,,,,,,,,,,,,,,,,,,,,,,,,,,,,,,,,,,,,,,,,,
418,,,,,,,,,,,,,,,,,,,,,,,,,,,,,,,,,,,,,,"(1158,174)",,,,,,,,
419,,,,,,,,,,,,,,,,,,,,,,,,,,,,,,,,,,,,,,"(1159,160)",,,,,,,,
420,,,,,,,,,,,,,,,,,,,,,,,,,,,,,,,,,,,,,,,,,,,,,,
421,,,,,,,,,,,,,,,,,,,,,,,,,,,,,,,,,,,,,,,,,,,,,,
422,,,,,,,,,,,,,,,,,,,,,,,,,,,,,,,,,,,,,,,,,,,,,,
423,,,,,,,,,,,,,,,,,,,,,,,,,,,,,,,,,,,,,,,,,,,,,,
424,,,,,,,,,,,,,,,,,,,,,,,,,,,,,,,,,,,,,,,,,,,,,,
425,,,,,,,,,,,,,,,,,,,,,,,,,,,,,,,,,,,,,,,,,,,,,,
426,,,,,,,,,,,,,,,,,,,,,,,,,,,,,,,,,,,,,,,,,,,,,,
427,,,,,,,,,,,,,,,,,,,,,,,,,,,,,,,,,,,,,,,,,,,,,,
428,,,,,,,,,,,,,,,,,,,,,,,,,,,,,,,,,,,,,,,,,,,,,,
429,,,,,,,,,,,,,,,,,,,,,,,,,,,,,,,,,,,,,,,,,,,,,,
430,,,,,,,,,,,,,,,,,,,,,,,,,,,,,,,,,,,,,,,,,,,,,,
431,,,,,,,,,,,,,,,,,,,,,,,,,,,,,,,,,,,,,,,,,,,,,,
432,,,,,,,,,,,,,,,,,,,,,,,,,,,,,,,,,,,,,,,,,,,,,,
433,,,,,,,,,,,,,,,,,,,,,,,,,,,,,,,,,,,,,,,,,,,,,,
434,,,,,,,,,,,,,,,,,,,,,,,,,,,,,,,,,,,,,,,,,,,,,,
435,,,,,,,,,,,,,,,,,,,,,,,,,,,,,,,,,,,,,,,,,,,,,,
436,,,,,,,,,,,,,,,,,,,,,,,,,,,,"(667,652)",,,,,,,,,,,,,,,,,,
437,,,,,,,,,,,,,,,,,,,,,,,,,,,,"(670,653)",,,,,"(1626,1068)",,,,,,,,,,,,,
438,,,,,,,,,,,,,,,,,,,,,,,,,,,,,,,,,,,,,,,,,,,,,,
439,,,,,,,,,,,,,,,,,,,,,,,,,,,,,,,,,,,,,,,,,,,,,,
440,,,,,,,,,,,,,,,,,,,,,,,,,,,,,,,,,,,,,,,,,,,,,,
441,,,,,,,,,,,,,,,,,,,,,,,,,,,,,,,,,,,,,,,,,,,,,,
442,,,,,,,,,,,,,,,,,,,,,,,,,,,,,,,,,,,,,,,,,,,,,,
443,,,,,,,,,,,,,,,,,,,,,,,,,,,,,,,,,,,,,,,"(675,652)",,,,,,,
444,,,,,,,,,,,,,,,,,,,,,,,,,,,,,,,,,,,,,,,"(675,653)",,,,,,,
445,,,,,,,,,,,,,,,,,,,,,,,,,,,,,,,,,,,,,,,"(675,653)",,,,,,,
446,,,,,,,,,,,,,,,,,,,,,,,,,,,,,,,,,,,,,,,"(675,653)",,,,,,,
447,,,,,,,,,,,,,,,,,,,,,,,,,,,,,,,,,,,,,,,,,,,,,,
448,,,,,,,,,,,,,,,,,,,,,,,,,,,,,,,,,,,,,,,,,,,,,,
449,,,,,,,,,,,,,,,,,,,,,,,,,,,,,,,,,,,,,,,,,,,,,,
450,,,,,,,,,,,,,,,,,,,,,,,,,,,,,,,,,,,,,,,,,,,,,,
451,,,,,,,,,,,,,,,,,,,,,,,,,,,,,,,,,,,,,,,,,,,,,,
452,,,,,,,,,,,,,,,,,,,,,,,,,,,,,,,,,,,,,,,,,,,,,,
453,,,,,,,,,,,,,,,,,,,,,,,,,,,,,,,,,,,,,,,,,,,,,,
454,,,,,,,,,,,,,,,,,,,,,,,,,,,,,,,,,,,,,,,,,,,,,,
455,,,,,,,,,,,,,,,,,,,,,,,,,,,,,,,,,,,,,,,,,,,,,,
456,,,,,,,,,,,,,,,,,,,,,,,,,,,,,,,,,,,,,,,,,,,,,,
457,,,,,,,,,,,,,,,,,,,,,,,,,,,,,,,,,,,,,,,,,,,,,,
458,,,,,,,,,,,,,,,,,,,,,,,,,,,,,,,,,,,,,,,,,,,,,,
459,,,,,,,,,,,,,,,,,,,,,,,,,,,,,,,,,,,,,,,,,,,,,,
460,,,,,,,,,,,,,,,,,,,,,,,,,,,,,,,,,,,,,,,,,,,,,,
461,,,,,,,,,,,,,,,,,,,,,,,,,,,,,,,,,,,,,,,,,,,,,,
462,,,,,,,,,,,,,,,,,,,,,,,,,,,,,,,,,,,,,,,,,,,,,,
463,,,,,,,,,,,,,"(1413,671)",,,,,,,,,,,,,,,,,,,,,,,,,,,,,,,,,
464,,,,,,,,,,,,,,,,,,,,,,,,,,,,,,,,,,,,,,,,,,,,,,
465,,,,,,,,,,,,,,,,,,,,,,,,,,,,,,,,,,,,,,,,"(1229,179)",,,,,,
466,,,,,,,,,,,,,,,,,,,,,,,,,,,,,,,,,,,,,,,,,,,,,,
467,,,,,,,,,,,,,,,,,,,,,,,,,,,,,,,,,,,,,,,,,,,,,,
468,,,,,,,,,,,,,,,,,,,,,,,,,,,,,,,,,,,,,,,,,,,,,,
469,,,,,,,,,,,,,,,,,,,,,,,,,,,,,,,,,,,,,,,,,,,,,,
470,,,,,,,,,,,,,,,,,,,,,,,,,,,,,,,,,,,,,,,,,,,,,,
471,,,,,,,,,,,,,,,,,,,,,,,,,,,,,,,,,,,,,,,,,,,,,,
472,,,,,,,,,,,,,,,,,,,,,,,,,,,,,,,,,,,,,,,,,,,,,,
473,,,,,,,,,,,,,,,,,,,,,,,,,,,,,,,,,,,,,,,,,,,,,,
474,,,,,,,,,,,,,,,,,,,,,,,,,,,,,,,,,,,,,,,,,,,,,,
475,,,,,,,,,,,,,,,,,,,,,,,,,,,,,,,,,,,,,,,,,,,,,,
476,,,,,,,,,,,,,,,,,,,,,,,,,,,,,,,,,,,,,,,,,,,,,,
477,,,,,,,,,,,,,,,,,,,,,,,,,,,,,,,,,,,,,,,,,,,,,,
478,,,,,,,,,,,,,,,,,,,,,,,,,,,,,,,,,,,,,,,,,,,,,,
479,,,,,,,,,,,,,,,,,,,,,,,,,,,,,,,,,,,,,,,,,,,,,,
480,,,,,,,,,,,,,,,,,,,,,,,,,,,,,,,,,,,,,,,,,"(1578,1094)",,,,,
481,,,,,,,,,,,,,,,,,,,,,,,,,,,,,,,,,,,,,,,,,"(1578,1094)",,,,,
482,,,,,,,,,,,,,,,,,,,,,,,,,,,,,,,,,,,,,,,,,"(1581,1094)",,,,,
483,,,,,,,,,,,,,,,,,,,,,,,,,,,,,,,,,,,,,,,,,"(1581,1094)",,,,,
484,,,,,,,,,,,,,,,,,,,,,,,,,,,,,,,,,,,,,,,,,,,,,,
485,,,,,,,,,,,,,,,,,,,,,,,,,,,,,,,,,,,,,,,,,,,,,,
486,,,,,,,,,,,,,,,,,,,,,,,,,,,,,,,,,,,,,,,,,,,,,,
487,,,,,,,,,,,,,,,,,,,,,,,,,,,,,,,,,,,,,,,,,,,,,,
488,,,,,,,,,,,,,,,,,,,,,,,,,,,,,,,,,,,,,,,,,,,,,,
489,,,,,,,,,,,,,,,,,,,,,,,,,,,,,,,,,,,,,,,,,,,,,,
490,,,,,,,,,,,,,,,,,,,,,,,,,,,,,,,,,,,,,,,,,,"(1281,163)",,,,
491,,,,,,,,,,,,,,,,,,,,,,,,,,,,,,,,,,,,,,,,,,,,,,
492,,,,,,,,,,,,,,,,,,,,,,,,,,,,,,,,,,,,,,,,,,,,,,
493,,,,,,,,,,,,,,,,,,,,,,,,,,,,,,,,,,,,,,,,,,,,,,
494,,,,,,,,,,,,,,,,,,,,,,,,,,,,,,,,,,,,,,,,,,,,,,
495,,,,,,,,,,,,,,,,,,,,,,,,,,,,,,,,,,,,,,,,,,,,,,
496,,,,,,,,,,,,,,,,,,,,,,,,,,,,,,,,,,,,,,,,,,,,,,
497,,,,,,,,,,,,,,,,,,,,,,,,,,,,,,,,,,,,,,,,,,,,,,
498,,,,,,,,,,,,,,,,,,,,,,,,,,,,,,,,,,,,,,,,,,,,,,
499,,,,,,,,,,,,,,,,,,,,,,,,,,,,,,,,,,,,,,,,,,,,,,
500,,,,,,,,,,,,,,,,,,,,,,,,,,,,,,,,,,,,,,,,,,,,,,
501,,,,,,,,,,,,,,,,,,,,,,,,,,,,,,,,,,,,,,,,,,,,,,
502,,,,,,,,,,,,,,,,,,,,,,,,,,,,,,,,,,,,,,,,,,,"(1298,154)",,,
503,,,,,,,,,,,,,,,,,,,,,,,,,,,,,,,,,,,,,,,,,,,"(1300,152)",,,
504,,,,,,,,,,,,,,,,,,,,,,,,,,,,,,,,,,,,,,,,,,,"(1301,154)",,,
505,,,,,,,,,,,,,,,,,,,,,,,,,,,,,,,,,,,,,,,,,,,"(1302,160)",,,
506,,,,,,,,,,,,,,,,,,,,,,,,,,,,,,,,,,,,,,,,,,,"(1303,159)",,,
507,,,,,,,,,,,,,,,,,,,,,,,,,,,,,,,,,,,,,,,,,,,"(1305,152)",,,
508,,,,,,,,,,,,,,,,,,,,,,,,,,,,,,,,,,,,,,,,,"(1568,1055)",,"(1308,154)",,,
509,,,,,,,,,,,,,,,,,,,,,,,,,,,,,,,,,,,,,,,,,,,"(1308,155)",,,
510,,,,,,,,,,,,,,,,,,,,,,,,,,,,,,,,,,,,,,,,,,,,,,
511,,,,,,,,,,,,,,,,,,,,,,,,,,,,,,,,,,,,,,,,,,,,,,
512,,,,,,,,,,,,,,,,,,,,,,,,,,,,,,,,,,,,,,,,,,,,,,
513,,,,,,,,,,,,,,,,,,,,,,,,,,,,,,,,,,,,,,,,,,,,,,
514,,,,,,,,,,,,,,,,,,,,,,,,,,,,,,,,,,,,,,,,,,,,,,
515,,,,,,,,,,,,,,,,,,,,,,,,,,,,,,,,,,,,,,,,,,,,,,
516,,,,,,,,,,,,,,,,,,,,,,,,,,,,,,,,,,,,,,,,,,,,,,
517,,,,,,,,,,,,,,,,,,,,,,,,,,,,,,,,,,,,,,,,,,,,,,
518,,,,,,,,,,,,,,,,,,,,,,,,,,,,,,,,,,,,,,,,,,,,,,
519,,,,,,,,,,,,,,,,,,,,,,,,,,,,,,,,,,,,,,,,,,,,,,
520,,,,,,,,,,,,,,,,,,,,,,,,,,,,,,,,,,,,,,,,,"(1559,1061)",,,,,
521,,,,,,,,,,,,,,,,,,,,,,,,,,,,,,,,,,,,,,,,,"(1561,1059)",,,,,
522,,,,,,,,,,,,,,,,,,,,,,,,,,,,,,,,,,,,,,,,,"(1562,1056)",,,,,
523,,,,,,,,,,,,,,,,,,,,,,,,,,,,,,,,,,,,,,,,,"(1561,1060)",,,,,
524,,,,,,,,,,,,,,,,,,,,,,,,,,,,,,,,,,,,,,,,,"(1561,1061)",,,,,
525,,,,,,,,,,,,,,,,,,,,,,,,,,,,,,,,,,,,,,,,,,,,,,
526,,,,,,,,,,,,,,,,,,,,,,,,,,,,,,,,,,,,,,,,,,,,,,
527,,,,,,,,,,,,,,,,,,,,,,,,,,,,,,,,,,,,,,,,,,,,,,
528,,,,,,,,,,,,,,,,,,,,,,,,,,,,,,,,,,,,,,,,,,,,,,
529,,,,,,,,,,,,,,,,,,,,,,,,,,,,,,,,,,,,,,,,,,,,,,
530,,,,,,,,,,,,,,,,,,,,,,,,,,,,,,,,,,,,,,,,,,,,,,
531,,,,,,,,,,,,,,,,,,,,,,,,,,,,,,,,,,,,,,,,,,,,,,
532,,,,,,,,,,,,,,,,,,,,,,,,,,,,,,,,,,,,,,,,,,,,,,
533,,,,,,,,,,,,,,,,,,,,,,,,,,,,,,,,,,,,,,,,,,,,,,
534,,,,,,,,,,,,,,,,,,,,,,,,,,,,,,,,,,,,,,,,,,,,,,
535,,,,,,,,,,,,,,,,,,,,,,,,,,,,,,,,,,,,,,,,,,,,,,
536,,,,,,,,,,,,,,,,,,,,,,,,,,,,,,,,,,,,,,,,,,,,,,
537,,,,,,,,,,,,,,,,,,,,,,,,,,,,,,,,,,,,,,,,,,,,,,
538,,,,,,,,,,,,,,,,,,,,,,,,,,,,,,,,,,,,,,,,,,,,,,
539,,,,,,,,,,,,,,,,,,,,,,,,,,,,,,,,,,,,,,,,,,,,,,
540,,,,,,,,,,,,,,,,,,,,,,,,,,,,,,,,,,,,,,,,,,,,,,
541,,,,,,,,,,,,,,,,,,,,,,,,,,,,,,,,,,,,,,,,,,,,,,
542,,,,,,,,,,,,,,,,,,,,,,,,,,,,,,,,,,,,,,,,,,,,,,
543,,,,,,,,,,,,,,,,,,,,,,,,,,,,,,,,,,,,,,,,,,,,,,
544,,,,,,,,,,,,,,,,,,,,,,,,,,,,,,,,,,,,,,,,,,,,,,
545,,,,,,,,,,,,,,,,,,,,,,,,,,,,,,,,,,,,,,,,,,,,,,
546,,,,,,,,,,,,,,,,,,,,,,,,,,,,,,,,,,,,,,,,,,,,,,
547,,,,,,,,,,,,,,,,,,,,,,,,,,,,,,,,,,,,,,,,,,,,,,
548,,,,,,,,,,,,,,,,,,,,,,,,,,,,,,,,,,,,,,,,,,,,,,
549,,,,,,,,,,,,,,,,,,,,,,,,,,,,,,,,,,,,,,,,,,,,,,
550,,,,,,,,,,,,,,,,,,,,,,,,,,,,,,,,,,,,,,,,,,,,,,
551,,,,,,,,,,,,,,,,,,,,,,,,,,,,,,,,,,,,,,,,,,,,,,
552,,,,,,,,,,,,,,,,,,,,,,,,,,,,,,,,,,,,,,,,,,,,,,
553,,,,,,,,,,,,,,,,,,,,,,,,,,,,,,,,,,,,,,,,,,,,,,
554,,,,,,,,,,,,,,,,,,,,,,,,,,,,,,,,,,,,,,,,,,,,,,
555,,,,,,,,,,,,,,,,,,,,,,,,,,,,,,,,,,,,,,,,,,,,,,
556,,,,,,,,,,,,,,,,,,,,,,,,,,,,,,,,,,,,,,,,,,,,"(1349,149)",,
557,,,,,,,,,,,,,,,,,,,,,,,,,,,,,,,,,,,,,,,,,,,,,,
558,,,,,,,,,,,,,,,,,,,,,,,,,,,,,,,,,,,,,,,,,,,,,,
559,,,,,,,,,,,,,,,,,,,,,,,,,,,,,,,,,,,,,,,,,,,,,,
560,,,,,,,,,,,,,,,,,,,,,,,,,,,,,,,,,,,,,,,,,,,,,,
561,,,,,,,,,,,,,,,,,,,,,,,,,,,,,,,,,,,,,,,,,,,,,,
562,,,,,,,,,,,,,,,,,,,,,,,,,,,,,,,,,,,,,,,,,,,,,,
563,,,,,,,,,,,,,,,,,,,,,,,,,,,,,,,,,,,,,,,,,,,,,,
564,,,,,,,,,,,,,,,,,,,,,,,,,,,,,,,,,,,,,,,,,,,,,,
565,,,,,,,,,,,,,,,,,,,,,,,,,,,,,,,,,,,,,,,,,,,,,,
566,,,,,,,,,,,,,,,,,,,,,,,,,,,,,,,,,,,,,,,,,,,,,,
567,,,,,,,,,,,,,,,,,,,,,,,,,,,,,,,,,,,,,,,,,,,,,,
568,,,,,,,,,,,,,,,,,,,,,,,,,,,,,,,,,,,,,,,,,,,,,,
569,,,,,,,,,,,,,,,,,,,,,,,,,,,,,,,,,,,,,,,,,,,,,,
570,,,,,,,,,,,,,,,,,,,,,,,,,,,,,,,,,,,,,,,,,,,,,,
571,,,,,,,,,,,,,,,,,,,,,,,,,,,,,,,,,,,,,,,,,,,,,,
572,,,,,,,,,,,,,,,,,,,,,,,,,,,,,,,,,,,,,,,,,,,,,,
573,,,,,,,,,,,,,,,,,,,,,,,,,,,,,,,,,,,,,,,,,,,,,,
574,,,,,,,,,,,,,,,,,,,,,,,,,,,,,,,,,,,,,,,,,,,,,,
575,,,,,,,,,,,,,,,,,,,,,,,,,,,,,,,,,,,,,,,,,,,,,,
576,,,,,,,,,,,,,,,,,,,,,,,,,,,,,,,,,,,,,,,,,,,,,,
577,,,,,,,,,,,,,,,,,,,,,,,,,,,,,,,,,,,,,,,,,,,,,,
578,,,,,,,,,,,,,,,,,,,,,,,,,,,,,,,,,,,,,,,,,,,,,,
579,,,,,,,,,,,,,,,,,,,,,,,,,,,,,,,,,,,,,,,,,,,,,,
580,,,,,,,,,,,,,,,,,,,,,,,,,,,,,,,,,,,,,,,,,,,,,,
581,,,,,,,,,,,,,,,,,,,,,,,,,,,,,,,,,,,,,,,,,,,,,,
582,,,,,,,,,,,,,,,,,,,,,,,,,,,,,,,,,,,,,,,,,,,,,,
583,,,,,,,,,,,,,,,,,,,,,,,,,,,,,,,,,,,,,,,,,,,,,,
584,,,,,,,,,,,,,,,,,,,,,,,,,,,,,,,,,,,,,,,,,,,,,,
585,,,,,,,,,,,,,,,,,,,,,,,,,,,,,,,,,,,,,,,,,,,,,,
586,,,,,,,,,,,,,,,,,,,,,,,,,,,,,,,,,,,,,,,,,,,,,,
587,,,,,,,,,,,,,,,,,,,,,,,,,,,,,,,,,,,,,,,,,,,,,,
588,,,,,,,,,,,,,,,,,,,,,,,,,,,,,,,,,,,,,,,,,,,,,,
589,,,,,,,,,,,,,,,,,,,,,,,,,,,,,,,,,,,,,,,,,,,,,,
590,,,,,,,,,,,,,,,,,,,,,,,,,,,,,,,,,,,,,,,,,,,,,,
591,,,,,,,,,,,,,,,,,,,,,,,,,,,,,,,,,,,,,,,,,,,,,"(1404,168)",
592,,,,,,,,,,,,,,,,,,,,,,,,,,,,,,,,,,,,,,,,,,,,,,
593,,,,,,,,,,,,,,,,,,,,,,,,,,,,,,,,,,,,,,,,,,,,,,"(1310,765)"
594,,,,,,,,,,,,,,,,,,,,,,,,,,,,,,,,,,,,,,,,,,,,,,
595,,,,,,,,,,,,,,,,,,,,,,,,,,,,,,,,,,,,,,,,,,,,,,
