frame,ID_0,ID_1,ID_2,ID_3,ID_4,ID_5,ID_6
1,,,,,,,
2,,,,,,,
3,,,,,,,
4,,,,,,,
5,(545!656),(36!477),(269!42),,,,
6,,(34!476),(264!42),(241!694),,,
7,,(33!474),(260!43),(236!694),(550!458),,
8,,,(256!43),(232!693),(548!462),,
9,(545!654),,(251!45),(226!693),(548!458),,
10,(544!656),,(246!46),(222!693),(548!458),,
11,,,(243!46),(215!692),(545!656),,
12,(548!458),,(238!47),(208!692),(544!655),,
13,(550!458),,(233!47),(204!692),(545!657),,
14,(548!458),,(227!48),(204!692),(544!656),,
15,,,(221!46),(204!692),(545!655),,
16,,,(221!44),(204!692),(550!458),,
17,,,(221!41),(202!692),(548!458),,
18,(545!656),(27!446),(220!38),(200!692),(548!459),,
19,,(26!443),(218!35),(200!692),(544!654),,
20,(548!458),,(217!35),(201!692),(545!655),,
21,(550!458),(26!436),(214!37),(201!692),(545!657),,
22,(550!458),(26!432),(211!38),(200!692),(544!656),,
23,,(26!428),(206!38),(200!692),(548!458),,
24,(544!654),(26!426),(203!39),(200!692),(548!458),,
25,,(25!421),(199!40),(200!692),(548!458),,
26,(544!655),(24!415),(196!41),(199!692),(545!474),,
27,(544!654),(24!409),(191!42),(200!692),(550!459),,
28,(545!643),(25!403),(186!44),(199!692),(549!459),,
29,(544!656),(25!402),(180!44),(198!693),(548!462),,
30,,(24!400),(176!45),(196!693),(544!656),,
31,,(24!399),(171!47),(196!692),(550!458),,
32,(545!656),,(166!48),(196!692),(548!457),,
33,,,(161!50),(196!692),(544!654),,
34,,,(157!51),(196!692),(544!654),,
35,,,(153!52),(196!693),,,
36,,,(148!52),(196!693),,,
37,,,(144!50),(195!693),(545!654),,
38,,,(138!49),(193!693),(544!654),,
39,,,(134!48),(191!693),(548!458),,
40,,(30!382),(129!48),(188!693),(545!656),,
41,(545!643),(31!383),(125!47),(187!693),(545!657),,
42,,(31!385),(121!48),(187!693),(544!653),,
43,,(31!384),(117!50),(186!693),,,
44,,(31!383),(116!54),(186!693),(545!654),,
45,,(32!383),(114!58),(186!693),(545!654),,
46,,(32!384),(111!63),(186!693),(544!655),,
47,,(32!383),(108!68),(185!694),(548!458),,
48,,(32!382),(105!72),(185!693),(549!458),,
49,(544!655),(32!380),(101!75),(181!694),(548!458),,
50,(545!654),(32!380),(97!77),(180!693),(548!459),,
51,,(33!382),(95!78),(179!693),(544!654),,
52,,(35!382),(86!75),(179!693),(544!654),,
53,,(37!381),(81!74),(179!693),(545!474),,
54,,(36!380),(76!74),(179!693),(550!458),,
55,,(38!378),(72!75),(179!693),(545!474),,
56,,(38!376),(67!75),(178!693),(544!656),,
57,,(38!375),(65!77),(176!694),(550!460),,
58,,(38!374),(64!81),(174!695),(545!474),,
59,,(38!373),(63!85),(172!695),(544!654),,
60,,(40!372),(60!90),(171!694),(544!656),(545!474),
61,,(40!370),(57!94),(168!694),,,
62,,(41!367),(55!98),(165!694),(544!655),,
63,,(42!366),(52!101),(161!694),(548!457),,
64,,(42!366),(49!103),(159!694),(548!457),,
65,,(43!366),(47!106),(154!695),,,
66,,(44!367),(44!111),(151!695),(548!458),,
67,,(45!368),(43!116),(148!695),,,
68,(544!657),(48!368),(42!120),(147!695),,,
69,(548!458),(50!369),(41!126),(146!695),,,
70,(544!654),(52!370),(42!133),(147!695),,,
71,(544!654),(54!370),(42!138),(142!695),(548!458),(545!474),
72,(545!654),(56!371),(43!145),(139!696),,(548!458),
73,(545!654),(56!372),(46!150),(135!696),,,
74,,(57!372),(49!155),(131!696),,,
75,,(59!373),(51!161),(127!697),,,
76,,(61!373),(54!166),(121!697),(545!474),,
77,,(63!373),(57!173),(117!697),(550!458),,
78,,(65!373),(61!179),(115!696),(544!653),,
79,,(68!373),(64!184),(111!697),(545!653),,
80,,(70!372),(67!188),(106!697),(544!656),,
81,,(71!371),(70!192),(103!697),(545!654),,
82,,(72!370),(72!194),(100!697),(547!458),,
83,,(73!368),(74!197),(96!697),(548!459),,
84,,(75!366),(75!198),(94!697),,,
85,(545!653),(77!364),(76!198),(92!697),,,
86,,(79!363),(76!198),(92!697),,,
87,,(81!361),(75!198),(92!697),(545!474),,
88,,(84!359),(76!198),(91!696),(544!656),,
89,,(88!359),(76!198),(91!696),,,
90,(545!654),(92!359),(76!198),(92!697),,(548!458),
91,(545!654),(96!360),(76!198),(91!697),,(548!458),
92,,(98!360),(76!198),(89!697),,,
93,,(101!361),(76!198),(87!696),,,
94,,(105!363),(76!199),(88!696),,,
95,,(109!362),(76!198),(87!695),,,
96,(544!654),(112!363),(76!198),(88!696),,(545!474),
97,(545!654),(116!365),(76!198),(88!695),,,
98,(550!458),(121!365),(76!198),(88!696),,,
99,(548!458),(123!367),(76!198),(88!694),,,
100,(550!458),(123!367),(76!198),(86!690),(545!654),,
101,(545!654),(124!367),(76!198),(85!689),,,
102,(548!458),(123!367),(76!199),(84!688),,,
103,(547!458),(123!367),(76!199),(82!685),,,
104,(548!458),(124!367),(76!199),(80!682),,,
105,(548!459),(123!367),(76!199),(77!679),,,
106,(550!459),(123!367),(76!199),(74!676),(545!654),,
107,(544!653),(123!367),(76!199),(72!673),,,
108,,(122!367),(76!199),(70!670),,,
109,,(121!367),(76!200),(70!668),(545!654),,(548!462)
110,,(121!367),(76!199),(72!665),(545!655),,(548!458)
111,,(123!368),(76!199),(73!660),(545!474),,
112,,(123!368),(76!200),(74!658),(548!458),,
113,,(123!368),(76!200),(75!653),(548!458),,
114,(544!654),(124!368),(76!200),(75!647),(550!458),,
115,(544!655),(124!367),(76!199),(76!645),(548!458),,
116,(545!654),(125!367),(76!200),(76!641),(550!458),,
117,,(126!367),(76!200),(76!637),(544!654),,
118,,(127!367),(76!200),(75!632),(544!654),,
119,,(127!367),(76!200),(76!629),(545!654),,(548!458)
120,,(127!366),(76!200),(77!626),(544!657),,
121,,(127!364),(76!200),(78!622),(548!459),,
122,,(129!363),(76!200),(80!617),(545!653),,
123,,(130!361),(76!200),(80!613),(544!654),(545!474),
124,,(132!358),(76!200),(81!609),(544!654),(550!458),
125,,(132!356),(76!200),(82!602),,,
126,,(132!355),(76!200),(84!596),(544!654),,(545!474)
127,,(133!355),(76!200),(85!590),,,
128,(545!656),(135!354),(76!200),(88!583),,,
129,(544!654),(137!352),(76!200),(90!577),,,
130,,(140!351),(76!200),(93!570),,,
131,,(143!349),(76!200),(96!564),,(548!458),
132,,(146!348),(76!200),(99!559),,,
133,,(149!347),(76!200),(103!553),,,
134,,(152!346),(76!200),(107!548),(544!654),,
135,,(155!344),(76!200),(111!542),,,
136,,(159!343),(76!200),(115!537),,(547!457),
137,,(163!342),(76!200),(119!532),,(549!460),
138,,(166!341),(76!199),(123!527),,,
139,(544!654),(168!341),(76!199),(128!523),,,
140,(545!653),(170!342),(76!199),(132!518),,,
141,(545!654),(173!342),(76!200),(137!514),,,
142,(545!654),(175!341),(76!200),(142!509),,(548!457),
143,(544!656),(180!341),(76!200),(148!505),,(548!458),
144,(544!654),(183!341),(76!200),(154!500),,(548!457),(545!474)
145,(545!654),(188!341),(76!200),(159!498),,(545!474),
