frame,ID_0,ID_1,ID_2,ID_3,ID_4,ID_5,ID_6,ID_7,ID_8,ID_9,ID_10,ID_11,ID_12,ID_13
0,(694!85),(150!205),(734!287),(42!618),(59!788),(59!847),(815!912),(640!998),,,,,,
2,,,,,,,,,,,,,,
3,,,,,,,,,,,,,,
4,,,,,,,,,,,,,,
5,(695!86),(150!205),(734!288),,(59!788),(57!846),(815!912),,,,,,,
6,(694!86),(150!204),(735!288),,(59!788),(59!846),(815!912),(639!998),,,,,,
7,(694!86),(150!205),(734!288),,(57!788),(60!847),(816!912),(640!999),,,,,,
8,(694!86),(150!204),(734!287),,(59!788),(59!847),(815!912),(639!998),,,,,,
9,(695!85),(151!204),(734!288),,(59!788),(59!846),(815!912),(640!998),,,,,,
10,(695!85),(151!204),(734!288),,(59!788),(59!846),(815!911),(639!998),,,,,,
11,(694!85),(150!204),(734!288),,(59!788),(59!846),(816!911),(640!998),,,,,,
12,(695!85),(151!204),(734!288),,(59!788),(59!846),(816!910),(640!998),,,,,,
13,(695!85),(151!203),(734!288),,(59!788),(60!848),(816!910),,,,,,,
14,(695!85),(150!204),(734!288),,(59!788),(59!846),(816!910),(640!998),,,,,,
15,(696!85),(151!204),(734!288),,(59!788),(61!846),(816!910),(640!998),,,(61!498),,,
16,(695!85),(151!203),(734!287),,(60!788),(60!846),(816!910),(640!998),,,(61!497),,,
17,(695!85),(151!203),(734!287),,(59!788),(60!846),(816!910),(640!998),,,(61!497),,,
18,(696!85),(151!203),(734!288),,(60!788),(60!846),(816!910),(640!998),,,(61!498),,,
19,(695!86),(151!203),(734!288),,(59!788),(60!846),(817!910),(640!998),,,,,,
20,(696!86),(151!203),(734!288),,(59!789),(59!846),(817!910),(640!998),,,(61!498),,,
21,(695!86),(151!203),(734!288),,(57!788),(59!847),(816!910),,,,(61!498),,,
22,(696!86),(151!203),(734!288),,(59!788),(60!847),(817!910),(640!998),,,,,,
23,(695!86),(151!203),(735!288),,(59!789),(59!846),(817!910),(640!998),,,(61!498),,,
24,(696!86),(151!202),(735!288),,(59!788),(59!846),(817!910),(640!998),,,(61!498),,,
25,(695!86),(152!203),(735!288),,(59!788),(61!846),(817!910),(640!998),,,,,,
26,(696!86),(152!202),(735!288),,(59!789),(60!846),(817!910),(640!998),,,(61!498),,,
27,(696!86),(152!202),(735!288),,(59!788),(60!846),(817!909),(640!998),,,(61!497),,,
28,(696!86),(152!201),(735!288),,(59!788),(60!846),(817!909),(640!998),,,,,,
29,(696!86),(152!201),(734!287),,(58!788),(60!846),(817!909),(640!998),,,,,,
30,(696!86),(152!201),(735!288),,(58!788),(59!846),(816!909),(639!998),,,,,,
31,(696!86),(151!201),(734!288),,(58!788),(58!846),(817!909),(640!998),,,,(62!498),,
32,(696!86),(152!201),(734!288),,(58!788),(61!849),(817!909),(640!998),,,(43!587),(65!498),,
33,(696!85),(152!200),(734!287),,(59!788),(59!846),(817!908),(640!997),,,,(61!498),,
34,(696!86),(152!201),(734!288),,(58!788),(59!846),(817!908),(640!998),,,,,,
35,(696!86),(152!201),(734!288),,(58!788),(58!846),(816!908),(639!998),,,,(60!498),,
36,(695!86),(152!201),(734!288),,(57!786),(60!847),(816!909),(640!998),,,,(61!498),,
37,(695!86),(152!200),(734!288),,(58!788),(60!848),(816!909),(639!998),,,,(60!498),,
38,(695!86),(152!201),(734!288),,(59!789),(60!849),(816!909),(640!998),,,,(65!499),,
39,(695!86),(152!201),(734!288),,(59!788),(59!847),(816!909),(640!998),,,,(62!498),,
40,(694!86),(152!201),(734!288),,(58!788),(60!846),(816!909),,,,,(61!497),,
41,(694!87),(152!201),(734!288),,(58!788),(60!846),(817!909),,,,,(63!498),,
42,(695!87),(152!201),(734!288),,(59!788),(60!846),(817!909),(640!998),,,,(66!498),,
43,(695!87),(152!201),(734!288),,(58!788),(60!846),(817!909),(640!998),,,,(64!498),,
44,(694!86),(152!200),(734!287),,(59!788),(60!846),(817!909),(640!998),,,,(62!497),,
45,(694!86),(152!200),(734!287),,(59!788),(60!848),(816!909),(640!998),,,,,,
46,(694!86),(152!200),(734!287),,(59!788),(59!846),(816!909),(640!998),,,,,,
47,(694!85),(152!200),(734!287),,(59!788),(60!847),(817!909),(640!998),,,,,,
48,(694!85),(152!200),(734!287),,(57!787),,(817!908),(640!998),,,,(41!590),(65!498),
49,(694!85),(152!200),(734!287),,(61!848),,(817!908),(641!997),,,,(59!788),,
50,(694!85),(152!200),(734!287),,(60!848),,(816!908),(640!997),,(832!6),,(59!787),(63!494),
51,(693!85),(152!200),(734!287),,(59!845),,(817!908),(640!997),,,,(59!787),(60!497),
52,(693!85),(152!200),(734!287),,,,(817!907),(640!997),,,,(59!787),(61!497),
53,(694!85),(152!200),(734!287),,,(61!848),(817!908),(640!997),,,,(59!788),(43!587),
54,(694!85),(152!200),(734!288),,,(61!848),(817!909),(639!1001),,,,(59!787),(41!589),
55,(694!86),(152!200),(734!288),,,(60!846),(817!909),(640!998),,(827!6),,(59!788),,
56,(694!85),(152!200),(734!287),,,(60!849),(816!909),(640!998),,,,(58!788),,
57,(694!86),(152!200),(734!288),,,(61!848),(817!908),(640!998),,,,(59!788),,
58,(694!86),(152!200),(734!288),,,(60!846),(817!908),(640!998),,,,(59!788),,
59,(694!86),(152!200),(734!288),,,(60!846),(817!908),(640!998),,,,(58!788),,
60,(694!85),(152!200),(734!288),,,(60!846),(818!908),(640!998),,,,(59!788),,
61,(694!85),(152!200),(734!288),,,(59!847),(817!908),(640!998),,,,(59!788),,
62,(694!85),(152!200),(734!288),,,(60!846),(817!907),(640!997),,,,(59!788),,(60!497)
63,(694!85),(152!200),(734!288),,,(61!847),(817!907),(640!998),,(826!7),,(58!788),,(61!497)
64,(696!85),(152!200),(734!287),,,(60!846),(817!907),(639!1001),,(826!7),,(58!788),(41!590),(61!498)
65,(694!85),(152!200),(734!288),,,(59!846),(816!908),(639!998),,,,(59!788),,
66,(694!85),(152!200),(734!287),,,(61!848),(817!907),(640!997),,,,(59!787),,
67,(694!85),(152!200),(734!288),,,(60!847),(817!907),(640!998),,,,(59!787),,(61!498)
68,(694!85),(152!200),(734!288),,,(61!847),(817!907),(640!998),,(827!7),,(59!787),,
69,(694!85),(152!200),(734!287),,,(59!847),(817!907),(639!997),,(824!7),,(57!787),,(61!498)
70,(694!85),(152!200),(734!287),,,(59!848),(817!907),(640!997),,,,(59!787),,(61!497)
71,(694!85),(152!200),(734!288),,,(60!846),(817!907),(641!998),,,,(59!788),,
72,(694!85),(152!200),(734!287),,,(62!497),(817!907),(641!998),,(832!7),,(59!788),,
73,(694!85),(153!200),(734!287),,,(60!497),(818!907),(640!998),,,,(59!788),,
74,(694!85),(153!200),(734!287),,(60!848),(61!497),(817!907),(639!998),,,,(58!788),,
75,(694!85),(152!200),(734!287),,,(61!497),(817!906),(640!998),,(827!6),,(58!788),,
76,(694!85),(152!200),(733!287),,(60!847),(62!497),(817!907),(640!998),,,,(58!788),,
77,(694!86),(153!200),(734!288),,,,(817!906),(639!998),,,,(59!787),,
78,(694!85),(153!200),(734!288),,,(61!497),(817!907),(639!1001),,,,(57!788),(41!589),
79,(694!85),(153!200),(734!288),,(58!787),(61!497),(817!906),(640!997),,,,(60!847),,
80,(694!85),(153!200),(734!288),,(57!788),(61!497),(817!907),(640!998),,,,(61!848),,
81,(694!85),(153!200),(734!287),,(59!788),(62!497),(817!907),(641!998),,,,(61!847),(41!589),
82,(697!85),(153!200),(734!287),,(58!788),(61!497),(817!907),(640!998),,,,(61!848),,
83,(694!85),(153!200),(734!288),,(58!788),,(817!906),(640!997),,,,(60!847),,
84,(694!85),(153!201),(734!288),,(58!787),,(817!906),,,,,(60!847),,
85,(695!85),(153!201),(734!288),,(59!787),,(817!906),(640!997),,(832!6),,,,
86,(695!85),(153!201),(733!288),,(59!787),(61!497),(817!906),(641!997),,(832!7),,(60!846),,
87,(696!85),(153!201),(733!287),,(59!788),(61!497),(817!906),(641!997),,(832!7),,(61!848),,
88,(695!85),(153!201),(734!287),,(58!787),,(817!906),(640!997),,,,(61!846),,
89,(696!84),(154!201),(734!287),,(59!787),,(817!906),(639!1000),,,,(60!847),,
90,(696!84),(153!201),(734!287),,(58!788),(61!497),(817!906),(640!997),,,,(60!847),,
91,(695!84),(153!201),(733!287),,(59!787),(62!497),(817!906),(639!1001),,,,(61!849),,
92,(695!84),(153!202),(734!287),,(59!787),(61!498),(817!906),(640!997),,,,(60!846),,
93,(695!84),(152!201),(733!287),,(59!788),(61!497),(817!906),(639!1001),,,,,,
94,(695!85),(152!201),(733!287),,(59!788),(65!498),(818!906),(640!998),,,,(60!849),,
95,(695!85),(152!201),(733!287),,(59!788),(42!590),(817!906),(639!1001),,,,,,
96,(695!85),(152!200),(734!288),,(60!845),(57!788),(818!906),(640!998),,,,,,
97,(695!85),(152!199),(734!287),,(60!845),(59!788),(817!906),(640!998),,(835!7),,,,
98,(695!85),(152!200),(734!288),,(59!846),(59!789),(817!906),(639!1001),,,,,,
99,(695!84),(152!200),(734!287),,(60!846),(59!788),(817!906),(640!997),,,,,(44!588),
100,(696!85),(152!199),(734!287),,(57!845),(59!788),(817!906),(640!997),,,,,(61!496),
101,(695!85),(152!199),(734!288),,(57!845),(59!788),(817!906),(639!1001),,,,,(62!498),(42!589)
102,(695!85),(152!199),(734!287),,(58!845),(59!788),(817!906),(639!1001),,,,,(62!496),
103,(695!86),(152!199),(734!287),,(57!845),(57!786),(816!906),(639!1000),,,,,(62!498),(41!591)
104,(694!85),(151!198),(733!287),,(58!846),(59!788),(816!906),(640!998),,,,,(64!498),(40!589)
105,(695!85),(152!198),(733!287),,(58!845),(59!787),(816!906),(639!1000),,(854!7),,,(62!497),
106,(696!84),(152!198),(733!286),,(58!845),(59!787),(817!906),(639!1000),,,,,(62!498),(41!589)
107,(697!85),(152!199),(733!287),,(58!845),(59!787),(816!906),(639!1000),,,,,(62!498),
108,(696!85),(152!199),(733!287),,(58!844),(59!788),(816!906),(639!1001),,,,,(61!498),
109,(696!83),(152!199),(732!286),,(57!844),(59!787),(817!906),(639!1000),,,,,(62!497),
110,(696!83),(151!199),(732!286),,(57!845),(59!788),(816!906),(639!1001),,,,,(61!497),
111,(696!83),(152!199),(732!286),,(58!845),(59!788),(816!906),(640!998),,,,,(61!497),
112,(696!84),(151!199),(731!286),,(57!845),(59!788),(816!906),(639!1001),,,,,(61!498),(40!592)
113,(696!85),(151!199),(731!286),,(57!844),(59!788),(816!906),(639!1001),,,,,,
114,(696!86),(151!199),(731!286),,(57!844),(59!788),(816!907),(639!1001),,,,,(61!498),
115,(696!85),(151!199),(731!286),,(57!843),(59!788),(816!906),(639!1001),,,,,,
116,(696!86),(151!199),(731!286),,(57!844),(59!788),(816!906),(639!1001),,,,,,
117,(697!84),(151!197),(731!286),,(57!843),(59!788),(816!906),(639!1001),,,,,(62!497),
118,(696!84),(151!198),(731!286),,(57!842),(59!788),(815!906),(639!1001),,,,,,
119,(696!84),(151!197),(730!285),,(57!843),(59!787),(816!905),(639!1001),,,,,(61!497),
120,(697!84),(151!198),(730!285),,(56!844),(60!787),(816!906),(640!998),,,,,(61!497),
121,(694!85),(151!198),(729!285),,(56!841),(58!787),(815!906),(640!998),,,,,,
122,(695!85),(151!197),(729!285),,(56!842),,(815!905),(641!997),,(852!7),,,,
123,(695!85),(151!197),(729!285),,(56!842),(60!787),(815!905),(640!997),,,,,,
124,(697!84),(151!198),(729!285),,(57!842),(60!788),(815!906),(640!998),,,,,,
125,(697!84),(151!197),(729!285),,(57!838),(60!787),(815!905),(640!998),,,,,,
126,(697!84),(151!197),(729!285),,(62!497),(59!787),(815!905),(641!997),,,,,,
127,(697!84),(151!197),(729!285),,(65!498),(59!788),(815!905),(640!997),,,,(56!841),,
128,(696!83),(151!197),(728!284),,(62!497),(60!788),(815!906),(640!998),,,,,,
129,(696!83),(151!197),(727!284),,(61!497),(56!841),(814!906),(640!998),,,,,,(44!584)
130,(695!85),(151!197),(727!283),,(61!500),(55!841),(814!906),(640!997),,,,(60!787),,
131,(695!85),(151!197),(727!283),,(65!499),(56!839),(814!906),(640!998),,,,(58!788),,
132,(696!84),(151!197),(726!282),,,(56!841),(815!906),(640!997),,,,(56!787),,
133,(697!83),(151!197),(726!282),,,(55!840),(815!906),(640!998),,,,(60!788),,
134,(695!85),(151!197),(727!281),,,(56!840),(815!905),(641!997),,,,(59!787),,
135,(695!85),(151!197),(727!282),,(66!498),(56!837),(815!906),,,,,(60!787),,
136,(695!85),(151!196),(727!281),,,(57!841),(815!905),(641!997),,,,(59!787),,
137,(694!85),(151!196),(727!281),,(61!498),(57!841),(815!905),(641!998),,,,(59!788),,
138,(695!85),(151!196),(727!281),,(62!496),(57!840),(815!905),(640!998),,,,(59!787),,
139,(695!85),(151!197),(727!281),,(63!498),(56!840),(814!905),(641!998),,,,(59!787),,
140,(695!85),(151!196),(727!281),,,(57!841),(814!906),(640!998),,,,(58!787),,
141,(696!85),(151!197),(727!280),,(61!498),(55!841),(814!905),(640!998),,,,(57!787),,
142,(696!84),(151!197),(727!280),,,(56!841),(814!906),(640!998),,,,(59!787),,
143,(696!84),(151!197),(726!280),,,(55!841),(814!906),(640!998),,,,(59!787),,
144,(696!85),(151!198),(726!280),,,(55!838),(815!906),(640!998),,,,(59!788),,
145,(696!84),(150!198),(726!279),,(61!497),(56!839),(815!906),(640!998),,,,(59!788),,
146,(694!85),(151!198),(726!280),,,(56!840),(815!906),(639!1001),,,,(59!788),,
147,(694!86),(151!198),(726!280),,,(56!840),(816!906),(639!1001),,,,(59!788),,
148,(695!85),(151!197),(726!280),,,(56!840),(816!906),(639!1001),,,,(59!787),,
149,(695!85),(151!197),(726!280),,,(57!839),(816!906),(640!998),,,,(58!787),,
150,(694!85),(151!197),(725!280),,(61!497),(56!840),(816!906),(639!998),,(854!8),,(56!788),,
151,(694!85),(151!197),(725!280),,(63!498),(55!835),(816!906),(640!998),,(854!8),,(58!789),,
152,(694!85),(151!197),(725!280),,,,(817!906),(639!1001),,,,(58!788),,
153,(694!85),(151!197),(728!282),,(62!498),(55!834),(817!906),(639!1001),,,,(59!787),,
154,(694!85),(150!198),(725!279),,(60!498),(57!836),(817!905),(638!1001),,,,(59!788),,
155,(694!85),(150!198),(725!279),,(60!495),(57!835),(817!905),(639!1001),,,,(59!788),,
156,(694!85),(151!197),(725!278),,(64!498),(57!836),(818!905),(638!1001),,,,(58!788),,
157,(694!85),(151!197),(725!278),,,(57!835),(818!904),(638!1001),,,,(58!788),,
158,(694!85),(151!197),(725!278),,(61!498),(57!836),(818!904),(638!1001),,,,(59!788),,
159,(694!84),(151!197),(725!277),,,(57!835),(817!904),(638!1001),,,,(58!788),,
160,(694!85),(151!197),(725!277),,,(57!834),(817!904),(638!1000),,,,(58!788),,
161,(693!85),(150!198),(724!277),,,(58!835),(817!904),(639!998),,,,(58!789),,
162,(693!85),(151!198),(724!278),,(60!498),(57!835),(817!904),(638!1001),,,,(58!788),,
163,(693!85),(150!198),(724!277),,(64!498),(57!834),(817!904),(638!1001),,,,(58!788),,
164,(694!85),(151!198),(724!277),,,(58!835),(818!905),(638!1001),,,,(59!788),,
165,(694!85),(151!198),(724!277),,,(57!834),(817!904),(638!1001),,,,(59!788),,
166,(694!85),(151!198),(725!277),,,(58!834),(817!904),(638!1001),,,,(58!788),,
167,(694!85),(151!198),(725!277),,(60!497),(57!834),(817!904),(638!1001),,,,(59!788),,
168,(693!86),(151!199),(724!277),,(62!498),(58!834),(817!904),(638!1001),,,,(58!789),,
169,(694!85),(151!199),(724!277),,(60!498),(58!834),(817!905),(639!998),,,,(59!789),,
170,(699!85),(151!198),(727!279),,(61!497),(58!834),(817!904),(639!998),,,,(59!789),,
171,(694!85),(151!198),(726!277),,(60!497),(58!833),(816!904),(639!997),,,,(58!788),,
172,(695!85),(151!198),(725!277),,(64!498),(58!834),(817!904),(641!997),,,,(60!787),,
173,(695!85),(151!198),(725!276),,(61!496),(57!833),(816!904),(639!998),,,,(59!787),,
174,(694!85),(150!197),(724!277),,(61!497),(58!833),(1063!1011),(817!904),,,,(59!788),,
175,(695!85),(151!197),(725!277),,(61!496),(58!833),(817!904),(639!1001),,,,(59!787),,
176,(695!85),(151!197),(725!277),,(64!498),(58!834),(817!904),(640!998),,,,(59!788),,(41!591)
177,(695!85),(151!197),(725!276),,(64!498),(58!833),(817!904),(639!1001),,,,(59!787),,
178,(694!85),(151!198),(725!277),,(62!497),(58!833),(817!904),(639!1001),,,,(59!788),,
179,(694!85),(150!198),(725!276),,(62!498),(58!833),(817!904),(639!1001),,,,(59!788),,
180,(694!86),(150!198),(725!277),,(64!498),(58!833),(817!904),(640!998),,,,(59!787),,
181,(694!86),(151!198),(725!277),,(61!498),(58!833),(817!904),(640!998),,,,(58!787),,
182,(694!86),(151!198),(725!276),,(64!498),(58!834),(816!903),(639!998),,,,(58!787),,
183,(694!86),(150!198),(725!276),,,(58!833),(816!903),(638!1001),,,,(59!788),,
184,(694!86),(151!199),(725!276),,(64!498),(58!833),(816!903),(639!998),,,,(59!788),,
185,(695!86),(150!198),(725!276),,(64!499),(58!833),(816!903),(640!998),,,,(59!787),,
186,(695!86),(151!198),(725!276),,(61!498),(58!833),(816!903),(639!998),,,,(59!788),,
187,(695!86),(151!198),(725!277),,(61!498),(58!833),(816!903),(640!998),,,,(59!788),,
188,(695!86),(151!198),(725!276),,(64!498),(58!833),(816!903),(640!998),,,,(60!788),,
189,(695!86),(151!198),(725!276),,(62!498),(58!832),(816!901),(640!998),,,,(60!788),,
190,(695!85),(151!198),(725!276),,(60!496),(58!833),(817!900),(640!998),,,,(59!789),,
191,(695!85),(151!198),(725!276),,(62!498),(58!833),(817!898),(641!997),,,,(59!787),,
192,(695!85),(151!198),(725!276),,(65!498),(58!833),(816!898),(640!998),,,,(59!789),,
193,(695!85),(151!197),(725!276),,(61!498),(57!832),(816!897),,,,,(59!789),,
194,(695!85),(151!198),(725!276),,(65!498),(57!831),(816!898),(640!998),,,,(59!789),,
195,(695!85),(151!198),(725!276),,(65!498),(58!831),(816!898),(640!998),,,,(59!789),,
196,(696!85),(151!198),(725!277),,(61!497),(58!831),(817!898),(640!998),,,,(59!788),,
197,(696!84),(151!197),(725!276),,(63!497),(58!831),(817!898),(640!998),,,,(59!789),,
198,(699!84),(151!197),(725!276),,(60!497),(58!831),(817!897),(640!997),,,,(59!788),,
199,(698!85),(151!198),(725!276),,(61!498),(58!831),(817!897),,,,,,,
200,(699!84),(151!198),(725!276),,(61!497),(57!831),(817!896),(640!998),,,,(59!789),,
201,(699!84),(151!198),(724!276),,(62!492),(57!831),(817!896),(640!998),,(837!7),,(59!789),,
202,(699!84),(151!198),(724!276),,,,(818!896),(641!998),,,,(58!788),,
203,(698!84),(151!198),(724!276),,,(57!830),(818!896),(640!998),,,,(58!788),,
204,(699!84),(151!198),(724!276),,(61!498),(57!830),(818!895),(640!998),,,,(58!789),,
205,(696!84),(151!198),(724!276),,(60!498),(57!831),(818!895),(640!998),,,,(58!789),,(43!583)
206,(695!84),(151!198),(724!276),,(63!498),(57!831),(818!895),(639!998),,,,(59!789),,
207,(695!84),(151!198),(724!276),,(62!497),(57!831),(818!895),(639!998),,,,(58!789),,
208,(695!84),(151!197),(724!276),,(61!498),(57!831),(818!895),(639!1001),,,,(59!789),,
209,(699!84),(151!198),(724!276),,,(57!831),(818!894),(640!998),,,,(59!790),,
210,(695!84),(151!198),(724!276),,(60!498),(57!831),(818!894),(639!1001),,,,(59!789),,
211,(696!84),(151!198),(724!276),,(60!498),(57!831),(818!894),(640!998),,,,(59!789),,
212,(700!82),(151!197),(725!276),,(61!498),(58!831),(819!894),(640!998),,,,(58!790),,
213,(699!84),(151!198),(725!276),,(64!498),(58!832),(819!893),(640!998),,,,(58!788),,
214,(695!84),(151!198),(725!276),,,(57!832),(819!893),(640!998),,,,(58!789),,
215,(695!85),(151!198),(725!276),,(61!497),(57!832),(818!893),(640!998),,,,(58!788),,
216,(694!85),(150!199),(724!277),,(61!497),(58!831),(819!893),(640!998),,,,(59!788),,
217,(695!85),(151!199),(724!277),,(61!497),(58!832),(819!893),(640!998),,,,(59!790),,(43!583)
218,(695!85),(151!199),(725!277),,,(57!832),(818!893),(639!998),,,,(58!788),,
219,(697!84),(151!199),(725!276),,,(57!832),(819!893),(640!998),,,,(58!788),,
220,(698!84),(151!199),(724!276),,,(57!833),(818!893),(639!998),,,,(58!790),,
221,(695!85),(151!199),(724!276),,(60!498),(57!832),(818!892),(639!998),,,,(59!789),,
222,(698!84),(151!199),(724!275),,(60!498),(57!832),(818!892),(638!1001),,,,(59!789),,
223,(696!85),(151!199),(724!275),,,(57!833),(818!892),(638!1001),,,,(59!788),,
224,(696!85),(150!199),(724!275),,,(57!833),(818!892),(639!998),,,,(58!788),,
225,(695!85),(151!199),(724!275),,(60!499),(58!833),(818!892),(639!998),,,,(58!788),,
226,(697!85),(151!199),(724!274),,,(58!833),(818!891),(639!998),,,,(58!788),,
227,(696!85),(151!199),(724!274),,,(57!833),(818!891),(639!998),,,,(58!788),,
228,(696!85),(151!199),(724!274),,(60!498),(56!833),(818!891),(639!998),,,,(59!788),,
229,(696!85),(151!199),(724!274),,,(58!832),(818!891),(639!998),,,,(58!788),,
230,(696!85),(151!198),(724!274),,(60!496),(57!832),(818!890),(639!998),,,,(58!787),,
231,(695!84),(151!198),(724!274),,,(57!833),(818!889),(639!998),,,,(58!787),,
232,(695!85),(151!198),(724!274),,(60!498),(58!833),(818!889),(638!1001),,,,(58!787),,
233,(695!85),(151!198),(724!273),,(60!498),(58!833),(818!889),(638!1000),,,,(58!787),,
234,(695!85),(151!199),(724!273),,,(58!833),(818!889),(638!1001),,,,(58!787),,
235,(696!85),(151!199),(724!273),,,(58!833),(818!888),(638!1001),,,,(58!788),,
236,(696!84),(151!198),(724!273),,(61!498),(59!833),(818!889),(638!1001),,,,(58!788),,
237,(696!84),(151!199),(723!273),,(61!498),(59!833),(818!888),(638!1001),,,,(58!788),,
238,(696!84),(150!199),(723!273),,,(59!833),(818!888),(638!1001),,,,(58!787),,
239,(695!84),(151!199),(723!273),,,(60!833),(818!888),(640!998),,,,(58!788),,
240,(695!84),(151!199),(723!273),,,(60!833),(818!887),(639!998),,,,(59!788),,
241,(695!84),(151!199),(722!273),,(63!498),(59!833),(817!888),(639!998),,,,(58!789),,
242,(696!84),(151!199),(722!273),,(65!498),(60!833),(818!887),,,,,(58!788),,(42!591)
243,(695!83),(151!198),(721!273),,(64!498),(59!833),(818!887),(639!998),,,,(58!788),,(43!591)
244,(695!84),(151!199),(721!273),,(61!495),(60!833),(819!886),(640!998),,,,(58!788),,
245,(695!83),(151!197),(721!272),,(63!497),(60!833),(819!885),(640!998),,,,(59!788),,
246,(696!83),(151!198),(721!272),,(64!497),(60!832),(820!884),(640!997),,,,(59!787),,
247,(695!83),(151!198),(720!271),,(64!498),(60!833),(820!885),(640!997),,,,(58!788),,(43!582)
248,(696!83),(151!198),(720!271),,(64!498),(60!832),(820!884),(639!997),,,,(58!788),,
249,(696!84),(151!198),(720!272),,,(60!832),(820!884),(639!997),,,,(59!788),,
250,(696!83),(151!197),(719!271),,(60!498),(60!832),(819!884),(640!997),,,,(59!787),,
251,(696!83),(151!198),(719!271),,,(60!832),(819!883),(640!997),,,,(58!787),,
252,(695!83),(151!198),(719!271),,(61!498),(60!832),(820!883),(640!998),,,,(58!787),,
253,(695!83),(151!198),(719!271),,(60!498),(60!832),(819!884),(639!998),,,,(58!788),,
254,(695!84),(151!199),(719!271),,,(60!832),(819!884),(639!998),,,,(58!788),,
255,(696!84),(151!199),(719!271),,(60!498),(59!833),(819!883),(639!998),,,,(59!787),,
256,(695!85),(151!199),(719!271),,(37!624),(60!833),(820!884),(639!998),,,,(59!788),,
257,(698!84),(150!199),(718!271),,(60!498),(60!833),(819!884),(639!998),,,,(58!788),,
258,(695!85),(151!199),(718!271),,(60!498),(60!832),(819!884),(640!998),,,,(58!787),,
259,(695!85),(151!199),(718!271),,(42!583),(60!832),(820!883),(639!998),,,,(58!788),,
260,(695!84),(151!198),(717!271),,(60!498),(60!832),(820!883),(639!998),,,,(58!787),,
261,(695!85),(151!199),(717!271),,(60!498),(59!833),(820!882),(639!998),,,,(58!788),,
262,(695!84),(150!198),(717!270),,,(60!832),(821!882),(639!998),,,,(58!788),,
263,(695!85),(151!199),(718!270),,(60!498),(60!833),(822!882),(639!998),,,,(58!787),,
264,(695!85),(151!199),(718!270),,(36!579),(59!832),(821!881),(639!998),,,,(58!787),,
265,(695!84),(151!198),(718!270),,(60!496),(60!833),(822!881),(640!998),,,,(59!788),,
266,(695!84),(151!198),(718!271),,,(59!833),(822!881),(639!998),,,,(59!787),,
267,(695!84),(150!198),(718!271),,,(60!832),(822!881),(639!998),,,,(58!788),,(64!498)
268,(695!84),(151!198),(718!270),,,(60!833),(822!881),(639!998),,,,(58!788),,(60!495)
269,(695!84),(150!199),(718!271),,,(60!832),(822!881),(639!998),,,,(58!787),,(60!498)
270,(695!84),(150!198),(718!270),,,(60!832),(822!881),(639!998),,,,(58!787),,(60!498)
271,(695!84),(151!199),(717!270),,,(60!832),(822!881),(639!998),,,,(58!787),,(60!498)
272,(695!85),(151!199),(717!270),,,(60!832),(822!881),(639!998),,,,(58!787),,(60!498)
273,(695!84),(151!199),(717!269),,,(59!832),(821!880),(639!998),,,,(58!788),,(64!499)
274,(695!85),(150!199),(716!269),,,(59!833),(821!879),(639!998),,,,(58!787),,
275,(695!85),(151!199),(716!268),,,(60!833),(820!880),(639!998),,,,(55!786),,(60!498)
276,(695!85),(151!199),(716!268),,,(59!832),(821!880),(639!998),,,,(58!788),,
277,(695!85),(150!199),(716!268),,,(60!833),(820!880),(639!998),,,,(59!788),,(63!498)
278,(695!84),(151!198),(716!268),,,(60!833),(820!880),(639!998),,,,(58!788),,(64!498)
279,(695!84),(150!199),(716!268),,,(60!832),(821!880),(639!998),,,,(58!787),,(63!498)
280,(695!84),(150!198),(716!268),,,(60!832),(820!880),(639!998),,,,(58!787),,
281,(695!84),(151!199),(716!268),,,(60!832),(820!880),(639!998),,,,(58!787),,(63!498)
282,(695!84),(151!198),(716!268),,,(60!832),(820!880),(639!998),,,,(56!786),,(60!499)
283,(695!84),(151!198),(716!268),,,(59!832),(1138!1006),(639!997),,,,(58!787),,(63!498)
284,(695!84),(151!198),(716!268),,,(60!832),(1139!1006),(639!997),,,,(58!787),,
285,(695!84),(151!198),(715!268),,,(60!832),(1139!1006),(639!998),,,,(58!787),,(60!498)
286,(695!84),(151!197),(716!268),,,(60!832),(1140!1006),(639!998),,,,(58!787),,(60!496)
287,(696!84),(151!199),(715!268),,,(61!832),(821!880),(639!998),,,,(58!787),,
288,(695!84),(150!199),(715!268),,,(60!832),(821!880),(639!998),,,,(57!787),,
289,(696!84),(151!199),(715!268),,,(61!832),(820!880),(639!998),,,,(58!787),,
290,(696!84),(151!198),(715!268),,,(61!832),(821!880),(639!998),,,,(58!787),,
291,(696!84),(150!199),(715!268),,,(61!832),(821!880),,,,,(58!787),,(60!498)
292,(696!84),(151!198),(715!267),,,(61!832),(821!880),(639!998),,,,(57!787),,(60!496)
293,(696!84),(151!199),(714!268),,,(61!832),(821!880),(640!998),,,,(58!787),,(60!498)
294,(696!84),(151!199),(714!268),,,(60!832),(821!880),,,,,(58!787),,(63!498)
295,(697!84),(151!199),(714!268),,,(61!832),(821!880),(639!998),,,,(59!787),,
296,(697!84),(150!199),(714!268),,,(61!832),(820!880),(639!998),,,,(59!787),,
297,(696!85),(151!199),(715!267),,,(60!832),(820!880),(639!998),,,,(58!787),,
298,(695!84),(151!198),(715!267),,,(60!832),(820!879),(640!998),,,,(58!787),,(60!498)
299,(696!84),(151!198),(715!267),,,(60!831),(821!878),(640!997),,(854!7),,(58!786),,(65!498)
300,(696!84),(151!198),(715!267),,,(60!830),(820!878),(639!998),,,,(58!786),,
301,(696!84),(151!198),(715!266),,,(60!830),(820!878),(640!998),,,,(58!787),,(61!498)
302,(696!85),(151!199),(715!267),,,(60!831),(821!878),(640!998),,,,(58!786),,(61!498)
303,(696!84),(151!199),(715!266),,,(59!830),(821!878),(640!998),,,,(59!787),,
304,(696!83),(151!199),(715!266),,,(59!831),(821!878),(640!998),,(855!7),,(59!787),,(65!498)
305,(696!83),(151!198),(715!266),,,(59!830),(821!877),(640!998),,,,(59!786),,(62!498)
306,(696!84),(151!199),(715!266),,,(59!831),(821!877),(641!998),,,,(59!786),,
307,(696!84),(151!199),(715!266),,,(58!831),(822!878),(640!998),,,,(58!786),,
308,(696!84),(151!199),(715!266),,,(59!830),(822!878),(1156!1007),,,,(59!787),,(65!499)
309,(696!84),(151!199),(715!266),,,(59!831),(822!878),(1157!1007),,,,(59!787),,
310,(696!84),(151!199),(715!266),,,(58!831),(822!877),(1158!1007),,,,(59!787),,(65!499)
311,(696!84),(151!199),(715!266),,,(59!830),(822!877),(1159!1007),,,,(59!787),,(60!497)
312,(696!84),(151!199),(714!266),,,(59!830),(822!878),(1159!1007),,,,(59!787),,(38!618)
313,(696!84),(151!199),(715!266),,,(59!830),(823!877),(1159!1007),,,,(59!787),,
314,(696!84),(151!199),(715!266),,,(58!831),(822!876),(1159!1007),,,,(59!787),,(640!998)
315,(696!84),(151!199),(714!266),,,(60!830),(823!876),(1159!1007),,,,(59!787),(65!498),(640!998)
316,(696!79),(151!199),(714!266),,,(59!830),(823!876),(1160!1006),,,,(57!786),(65!498),(640!998)
317,(697!83),(151!199),(715!266),,,(59!831),(823!876),(1161!1006),,,,(60!787),(64!499),(640!998)
318,(696!84),(151!199),(715!266),,(44!590),(59!831),(823!875),(1161!1006),,(837!7),,(59!786),(65!498),(640!998)
319,(696!84),(151!199),(716!266),,(37!624),(59!830),(824!875),(1162!1006),,,(44!590),(58!786),(64!498),(640!998)
320,(699!84),(151!199),(716!266),,(37!623),(60!830),(824!874),(1162!1006),,,,(57!784),(65!498),(640!998)
321,(696!84),(151!199),(716!266),,(43!590),(58!831),(824!873),(1164!1005),,,,(58!784),(63!497),(641!998)
322,(695!84),(151!198),(716!266),,(44!590),(59!831),(824!873),(1165!1005),,,,(58!784),(63!498),(640!998)
323,(696!84),(151!199),(717!265),,,(59!831),(824!873),(1166!1005),,,,(60!785),(65!498),
324,(696!84),(151!199),(717!266),,,(59!831),(824!873),(1167!1007),,,,,(65!498),(640!998)
325,(696!84),(151!199),(716!265),,,(60!830),(825!872),(1167!1004),,,(42!591),(59!785),(61!498),(641!998)
326,(698!84),(151!199),(716!265),,,(59!830),(825!872),(1168!1007),,,,(60!784),(64!498),(640!998)
327,(696!84),(151!198),(715!265),,,(59!831),(825!871),(1168!1006),,,,,(62!498),(641!998)
328,(697!84),(151!199),(715!265),,,(59!830),(825!872),(1169!1004),,(660!7),(44!591),(59!785),(62!498),(640!998)
329,(696!84),(151!199),(715!264),,,(59!831),(825!872),(1169!1004),,,,(59!785),(61!498),(640!998)
330,(696!84),(151!199),(715!264),,,(59!830),(825!872),(1170!1003),,,,(59!784),(45!591),(640!998)
331,(696!84),(151!199),(715!264),,,(60!830),(824!871),(1170!1003),,,,,,(641!998)
332,(696!84),(151!199),(715!263),,(60!497),(60!830),(825!872),(1170!1003),,,,,,(640!998)
333,(696!84),(151!198),(715!263),,(53!784),(60!829),(824!871),(1171!1002),,,,,,(641!998)
334,(696!84),(151!198),(716!263),,(62!498),(59!830),(824!872),(1171!1002),,,,,,(640!998)
335,(696!84),(151!198),(716!263),,(61!498),(59!829),(824!871),(1172!1002),,,,(55!787),,(641!998)
336,(696!84),(151!198),(716!263),,(65!498),(59!830),(824!871),(1172!1003),,,,(57!784),,(641!998)
337,(696!84),(151!198),(716!262),,(61!497),(59!830),(824!871),(1172!1002),,,,,,(640!998)
338,(696!84),(151!199),(716!263),,(62!498),(59!830),(825!871),(1173!1001),,,,(58!784),,(641!998)
339,(696!83),(151!198),(716!262),,,(59!830),(825!870),(1173!1001),,,,(56!786),,(640!997)
340,(696!84),(151!199),(716!262),,(61!497),(59!830),(826!871),(1174!1001),,,,(56!784),,(640!998)
341,(696!83),(151!198),(715!262),,,(59!829),(825!870),(1174!1000),,,,(58!784),,(640!997)
342,(696!83),(151!198),(715!262),,,(59!830),(826!871),(1175!1001),,,,(58!785),,(640!998)
343,(696!84),(151!198),(715!262),,(61!498),(59!831),(826!871),(1174!1001),,,,(57!784),,(641!998)
344,(696!84),(151!199),(715!262),,(62!498),(59!831),(826!871),(1175!1000),,,,(58!784),,(641!998)
345,(697!82),(151!198),(715!261),,(61!498),(59!830),(825!871),(1175!1001),,,,(58!785),,(640!998)
346,(697!83),(151!199),(714!262),,,(59!829),(825!871),(1176!1000),,,,(57!785),,(640!998)
347,(697!84),(151!198),(715!262),,,(59!831),(825!870),(1176!1000),,,,(61!498),,(640!998)
348,(697!83),(151!199),(714!263),,(58!785),(59!831),(825!870),(1177!1000),,,(41!590),(61!498),,(640!998)
349,(697!83),(151!198),(714!262),,,(59!831),(825!870),(1178!999),,,,(61!498),,(640!998)
350,(697!83),(151!198),(713!262),,,(59!831),(824!869),(1178!999),,,(58!784),(62!498),,(640!998)
351,(697!84),(151!199),(713!262),,,(58!830),(824!869),(1178!999),,,(57!784),(61!498),,(640!998)
352,(697!83),(151!199),(713!262),,,(58!831),(824!870),(1179!999),,,,(60!498),,(640!998)
353,(697!83),(151!198),(713!260),,,(58!831),(825!868),(1179!998),,,(57!784),,,(640!997)
354,(697!82),(151!198),(712!259),,,(60!829),(824!868),(1180!998),,,(62!497),,,
355,(697!82),(151!198),(712!260),,,(59!830),(824!868),(1180!997),,,,,,(640!998)
356,(697!82),(151!198),(711!259),,,(59!831),(824!868),(1181!997),,,,(60!498),(57!784),(641!998)
357,(697!82),(151!198),(711!258),,,(59!830),(824!867),(1181!997),,,,(61!498),(57!784),(640!998)
358,(697!83),(151!198),(711!258),,,(60!829),(824!867),(1182!997),,,,(62!498),(58!784),(640!998)
359,(697!83),(151!198),(711!258),,,(60!830),(824!867),(1183!996),(44!583),,,(61!498),(58!784),(640!998)
360,(697!83),(151!199),(711!258),,,(60!830),(824!867),(1184!996),(43!587),,,(62!496),(58!785),(640!998)
361,(697!83),(151!199),(710!258),,,(59!827),(824!866),(1184!996),,,,(61!498),(58!785),(639!998)
362,(697!83),(151!199),(710!258),,,(60!828),(824!866),(1185!995),,,,,(58!784),(640!998)
363,(697!83),(151!199),(710!258),,,(60!829),(824!866),(1186!994),(39!614),,,(64!498),(58!784),(640!998)
364,(697!83),(151!199),(710!258),,,(60!829),(824!867),(1187!994),,,,(61!496),(58!784),(640!998)
365,(697!83),(151!199),(711!257),,,(60!828),(824!866),(1188!993),,,,(62!496),(38!615),(640!998)
366,(697!83),(151!199),(710!258),,,(60!827),(824!867),(1188!994),,,,(61!498),(58!783),(639!998)
367,(697!83),(151!199),(711!258),,,(59!783),(824!866),(1189!993),,,,(62!498),(60!827),(640!998)
368,(697!83),(151!199),(711!258),,,(58!783),(824!865),(1189!993),,,,(61!498),(60!827),(639!998)
369,(696!83),(151!199),(711!258),,,(58!783),(825!865),(1190!993),,,,(62!498),(60!827),(640!998)
370,(696!84),(151!199),(711!258),,,(57!783),(824!865),(1189!993),,,,(61!498),(60!827),(639!998)
371,(697!83),(151!199),(711!257),,,(58!783),(825!865),(1190!993),,,,(61!498),(60!826),
372,(696!83),(151!199),(711!258),,,,(825!866),(1191!994),,,,,(60!827),(640!998)
373,(696!84),(151!199),(711!258),,,,(825!866),(1192!994),,,,(61!497),(60!827),(640!998)
374,(696!84),(151!199),(711!258),,,(58!782),(825!865),(1193!994),,,,(62!499),(61!826),(640!998)
375,(696!84),(151!199),(711!258),,,(56!783),(825!865),(1194!994),,,,(62!498),(61!826),(640!998)
376,(696!84),(151!199),(711!258),,,,(826!865),(1195!995),,,,(61!498),(60!826),(640!998)
377,(696!84),(151!199),(711!258),,,(59!783),(826!865),(1195!995),,,,(62!498),(60!826),(640!998)
378,(696!84),(151!199),(711!258),,,(58!784),(825!865),(1195!995),,,,,(61!825),(640!998)
379,(696!84),(151!199),(710!258),,,(61!499),(826!866),(1196!995),,,,,(61!826),(640!998)
380,(697!84),(151!199),(710!258),,,(61!499),(826!865),(1196!995),(57!784),,,,(61!825),(640!998)
381,,(151!199),(710!258),,,,(826!865),(1196!995),(61!825),,,,(59!784),(640!998)
382,(700!83),(151!199),(710!258),,,,(827!865),(1197!995),(61!825),,,(62!499),(59!784),(640!998)
383,(699!83),(151!199),(710!258),,,,(827!865),(1197!996),(60!826),,,,,(639!998)
384,(697!84),(151!199),(709!258),,,,(827!865),(1197!995),(59!825),,,(64!499),(59!785),(639!999)
385,(698!83),(151!199),(709!258),,,,(827!865),(1197!995),(60!825),,,(62!498),(59!785),(639!999)
386,(698!83),(151!200),(709!258),,,,(827!864),(1197!995),(60!824),,,(61!499),(59!784),(640!998)
387,(696!84),(151!199),(709!257),,,,(827!864),(1198!996),(60!824),,,(61!498),(59!784),(639!999)
388,(696!84),(151!199),(709!257),,,(40!782),(827!864),(1199!996),(60!825),,,(65!499),(59!784),
389,(696!84),(151!199),(709!256),,,,(827!864),(1200!996),(60!825),,,(61!499),(59!784),(639!999)
390,(696!84),(151!199),(709!257),,,,(827!864),(1202!995),(59!823),,,,(57!782),(639!998)
391,(696!83),(151!199),(709!256),,,,(827!864),(1203!995),(59!824),,,,(61!499),(639!998)
392,(696!83),(151!199),(708!256),,,,(827!864),(1204!996),(59!823),,,,(59!785),(639!998)
393,(696!83),(151!199),(708!256),,,,(828!864),(1205!996),(59!822),,,,(58!785),(639!998)
394,(697!83),(151!199),(708!255),,,,(828!864),(1206!996),(59!822),,,,(56!785),(639!998)
395,(696!84),(151!199),(708!255),,,,(828!864),(1207!995),(59!821),,,,(57!783),(639!998)
396,(696!84),(151!199),(708!255),,,,(828!864),(1207!996),(59!822),,,(65!499),(56!792),(639!998)
397,(697!84),(151!199),(708!255),,,,(828!864),(1208!996),(59!822),,,(61!499),(59!784),(640!998)
398,(697!84),(151!199),(707!255),,,,(828!864),(1209!997),(60!821),,,(64!499),(56!793),(640!998)
399,(696!84),(151!199),(707!255),,,,(828!864),(1209!997),(59!822),,,(65!499),(59!784),(639!998)
400,(696!84),(151!199),(707!255),,,,(828!864),(1209!997),(59!822),,,(63!499),,(639!998)
401,(696!84),(151!199),(707!255),,,,(828!864),(1210!997),(59!822),,,(61!499),(57!783),(640!998)
402,(697!84),(151!199),(707!254),,,,(828!864),(1211!997),(59!822),,,(61!499),(59!784),(639!998)
403,(697!84),(151!199),(707!254),,,,(828!864),(1212!998),(60!821),,,(61!499),(59!784),(640!998)
404,(697!84),(151!199),(707!254),,,,(828!864),(1212!998),(60!822),,,(61!497),(59!784),(639!998)
405,(696!83),(151!199),(707!255),,,,(828!863),(1212!998),(60!822),,,(61!493),(59!784),(640!998)
406,(696!83),(151!199),(707!254),,,,(828!863),(1212!998),(60!821),,,(61!497),(60!784),(639!998)
407,(696!83),(151!199),(707!253),,,,(829!863),(1212!998),(60!821),,,(61!498),(59!784),(640!998)
408,(697!83),(151!199),(706!253),,,,(829!863),(1213!997),(60!821),,,(61!499),(59!783),(640!998)
409,(696!83),(151!199),(706!253),,,,(829!863),(1213!998),(60!821),,,,(59!784),(640!998)
410,(696!83),(151!199),(706!252),,,,(830!863),(1213!999),(61!818),,,(61!496),(60!784),(640!998)
411,(697!83),(151!198),(706!252),,,,(829!863),(1213!999),,,,(62!497),(59!784),(640!998)
412,(696!83),(151!199),(706!252),,,,(829!863),(1213!998),(65!819),,,(61!497),(60!783),
413,(696!83),(151!199),(706!252),,,,(829!863),(1213!998),(64!819),,,,(60!783),(640!998)
414,(696!83),(151!199),(706!251),,,,(829!863),(1213!998),(63!818),,,(61!497),(60!783),(639!998)
415,(696!83),(151!199),(706!251),,,,(829!863),(1213!998),(63!819),,,(63!497),(60!783),
416,(696!83),(151!199),(706!251),,,,(828!864),(1214!998),(63!819),,,(61!497),(60!784),(640!998)
417,(696!84),(151!199),(706!251),,,,(828!863),(1214!999),(63!818),,,,(60!784),
418,(696!84),(151!199),(706!251),,,,(829!863),(1215!1000),(63!818),,,,(60!783),(639!998)
419,(696!83),(151!199),(706!250),,,,(829!863),(1215!1000),(63!819),,,,(60!784),(640!998)
420,(698!83),(151!199),(706!250),,,,(830!862),(1215!1000),(64!819),,,,(59!784),(640!998)
421,(696!83),(151!199),(705!251),,,,(830!862),(1215!1000),(64!818),,,(61!497),(60!784),
422,(698!83),(151!199),(705!250),,,,(830!862),(1215!999),(63!818),,,(61!498),(59!784),(639!998)
423,(696!83),(151!199),(705!250),,,,(830!862),(1215!999),(64!818),,,(61!498),(60!784),(639!998)
424,(696!83),(151!199),(706!251),,,,(830!861),(1216!1000),(64!818),,,(61!498),(59!783),(640!998)
425,(696!84),(151!200),(705!251),,,,(830!861),(1216!1000),(63!818),,,(61!497),(60!783),(639!998)
426,(696!83),(151!199),(706!251),,,,(830!861),(1216!1000),(64!818),,,(61!497),,(640!998)
427,(696!83),(151!199),(706!251),,,,(830!862),(1216!1000),(64!818),,,,,(640!998)
428,(696!84),(151!200),(705!251),,,,(830!862),(1216!1000),(64!818),,,(61!498),(37!609),(640!998)
429,(696!83),(151!199),(705!249),,,,(830!861),(1215!1000),(63!818),,,,(57!783),
430,(696!83),(151!199),(706!249),,,,(830!862),(1216!1000),(64!818),,,(61!497),(58!783),(640!998)
431,(696!83),(151!199),(706!248),,,,(830!862),(1217!1000),(64!817),,,,,(640!998)
432,(696!83),(151!200),(705!248),,,,(830!862),(1217!1001),(64!818),,,(62!497),,(640!998)
433,(696!84),(151!200),(705!248),,,,(831!862),(1217!1001),(64!817),,,(61!496),(59!783),(640!998)
434,(696!83),(151!199),(705!248),,,,(831!861),(1217!1001),(64!818),,,(61!497),(58!783),(639!1002)
435,(695!83),(151!200),(704!248),,,,(831!861),(1217!1002),(64!817),,,(41!621),(58!783),(638!1002)
436,(696!83),(151!200),(704!248),,,,(831!861),(1219!1003),(64!818),,,(41!621),(61!495),(639!1001)
437,(695!83),(151!200),(704!248),,,,(831!861),(1219!1003),(63!817),,,(60!783),(61!494),(639!1001)
438,(696!83),(151!200),(704!248),,,,(831!861),(1219!1003),(63!817),,,(58!783),(61!497),(638!1001)
439,(695!83),(151!200),(703!247),,,,(831!861),(1220!1004),(61!818),,,(59!783),(60!498),(638!1002)
440,(695!83),(151!200),(703!246),,,,(831!861),(1221!1004),(61!818),,,(58!783),(61!498),(638!1001)
441,(696!83),(151!200),(703!247),,,,(831!861),(1221!1005),(64!818),,,(60!784),(61!499),(638!1002)
442,(695!82),(151!199),(703!246),,,,(831!861),(1221!1004),(61!818),,,(58!783),(60!498),(638!1001)
443,(696!83),(151!200),(703!246),,,,(832!861),(1222!1005),(62!818),,,(59!783),(61!497),(639!1002)
444,(696!83),(151!199),(703!245),,,,(831!861),(1222!1004),(61!819),,,(60!783),(60!497),(639!1001)
445,(696!83),(151!200),(703!245),,,,(831!861),(1222!1005),(61!818),,,(60!783),,(638!1001)
446,(696!82),(151!200),(703!245),,,,(831!861),(1221!1005),(61!819),,,(59!783),(61!497),(639!1001)
447,(695!83),(151!200),(703!245),,,,(831!861),(1221!1005),(61!820),,,(59!782),(62!498),(638!1002)
448,(696!83),(151!200),(703!245),,,,(831!861),(1221!1004),,,,,(40!622),(639!1001)
449,(696!83),(151!200),(703!245),,,,(831!861),(1221!1005),(40!622),,,(40!581),(59!782),(638!1001)
450,(695!83),(151!200),(703!245),,,,(831!861),(1221!1005),(59!783),,,,(61!819),(639!998)
451,(695!78),(151!200),(703!245),,,,(832!861),(1220!1005),(59!783),,,(61!497),(60!819),(638!1001)
452,(696!83),(151!200),(703!245),,,,(832!861),(1221!1005),(60!783),,,(41!622),(61!819),(640!998)
453,(695!83),(151!200),(702!245),,,,(832!861),(1220!1006),(60!782),,,,(60!820),(638!1002)
454,(696!80),(151!200),(702!244),,,,(832!861),(1220!1005),(58!782),,,(61!496),(60!820),(639!998)
455,(696!81),(151!200),(701!244),,,,(831!861),(1220!1006),(58!783),,,(61!497),(60!819),(638!1002)
456,(695!83),(151!200),(701!244),,,,(832!861),(1220!1005),(59!783),,,,(60!821),
457,(696!83),(151!200),(700!243),,,,(832!861),(1220!1006),(59!782),,,(61!496),(60!821),(639!1002)
458,(695!83),(151!201),(700!243),,,,(832!861),(1220!1006),(59!783),,,(61!497),(60!820),(638!1001)
459,(695!83),(151!200),(700!243),,,,(832!861),(1220!1005),,,,(61!497),(60!820),(638!1001)
460,(696!83),(152!200),(701!242),,,,(832!861),(1220!1006),,,,,(60!820),(638!1002)
461,(696!83),(151!200),(701!243),,,,(832!861),(1220!1006),,,,(61!498),(60!820),(639!1001)
462,(695!83),(151!200),(700!243),,,,(832!861),(1220!1006),,,,(63!497),(61!820),(638!1002)
463,(695!83),(151!200),(701!243),,,,(832!861),(1220!1006),,,,(60!495),(60!821),(638!1001)
464,(695!83),(151!200),(700!243),,,,(833!860),(1220!1006),(60!783),,,,(60!820),(639!1001)
465,(695!83),(151!200),(700!243),,,,(833!860),(1220!1006),(59!783),,,,(61!820),(639!1002)
466,(695!82),(151!200),(701!243),,,,(833!860),(1219!1006),(59!782),,,(60!495),(61!819),(638!1002)
467,(695!82),(151!200),(701!243),,,,(833!860),(1219!1005),(60!782),,,,(60!820),(638!1001)
468,(695!82),(151!200),(701!243),,,,(834!860),(1219!1006),(60!782),,,(38!594),(61!820),(640!998)
469,(695!82),(150!200),(700!242),,,,(834!860),(1219!1006),(60!782),,,,(61!819),(640!998)
470,(695!83),(150!200),(700!242),,,,(834!859),(1219!1006),(57!783),,,(61!498),(61!819),(639!1001)
471,(696!83),(151!200),(701!242),,,,(835!860),(1219!1006),(59!782),,,(60!495),(61!820),(639!1001)
472,(696!83),(151!200),(700!242),,,,(835!861),(1219!1006),(60!782),,,(61!498),(61!820),(639!1001)
473,(696!83),(151!200),(701!242),,,,(835!860),(1219!1006),(60!782),,,,(61!821),(639!1002)
474,(696!82),(151!200),(700!242),,,,(835!860),(1219!1007),(57!781),,,(39!591),(61!820),(638!1001)
475,(696!82),(151!200),(700!242),,,,(835!860),(1219!1006),(60!782),,,,(61!820),(638!1001)
476,(695!82),(151!200),(700!242),,,,(835!860),(1219!1006),(60!783),,,(60!497),(61!821),(639!1001)
477,(696!83),(152!200),(700!242),,,,(835!859),(1219!1006),(59!782),,,(61!497),(61!820),(640!997)
478,(696!82),(152!200),(700!242),,,,(835!860),(1219!1007),(59!782),,,(63!497),(61!820),
479,(697!82),(152!200),(700!242),,,,(835!859),(1219!1007),(58!783),,,(61!496),(62!820),(640!998)
480,(697!82),(151!200),(700!242),,,,(835!859),(1219!1006),(58!782),,,,(62!820),(639!998)
481,(696!82),(151!200),(700!242),,,,(835!859),(1219!1006),(60!782),,,,(62!820),(640!998)
482,(696!82),(152!200),(700!241),,,,(836!857),(1219!1006),(59!782),,,(48!353),(61!820),
483,(696!82),(152!200),(699!241),,,,(836!857),(1219!1006),(59!782),,,,(61!820),
484,(696!82),(152!200),(699!241),,,,(836!857),(1219!1005),(59!781),,,,(61!819),(639!997)
485,(696!82),(151!200),(699!240),,,,(835!857),(1219!1006),(59!782),,,(47!349),(61!820),(639!997)
486,(696!82),(151!200),(698!240),,,,(836!857),(1219!1006),(59!781),,,(61!497),(62!820),(639!997)
487,(696!82),(152!200),(698!240),,,,(836!857),(1219!1006),(39!620),,,(61!498),(62!820),(639!997)
488,(696!82),(152!200),(698!240),,,,(836!857),(1220!1006),(61!497),,,(59!782),(62!820),(640!998)
489,(696!82),(152!200),(698!240),,,,(836!857),(1220!1007),(61!498),,,(62!820),(57!783),(640!998)
490,(696!82),(152!200),(698!240),,,,(836!857),(1219!1007),,,,(62!820),(59!782),(639!998)
491,(696!82),(151!200),(697!240),,,,(836!857),(1220!1007),(60!497),,,(61!820),(59!783),(639!998)
492,(695!82),(151!200),(696!239),,,,(836!857),(1221!1006),(60!497),,,(62!820),(59!782),(639!998)
493,(696!82),(151!200),(697!240),,,,(836!856),(1222!1006),(61!498),,,(62!820),(59!782),
494,(697!82),(152!200),(697!240),,,,(836!856),(1223!1005),(63!496),,,(62!820),(59!782),(639!997)
495,(697!82),(152!200),(697!240),,,,(836!856),(1223!1006),(42!589),,,(62!820),(58!782),
496,(697!82),(152!200),(696!240),,,,(836!856),(1222!1006),,,,(61!820),(59!782),(639!998)
497,(698!82),(152!200),(697!239),,,,(836!857),(1224!1007),(42!589),,,(62!820),(59!782),(639!997)
498,(698!81),(151!200),(697!239),,,,(836!857),(1224!1007),(39!620),,,(61!820),(58!782),(639!997)
499,(698!82),(152!200),(697!240),,,,(836!857),(1224!1007),(60!498),,,(61!820),(59!782),
500,(698!82),(151!200),(697!240),,,,(836!858),(1226!1007),,,,(61!820),(59!782),
501,(698!81),(151!200),(697!239),,,,(836!858),,(61!498),,,(62!820),(59!782),(640!998)
502,(695!82),(151!200),(698!239),,,,(836!858),,(60!497),,,(61!820),(58!782),(639!998)
503,(695!82),(152!200),(697!239),,,,(837!858),,(61!498),,,(61!820),(58!782),(639!998)
504,(695!82),(152!200),(697!239),,,,(837!858),,,,,(62!820),(58!782),(639!998)
505,(696!82),(151!200),(698!239),,,,(837!858),,,,,(61!820),(59!782),(639!998)
506,(695!82),(151!200),(698!238),,,,(837!858),,(60!497),,,(61!820),(56!782),(639!998)
507,(701!82),(152!200),(698!239),,,,(837!859),,(61!498),,,(61!821),(59!782),(639!998)
508,(695!82),(152!200),(699!239),,,,(836!859),,(60!497),,,(61!820),(58!782),(639!998)
509,(695!83),(152!201),(698!239),,,,(838!859),,(60!498),,,(62!821),(59!783),(639!999)
510,(695!83),(152!200),(701!241),,,,(838!859),,(63!498),,,(61!820),,(640!998)
511,(696!83),(152!200),(698!240),,,,(838!859),,(60!498),,,(62!821),(59!783),(639!998)
512,(696!83),(152!200),(698!238),,,,(838!859),,,,,(61!821),(59!782),(640!998)
513,(697!83),(152!200),(698!238),,,,(838!859),,(61!498),,,(61!820),(60!783),(639!998)
514,(696!83),(152!200),(698!238),,,,(838!859),,,,,(62!820),(59!783),(639!998)
515,(697!82),(152!200),(698!238),,,,(838!859),,,,,(62!820),(59!782),(640!998)
516,(697!82),(152!200),(698!237),,,,(839!859),,(61!498),,,(62!820),(59!782),(639!998)
517,(698!81),(152!200),(698!237),,,,(838!859),,(60!498),,,(62!820),(59!783),(640!998)
518,(698!80),(152!200),(698!236),,,,(838!858),,,,,(61!820),(59!782),(640!998)
519,(698!80),(152!200),(697!235),,,,(839!858),,(61!498),,,(62!820),(59!782),(640!998)
520,(697!82),(152!200),(697!235),,,,(838!858),,(61!497),,,(62!820),(59!782),(640!997)
521,(697!82),(152!200),(697!235),,,,(838!857),,(60!498),,,(61!820),,(639!998)
522,(697!82),(152!200),(697!235),,,,(838!857),,(60!496),,,(62!820),(56!786),(640!998)
523,(698!80),(151!200),(697!235),,,,(838!856),,(60!498),,,(62!820),(58!782),(640!997)
524,(697!82),(152!200),(697!235),,,,(838!857),,(60!498),,,(61!820),(58!782),(639!998)
525,(699!80),(152!200),(697!234),,,,(838!856),,(60!497),,,(61!820),(58!782),(639!998)
526,(699!81),(151!200),(697!234),,,,(838!856),,(60!498),,,(61!820),(56!782),(639!998)
527,(698!80),(151!200),(697!234),,,,(838!856),,(60!498),,,(61!820),(58!782),(639!998)
528,(698!81),(152!200),(697!235),,,,(838!856),,,,,(61!820),,(639!998)
529,(696!82),(151!200),(697!234),,,,(838!856),,(60!498),,,(62!820),(58!782),(640!998)
530,(696!82),(151!200),(696!235),,,,(838!856),,,,,(61!820),(58!782),(639!998)
531,(696!82),(151!200),(696!235),,,,(838!855),,,,,(62!820),(58!782),(639!998)
532,(696!82),(151!200),(696!235),,,,(838!856),,,,,(61!820),(58!782),(639!998)
533,(696!82),(151!200),(696!235),,,,(838!855),,,,,(60!820),(58!782),(639!998)
534,(697!81),(151!200),(696!235),,,,(838!855),,(62!497),,,(60!820),(58!782),(639!997)
535,(696!82),(152!200),(696!235),,,,(838!854),,,,,(61!820),(58!783),(639!998)
536,(696!82),(152!200),(696!235),,,,(838!855),,(60!497),,,(61!820),(58!783),(639!998)
537,(696!82),(151!200),(695!234),,,,(838!854),,(60!497),,,(61!820),(58!782),(640!998)
538,(696!82),(152!200),(695!235),,,,(838!854),,(60!495),,,(61!819),(58!783),(639!998)
539,(696!81),(152!200),(695!234),,,,(838!854),,(60!496),,,(61!819),,(639!998)
540,(696!82),(152!200),(696!234),,,,(839!854),,,,,(61!820),(58!783),(640!998)
541,(696!80),(152!200),(696!234),,,,(840!853),,(61!497),,,(61!819),(59!782),(639!997)
542,(696!82),(152!200),(696!234),,,,(839!853),,(40!586),,,(61!820),,(639!998)
543,(696!81),(152!200),(695!234),,,,(840!853),,(59!783),,,(61!819),(61!497),
544,(696!82),(152!200),(695!234),,,,(840!853),,(61!819),,,(58!783),(61!498),
545,(696!82),(152!200),(695!234),,,,(840!853),,(60!819),,,(57!783),,(639!998)
546,(696!82),(152!200),(695!234),,,,(840!853),,(61!819),,,(59!783),,(639!998)
547,(696!82),(152!200),(694!234),,,,(839!853),,(60!818),,,(58!783),,(639!997)
548,(696!82),(152!200),(694!234),,,,(840!853),,(61!818),,,(57!782),(60!497),
549,(696!82),(152!200),(695!234),,,,(840!853),,(61!818),,,(58!782),(60!498),(639!998)
550,(696!81),(151!200),(695!234),,,,(840!853),,(61!817),,,(57!782),,
551,(696!81),(152!200),(695!234),,,,(841!852),,(61!817),,,(58!782),,(640!997)
552,(696!81),(152!200),(695!234),,,,(841!852),,(61!817),,,,,(639!997)
553,(696!81),(152!200),(695!234),,,,(841!852),,(61!817),,,(41!590),(61!498),(639!997)
554,(696!81),(152!200),(695!234),,,,(841!852),,(61!818),,,(41!590),(61!498),(640!997)
555,(696!82),(152!200),(695!235),,,,(840!852),,(60!817),,,,(60!497),
556,(697!82),(152!200),(695!234),,,,(840!852),,(60!817),,,,(60!495),
557,(696!82),(152!200),(695!234),,,,(841!851),,(61!816),,,(58!783),(61!497),
558,(696!82),(151!200),(695!234),,,,(841!851),,(61!816),,,(58!783),,(639!997)
559,(696!83),(152!200),(695!234),,,,(841!851),,,,,,,(639!998)
560,(696!83),(152!200),(695!234),,,,(842!851),,,,,,(60!497),(639!998)
561,(696!83),(152!200),(695!234),,,,(841!851),,(60!815),,,,(57!783),(639!998)
562,(696!83),(151!200),(695!235),,,,(841!850),,(60!816),,,,(60!496),(639!997)
563,(696!83),(151!200),(695!235),,,,(841!850),,(61!815),,,(58!783),(60!497),(639!998)
564,(696!83),(151!200),(694!235),,,,(841!850),,(61!816),,,,(60!494),(639!998)
565,(695!83),(151!200),(694!235),,,,(841!850),,(61!816),,,(58!783),(60!497),(639!998)
566,(695!83),(151!200),(694!236),,,,(841!850),,,,,,,(639!998)
567,(696!83),(152!200),(694!236),,,,(841!850),,,,,,,(639!998)
568,(697!83),(152!200),(694!236),,,,(841!849),,,,,,,(639!998)
569,(697!82),(152!200),(695!235),,,,(842!849),,,,,,,(639!998)
570,(696!83),(152!200),(694!236),,,,(842!849),,,,,,,(639!998)
571,(696!83),(152!200),(694!237),,,,(842!849),,,,,,(60!497),(640!998)
572,(696!83),(152!200),(694!238),,,,(842!849),,,,,,(61!497),(640!998)
573,(696!83),(152!200),(694!239),,,,(842!849),,,,,,(44!582),(639!998)
574,(696!82),(152!200),(694!239),,,,(842!849),,,,,,(61!497),(640!997)
575,(695!82),(152!200),(694!239),,,,(842!849),,,,,(41!584),(60!498),(639!998)
576,(695!82),(151!200),(694!239),,,,(842!849),,,,,,,(640!998)
577,(696!83),(152!200),(694!240),,,,(842!849),,,,,,(61!498),
578,(696!83),(152!200),(694!240),,,,(842!849),,,,,,(62!497),(639!997)
579,(695!83),(152!200),(694!240),,,,(842!849),,,,,,,(639!998)
580,(695!83),(152!200),(694!240),,,,(842!849),,,,,,(60!497),(639!998)
581,(695!83),(152!200),(695!239),,,,(842!849),,,,,,(63!497),(639!998)
582,(695!83),(152!200),(695!240),,,,(842!849),,,,,,,(639!997)
583,(695!82),(151!200),(695!240),,,,(842!849),,(37!578),,,,(62!498),(639!998)
584,(695!83),(152!200),(696!240),,,,(842!848),,(37!585),,,,,(639!998)
585,(695!83),(152!200),(696!240),,,,(842!848),,,,,,,(639!998)
586,(695!82),(152!200),(696!240),,,,(841!848),,,,,,,(639!998)
587,(695!82),(151!200),(696!241),,,,(842!848),,,,,,,(640!998)
588,(695!82),(152!200),(697!242),,,,(842!848),,,,,,(60!496),(640!998)
589,(696!82),(152!200),(697!242),,,,(842!848),,(36!580),,,,(60!498),(639!997)
590,(696!81),(152!200),(697!242),,,,(842!847),,,,,,(63!498),(639!997)
591,(696!83),(152!200),(697!242),,,,(842!848),,,,,,(60!497),
592,(695!79),(152!200),(697!242),,,,(842!847),,,,,,(63!498),(639!997)
593,(696!82),(152!200),(697!241),,,,(842!847),,,,,,(63!497),(639!997)
594,(696!82),(152!200),(697!241),,,,(842!848),,,,,,,(639!998)
595,(695!82),(152!200),(696!241),,,,(841!847),,(37!581),,,,,(639!997)
596,(695!82),(152!200),(696!242),,,,(842!847),,,,,,,(639!998)
597,(695!83),(152!200),(696!242),,,,(842!847),,,,,,(61!498),(639!998)
598,(696!82),(152!200),(696!241),,,,(841!847),,,,,,(60!497),(639!998)
599,(696!83),(152!200),(696!242),,,,(841!847),,,,,,,(639!998)
600,(696!83),(152!200),(696!242),,,,(842!847),,,,,,,(639!998)
601,(696!83),(152!200),(696!242),,,,(842!847),,,,,,,(639!998)
602,(696!83),(152!200),(696!242),,,,(842!847),,,,,,,(639!998)
603,(697!82),(152!200),(696!242),,,,(842!847),,,,,,,(639!998)
604,(696!83),(152!200),(696!242),,,,(842!847),,,,,,,(639!998)
605,(697!82),(152!200),(696!242),,,,(842!848),,(42!586),,,,(61!498),(639!998)
606,(697!82),(151!200),(696!242),,,,(842!847),,,,,,,(639!998)
607,(698!82),(152!200),(696!242),,,,(841!847),,,,,,,(639!998)
608,(698!82),(151!200),(695!243),,,,(842!848),,,,,,(61!498),(639!998)
609,(697!82),(151!200),(695!242),,,,(842!847),,,,,,(60!497),(639!998)
610,(697!82),(152!200),(695!243),,,,(842!847),,,,,,(60!498),(638!1002)
611,(697!82),(152!200),(695!242),,,,(842!847),,,,,,(60!498),(639!998)
612,(697!82),(152!200),(695!242),,,,(842!847),,,,,,,(639!998)
613,(696!83),(152!200),(696!243),,,,(841!847),,,,,,(63!497),(639!998)
614,(696!83),(152!200),(696!243),,,,(842!847),,,,,,,(639!998)
615,(696!83),(152!200),(696!243),,,,(842!847),,,,,,,(639!998)
616,(696!83),(152!200),(696!243),,,,(842!846),,,,,,,(640!998)
617,(696!84),(152!200),(695!243),,,,(842!847),,,,,,(60!498),(640!998)
618,(696!83),(152!200),(695!243),,,,(842!846),,,,,,(64!499),(639!998)
619,(696!83),(152!200),(695!243),,,,(842!846),,,,,,,(639!998)
620,(696!83),(152!200),(695!243),,,,(842!846),,,,,,,(639!998)
621,(696!83),(152!200),(695!243),,,,(842!846),,,,,,(64!499),(639!998)
622,(696!83),(152!200),(695!242),,,,(842!846),,(40!587),,,,(61!498),(639!998)
623,(696!83),(152!200),(695!242),,,,(842!846),,,,,,(63!499),(639!998)
624,(696!83),(152!200),(695!242),,,,(842!845),,,,,,(60!497),(639!998)
625,(696!82),(152!200),(695!242),,,,(842!846),,,,,,(60!497),(639!998)
626,(696!83),(152!200),(695!242),,,,(842!846),,,,,,,
627,(696!83),(152!200),(695!242),,,,(842!846),,,,,,,(639!998)
628,(698!81),(152!200),(694!242),,,,(843!846),,,,,,(60!496),(638!1003)
629,(696!82),(152!200),(694!241),,,,(843!846),,,,,,(63!498),(638!1003)
630,(696!82),(152!200),(694!241),,,,(843!845),,,,,,,(638!1003)
631,(696!82),(152!200),(694!241),,,,(844!845),,,,,,,(639!998)
632,(697!80),(152!200),(694!241),,,,(844!845),,,,,,(62!498),(638!1003)
633,(697!81),(152!200),(694!240),,,,(843!845),,,,,,(60!497),(638!1002)
634,(698!80),(152!200),(694!241),,,,(843!845),,,,,,(63!496),(638!1002)
635,(697!81),(152!201),(694!241),,,,(843!845),,,,,,(61!492),(639!998)
636,(698!80),(152!200),(694!241),,,,(843!845),,,,,,(60!494),(638!1002)
637,(698!81),(152!200),(694!241),,,,(844!845),,,,,,(62!498),(639!1002)
638,(698!81),(152!200),(693!241),,,,(844!845),,,,,,,(638!1003)
639,(698!81),(152!200),(692!241),,,,(844!844),,,,,,(61!498),(638!1003)
640,(696!83),(152!200),(693!241),,,,(844!844),,,,,,(60!498),(638!1002)
641,(697!82),(152!200),(693!241),,,,(844!844),,,,,,(64!498),(638!1002)
642,(696!83),(152!200),(693!241),,,,(844!844),,,,,,(61!497),(638!1002)
643,(696!83),(152!200),(693!241),,,,(844!844),,,,,,,(639!998)
644,(697!83),(152!200),(693!241),,,,(844!844),,,,,,(60!497),(639!1002)
645,(697!82),(152!200),(693!240),,,,(844!843),,,,,,(60!498),(638!1001)
646,(697!83),(152!200),(693!240),,,,(844!844),,,,,,,(638!1002)
647,(697!83),(152!200),(693!240),,,,(844!844),,,,,,,(638!1002)
648,(697!83),(152!200),(693!240),,,,(844!844),,,,,,(61!497),(639!1002)
649,(697!83),(152!200),(693!240),,,,(844!843),,,,,,,(638!1002)
650,(697!83),(152!200),(693!240),,,,(844!843),,,,,,,(638!1002)
651,(697!82),(152!200),(693!240),,,,(844!843),,,,,,(60!497),(639!998)
652,(697!83),(152!200),(693!240),,,,(844!843),,,,,,(60!497),(638!1001)
653,(697!82),(153!200),(693!240),,,,(845!843),,,,,,,(638!1002)
654,(696!82),(152!200),(692!240),,,,(844!843),,,,,,,(638!1002)
655,(696!82),(152!200),(692!240),,,,(845!844),,,,,,(64!498),(639!1002)
656,(696!83),(152!200),(692!239),,,,(845!843),,,,,,,(639!1002)
657,(696!82),(152!200),(692!240),,,,(845!843),,,,,,(60!497),(639!1002)
658,(696!82),(152!201),(691!240),,,,(845!843),,,,,,(61!497),(640!998)
659,(696!83),(152!201),(691!240),,,,(844!843),,,,,,(60!496),(639!998)
660,(696!83),(153!201),(691!240),,,,(844!843),,,,,,,(638!1002)
661,(696!82),(152!200),(690!239),,,,(844!842),,(42!621),,,,,(638!1002)
662,(696!82),(152!200),(690!239),,,,(844!842),,,,,,,(638!1002)
663,(696!82),(153!201),(690!240),,,,(844!842),,,,,,(62!496),(638!1002)
664,(696!82),(153!201),(691!240),,,,(845!842),,,,,,(62!497),(639!1002)
665,(696!82),(152!201),(690!240),,,,(844!842),,,,,,(61!497),(639!998)
666,(696!82),(152!201),(690!240),,,,(845!842),,(41!621),,,,(62!497),(639!1002)
667,(697!82),(152!201),(690!240),,,,(845!842),,(42!618),,,,,(639!998)
668,(696!82),(154!201),(690!240),,,,(845!843),,,,,,,(639!998)
669,(696!82),(153!201),(690!240),,,,(845!843),,,,,,(63!497),(639!998)
670,(696!82),(153!201),(690!240),,,,(845!843),,,,,,(60!498),(639!998)
671,(696!83),(153!202),(690!240),,,,(845!843),,,,,,(62!497),(639!998)
672,(696!83),(154!202),(690!240),,,,(846!843),,,,,,(61!497),(638!1002)
673,(696!83),(154!202),(690!240),,,,(846!843),,,,,,,(639!998)
674,(696!83),(154!202),(690!241),,,,(846!842),,(41!620),,,,,(639!998)
675,(696!83),(154!202),(690!241),,,,(847!842),,(41!618),,,,(61!497),(638!1002)
676,(696!83),(153!202),(690!241),,,,(847!841),,(40!620),,,,(60!498),(639!998)
677,(696!83),(154!202),(690!240),,,,(848!842),,(41!621),,,,(63!498),(639!998)
678,(695!82),(153!202),(689!240),,,,(848!841),,,,,,,(639!998)
679,(695!83),(154!202),(690!241),,,,(849!842),,(40!591),,,,(60!497),(639!998)
680,(696!82),(154!202),(690!241),,,,(848!842),,,,,,,(639!998)
681,(696!82),(154!202),(689!240),,,,(849!841),,,,,,(60!497),(639!998)
682,(695!82),(154!202),(689!241),,,,(849!841),,,,,,(62!498),(638!1002)
683,(695!82),(154!202),(688!241),,,,(849!842),,,,,,(60!498),(639!998)
684,(695!82),(154!202),(688!241),,,,(850!842),,,,,,(60!497),(639!998)
685,(695!82),(154!202),(688!241),,,,(850!841),,,,,,(60!497),(639!998)
686,(696!82),(154!203),(687!241),,,,(850!841),,,,,,(63!496),(639!998)
687,(695!83),(154!203),(687!242),,,,(850!842),,(39!570),,,,(60!496),(639!998)
688,(696!82),(154!202),(686!241),,,,(850!841),,,,,,(60!497),(639!998)
689,(695!82),(154!203),(686!242),,,,(849!841),,,,,,,(639!998)
690,(696!82),(154!202),(685!242),,,,(849!841),,,,,,(60!497),(639!998)
691,(698!80),(154!202),(685!243),,,,(849!841),,,,,,(60!497),(639!998)
692,(698!80),(154!202),(685!243),,,,(849!841),,,,,,(61!496),(639!998)
693,(698!80),(154!202),(684!243),,,,(849!841),,,,,,(60!496),(639!998)
694,(696!81),(154!201),(684!242),,,,(849!841),,,,,,(60!497),(639!997)
695,(696!82),(154!201),(684!243),,,,(849!841),,,,,,(60!495),(639!997)
696,(698!80),(154!201),(684!243),,,,(849!841),,,,,,(60!498),(639!997)
697,(697!82),(154!202),(685!243),,,,(849!841),,,,,,(60!497),(639!998)
698,(698!81),(154!200),(684!242),,,,(849!840),,(41!620),,,,(60!497),(640!998)
699,(696!82),(154!201),(684!242),,,,(849!840),,,,,,(61!498),(639!997)
700,(696!82),(154!201),(684!242),,,,(849!840),,,,,,(60!497),(639!998)
701,(696!82),(154!201),(684!242),,,,(849!840),,,,,,(60!497),(639!997)
702,(696!82),(154!200),(684!242),,,,(850!840),,(41!619),,,,(60!497),(639!998)
703,(696!82),(154!201),(684!243),,,,(850!840),,,,,,(60!497),(639!998)
704,(696!82),(156!202),(684!243),,,,(850!841),,,,,,(60!497),(639!998)
705,(696!82),(156!201),(684!243),,,,(850!840),,,,,,(60!496),(639!997)
706,(697!82),(156!202),(684!243),,,,(850!840),,,,,,(62!497),(639!998)
707,(696!82),(155!200),(684!243),,,,(850!840),,,,,,(61!497),(639!998)
708,(697!82),(156!201),(684!243),,,,(850!840),,,,,,(60!497),(639!998)
709,(697!82),(156!201),(684!243),,,,(850!840),,,,,,(61!497),(639!998)
710,(697!82),(156!201),(684!243),,,,(850!840),,,,,,(61!497),(639!998)
711,(697!82),(156!201),(684!243),,,,(850!839),,,,,,(61!497),(639!997)
712,(697!82),(156!201),(684!243),,,,(850!840),,,,,,(60!496),(640!998)
713,(696!82),(156!200),(683!243),,,,(850!839),,,,,,(61!497),(640!997)
714,(697!82),(156!200),(683!243),,,,(850!839),,,,,,(60!497),(639!998)
715,(696!82),(156!200),(683!243),,,,(850!839),,,,,,(61!497),(639!998)
716,(696!82),(156!200),(683!243),,,,(850!839),,,,,,(44!581),(639!997)
717,(696!82),(156!200),(683!244),,,,(851!839),,(61!498),,,,(39!599),(639!997)
718,(696!82),(156!201),(683!244),,,,(851!839),,,,,,,(639!998)
719,(696!82),(156!200),(683!244),,,,(851!838),,,,,,,(639!997)
720,(696!82),(156!200),(682!244),,,,(851!838),,,,,,,(639!998)
721,(696!82),(156!200),(682!244),,,,(851!838),,,,,,(61!497),(639!997)
722,(696!82),(156!200),(682!243),,,,(852!838),,(42!583),,,,(61!495),(640!998)
723,(696!82),(156!200),(682!244),,,,(853!837),,,,,,(61!498),(640!998)
724,(696!82),(156!200),(682!244),,,,(853!837),,,,,,(61!497),(639!998)
725,(696!83),(156!202),(682!244),,,,(853!837),,,,,,(62!497),(640!998)
726,(696!82),(156!201),(681!243),,,,(853!837),,(41!590),,,,(64!497),(640!998)
727,(697!82),(156!200),(682!242),,,,(853!836),,(42!585),,,,(61!498),(639!998)
728,(697!82),(156!200),(683!242),,,,(854!836),(1311!1015),,,,,(62!498),(640!998)
729,(698!82),(156!200),(682!243),,,,(853!835),,(41!589),,,,(61!497),(638!1000)
730,(697!82),(156!200),(682!243),,,,(853!835),,,,,,,(638!1000)
731,(697!82),(156!200),(682!243),,,,(853!836),(1313!1013),,,,,(61!497),(639!998)
732,(697!82),(155!201),(682!243),,,,(853!836),(1314!1013),(37!582),,,,(62!497),(638!1001)
733,(697!82),(156!200),(682!243),,,,(853!835),,(42!584),,,,(61!497),(639!998)
734,(697!82),(156!200),(682!243),,,,(853!835),,(42!589),,,,(61!497),(639!998)
735,(697!83),(155!200),(682!243),,,,(853!835),(1317!1011),,,,,(61!497),(639!998)
736,(697!82),(155!200),(681!243),,,,(853!834),(1318!1010),,,,,(61!498),(638!1000)
737,(696!82),(155!200),(682!243),,,,(853!834),(1319!1010),(35!624),,,,(61!498),(639!998)
738,(697!82),(154!200),(681!243),,,,(853!835),,,,,,(61!497),(639!998)
739,(698!82),(154!199),(682!242),,,,(853!834),,,,,,(61!497),(639!998)
740,(696!82),(154!199),(681!242),,,,(853!835),(1371!961),,,,,(61!497),(639!998)
741,(696!83),(154!200),(681!243),,,,(853!835),(1324!1009),(41!582),,,,(61!497),(639!998)
742,(696!83),(154!200),(681!243),,,,(853!834),(1324!1009),,,,,(62!495),(639!998)
743,(696!83),(154!200),(680!243),,,,(853!835),(1325!1009),,,,,(61!498),(639!998)
744,(696!83),(154!199),(680!243),,,,(853!835),(1326!1008),,,,,(62!498),(639!998)
745,(697!83),(154!200),(680!243),,,,(853!835),(1326!1008),,,,,(62!497),(638!1001)
746,(697!83),(154!200),(679!243),,,,(852!835),(1327!1008),,,,,(64!498),(638!1002)
747,(697!83),(154!200),(678!243),,,,(852!835),(1327!1008),,,,,(61!498),(639!998)
748,(696!83),(154!200),(678!243),,,,(852!835),(1327!1008),,,,,(61!498),(639!998)
749,(696!83),(154!200),(677!243),,,,(852!835),(1327!1007),,,,,,(639!999)
750,(697!84),(154!200),(678!243),,,,(852!835),(1327!1007),,,,,(61!498),(639!998)
751,(696!83),(154!200),(677!243),,,,(852!835),(1327!1006),,,,,,(639!998)
752,(697!83),(154!200),(677!242),,,,(852!835),(1328!1006),,,,,(61!496),(639!998)
753,(696!84),(154!200),(677!242),,,,(852!835),(1329!1006),,,,,,(639!998)
754,(697!83),(154!200),(677!242),,,,(852!835),(1329!1004),,,,,(64!498),(639!998)
755,(697!83),(154!200),(677!242),,,,(852!834),(1330!1004),,,,,,(639!998)
756,(697!83),(154!200),(677!242),,,,(852!835),(1331!1004),,,,,,(639!999)
757,(697!84),(154!201),(677!243),,,,(853!834),(1331!1004),,,,,(61!495),
758,(696!83),(154!200),(677!243),,,,(853!835),(1332!1003),,,,,(61!498),
759,(696!84),(154!200),(677!243),,,,(853!834),,,,,,(61!497),(639!998)
760,(696!83),(154!200),(676!243),,,,(852!834),,,,,,,(639!998)
761,(697!84),(154!200),(677!243),,,,(852!835),,,,,,(61!498),
762,(696!83),(154!200),(677!243),,,,(852!834),(1335!1002),,,,,,(639!998)
763,(696!83),(154!200),(676!243),,,,(852!834),,,,,,(65!498),(639!998)
764,(697!83),(154!200),(676!243),,,,(853!834),,,,,,(62!498),(639!998)
765,(696!84),(153!200),(676!243),,,,(853!834),,,,,,(61!496),(639!998)
766,(697!83),(154!200),(676!243),,,,(853!833),(1338!998),,,,,(62!497),(638!1001)
767,(696!83),(153!200),(676!243),,,,(854!833),,,,,,(61!498),(639!998)
768,(697!83),(153!200),(676!243),,,,(854!833),,,,,,,(638!1001)
769,(697!83),(153!200),(676!243),,,,(854!832),(1340!995),,,,,(61!497),(639!997)
770,(697!82),(153!199),(676!242),,,,(855!832),(1340!995),,,,,(61!498),(639!997)
771,(697!82),(153!199),(676!242),,,,(855!833),,,,,,,(639!998)
772,(697!82),(153!200),(676!242),,,,(855!833),(1340!995),,,,,,(639!998)
773,(696!82),(153!199),(676!242),,,,(855!833),,,,,,(61!497),(639!998)
774,(697!82),(153!199),(677!242),,,,(855!833),,,,,,(47!348),(639!998)
775,(696!82),(153!199),(676!242),,,,(856!833),,,,,,(38!590),(639!998)
776,(697!82),(154!199),(677!243),,,,(856!834),,,,,,(61!497),(639!998)
777,(697!82),(153!198),(677!243),,,,(855!834),,,,,,(38!585),(639!998)
778,(696!82),(153!198),(677!243),,,,(855!834),,,,,,(61!497),(639!998)
779,(696!82),(153!198),(677!243),,,,(855!833),,,,,,(60!497),(639!998)
780,(697!82),(154!198),(676!244),,,,(856!833),,,,,,(60!498),(639!998)
781,(696!82),(153!198),(675!244),,,,(854!832),,,,,,(63!498),(639!998)
782,(696!82),(154!198),(676!244),,,,(855!832),(1341!989),,,,,,(639!1000)
783,(697!82),(154!198),(675!244),,,,(856!832),,,,,,(61!497),(640!998)
784,(697!82),(155!198),(675!244),,,,(856!832),,(40!650),,,,(61!496),
785,(697!82),(154!198),(675!244),,,,(856!832),,,,,,(61!498),(640!998)
786,(697!82),(154!198),(675!243),,,,(855!831),,(40!590),,,,(61!497),(639!998)
787,(697!82),(154!197),(675!243),,,,(856!831),,(44!581),,,,(61!497),(639!998)
788,(696!82),(154!197),(675!243),,,,(856!831),,,,,,(62!497),
789,(697!82),(154!197),(675!243),,,,(856!830),,,,,,(61!497),
790,(697!82),(154!196),(676!244),,,,(856!831),,,,,,(61!498),(639!998)
791,(697!82),(154!197),(676!242),,,,(856!829),,,,,,(60!497),(639!997)
792,(697!82),(155!197),(676!242),,,,(857!830),,,,,,(61!497),(639!998)
793,(697!82),(154!197),(676!243),,,,(857!829),,,,,,(60!498),(640!998)
794,(696!82),(154!197),(675!244),,,,(858!829),,,,,,(60!498),(639!998)
795,(696!82),(154!197),(675!244),,,,(859!828),,,,,,(60!498),(639!998)
796,(696!83),(154!197),(675!244),,,,(859!828),,,,,,(61!497),(639!998)
797,(696!83),(154!197),(675!244),,,,(859!828),,,,,,(63!498),(639!998)
798,(696!82),(154!197),(675!245),,,,(860!828),,,,,,(63!498),(639!998)
799,(696!82),(154!197),(675!245),,,,(861!827),,,,,,(60!497),(639!998)
800,(696!82),(155!197),(675!245),,,,(861!828),,,,,,,(639!997)
801,(696!82),(154!197),(675!245),,,,(861!828),,,,,,(60!494),(639!997)
802,(695!82),(154!197),(675!245),,,,(861!828),,(45!760),,,,(61!494),
803,(696!82),(154!197),(675!245),,,,(861!828),,,,,,(60!495),(639!998)
804,(696!82),(154!197),(676!245),,,,(862!828),,,,,,,(639!998)
805,(696!81),(154!197),(676!245),,,,(861!827),,,,,,(60!497),
806,(696!81),(155!197),(676!245),,,,(862!828),,,,,,(61!497),(639!998)
807,(696!82),(154!197),(676!245),,,,(862!828),,,,,,(60!495),(639!998)
808,(696!82),(154!197),(676!245),,,,(862!827),,,,,,(60!497),(639!998)
809,(696!82),(154!197),(676!245),,,,(863!827),,,,,,(57!789),(639!998)
810,(696!82),(154!196),(675!245),,,,(862!827),,,,,,(60!498),(639!998)
811,(696!82),(154!196),(675!245),,,,(863!826),,,,,,(61!497),(639!998)
812,(696!82),(154!196),(675!245),,,,(863!826),,,,,,(60!496),
813,(696!82),(154!196),(675!245),,,,(863!825),,,,,,(60!498),(639!998)
814,(696!82),(154!196),(675!244),,,,(863!825),,,,,,(60!498),(639!998)
815,(697!82),(155!196),(675!245),,,,(864!825),,,,,,(61!497),(639!998)
816,(696!82),(154!196),(674!244),,,,(864!825),,,,,,(60!498),
817,(697!82),(155!196),(675!245),,,,(864!824),,,,,,(61!498),(639!998)
818,(697!81),(154!196),(674!245),,,,(864!824),,,,,,(61!494),(639!998)
819,(697!81),(154!196),(674!245),,,,(864!824),,,,,,(60!496),(639!998)
820,(697!81),(154!196),(673!246),,,,(865!824),,,,,,(60!497),(639!998)
821,(697!81),(155!197),(673!246),,,,(865!823),,,,,,(61!497),(639!998)
822,(697!81),(155!197),(673!246),,,,(865!823),,,,,,(62!498),(639!997)
823,(697!82),(155!197),(673!246),,,,(865!823),(1345!962),,,,,(62!497),(639!997)
824,(697!82),(155!197),(672!247),,,,(865!823),(1344!961),,,,,(59!497),(639!997)
825,(697!82),(155!197),(672!247),,,,(865!823),(1344!960),,,,,(62!497),(639!997)
826,(697!82),(155!197),(672!247),,,,(865!823),,,,,,(60!498),(639!997)
827,(697!82),(155!196),(673!247),,,,(866!823),,,,,,(60!497),(639!998)
828,(697!82),(156!197),(673!247),,,,(865!823),(1344!959),,,,,(62!498),(60!787)
829,(696!82),(155!196),(673!247),,,,(865!824),(1344!959),,,,,(60!497),(58!788)
830,(697!82),(156!196),(674!247),,,,(865!822),(1345!958),,,,,(59!496),(56!787)
831,(697!82),(155!197),(674!248),,,,(865!821),,,,,,(60!497),(639!998)
832,(697!82),(156!197),(675!248),,,,(865!822),,,,,,(62!497),(639!998)
833,(697!82),(156!197),(675!247),,,,(865!822),,,,,,(59!787),(640!998)
834,(697!82),(156!197),(674!248),,,,(865!822),,,,,,(60!787),(640!998)
835,(696!82),(156!197),(673!248),,,,(865!822),,,,,,(60!787),(639!998)
836,(697!82),(156!197),(673!248),,,,(865!822),,,,,,(60!787),
837,(696!82),(155!196),(672!247),,,,(864!821),,,,,,(59!787),(639!997)
838,(697!82),(155!196),(671!247),,,,(864!821),,,,,,(59!787),(639!997)
839,(696!82),(155!196),(670!247),,,,(864!821),,,,,,(36!783),(639!997)
840,(697!82),(155!195),(670!247),,,,(864!820),,,,,,(36!784),(639!998)
841,(696!82),(154!196),(669!247),,,,(863!821),,,,,,(36!783),(639!997)
842,(697!82),(154!195),(670!247),,,,(864!820),,,,,,(37!588),(639!998)
843,(696!82),(154!196),(669!247),,,,(864!820),,,,,,(64!497),(639!998)
844,(697!81),(155!196),(669!247),,,,(864!820),,,,,,(62!497),(37!782)
845,(698!81),(155!196),(669!248),,,,(864!821),,,,,,(61!497),(56!787)
846,(697!82),(155!195),(669!247),,,,(863!820),,,,,,(61!497),(58!786)
847,(698!82),(155!196),(669!248),,,,(864!820),,,,,,,(59!787)
848,(698!82),(155!196),(668!248),,,,(863!820),,,,,,(61!497),(59!787)
849,(697!82),(155!196),(668!248),,,,(863!820),,,,,,(65!497),(59!786)
850,(696!82),(155!196),(668!248),,,,(863!820),,,,,,(64!497),(60!787)
851,(696!82),(155!196),(668!248),,,,(862!820),,,,,,(63!497),(59!786)
852,(698!82),(155!195),(668!248),,,,(862!820),,,,,,(62!497),(59!786)
853,(698!81),(155!196),(668!248),,,,(862!820),,,,,,(65!498),(59!787)
854,(698!82),(156!196),(668!247),,,,(863!820),,,,,,(41!584),(59!786)
855,(698!82),(155!195),(668!248),,,,(862!820),,,,,,(65!498),(59!786)
856,(697!82),(156!196),(668!248),,,,(863!820),,,,,,(61!497),(639!997)
857,(697!82),(155!195),(668!247),,,,(863!820),,,,,,(38!584),(639!997)
858,(697!82),(155!195),(667!248),,,,(863!820),,,,,,(41!589),(639!997)
859,(698!82),(156!195),(667!249),,,,(863!820),,,,,,(61!496),
860,(697!82),(155!195),(667!249),,,,(863!820),,,,,,(59!786),
861,(697!82),(155!195),(665!249),,,,(863!820),,,,,,(59!786),(640!998)
862,(697!82),(155!195),(665!250),,,,(863!820),(1342!940),,,,,(62!497),(639!997)
863,(697!82),(155!195),(665!250),,,,(863!819),,,,,,(61!497),(639!997)
864,(697!82),(155!196),(664!250),,,,(864!819),(1343!940),,,,,(64!497),
865,(697!82),(155!196),(663!250),,,,(864!819),(1343!940),,,,,(61!497),(59!785)
866,(696!82),(155!196),(663!250),,,,(864!819),(1344!938),,,,,(41!590),(58!786)
867,(697!82),(155!195),(663!250),,,,(864!819),,,,,,(63!497),(57!787)
868,(697!82),(155!196),(663!250),,,,(865!818),(1345!938),,,,,(61!496),
869,(696!82),(155!195),(662!250),,,,(866!818),(1346!938),,,,,(65!497),(60!786)
870,(697!82),(155!196),(662!251),,,,(865!819),,,,,,(62!497),(59!785)
871,(697!82),(155!195),(662!250),,,,(865!818),,,,,,,(639!997)
872,(697!82),(155!195),(661!251),,,,(865!818),,,,,,,(1345!938)
873,(697!82),(155!195),(661!251),,,,(865!818),,,,,,(60!494),(1345!939)
874,(696!82),(155!195),(661!251),,,,(865!818),,,,,,(61!497),
875,(698!81),(155!195),(661!251),,,,(865!818),,,,,,(61!497),
876,(698!82),(156!196),(661!252),,,,(864!818),,,,,,(61!497),
877,(697!82),(155!195),(661!252),,,,(864!817),,,,,,(63!498),
878,(696!82),(155!195),(660!252),,,,(863!818),,,,,,(62!497),
879,(697!82),(155!195),(660!253),,,,(863!818),,,,,,(58!785),
880,(696!82),(155!195),(660!253),,,,(864!818),,,,,,(58!786),
881,(696!82),(155!195),(660!253),,,,(864!818),,,,,,(58!785),
882,(696!82),(155!195),(660!254),,,,(864!819),,,,,,(62!497),
883,(697!82),(155!195),(660!253),,,,(864!819),,,,,,,
884,(697!82),(155!195),(660!254),,,,(864!820),,,,,,(62!498),
885,(696!82),(155!195),(659!255),,,,(864!819),,,,,,(61!498),
886,(697!82),(155!195),(660!254),,,,(864!819),,,,,,(60!497),
887,(697!82),(155!195),(660!254),,,,(864!819),,,,,,,
888,(697!82),(155!195),(660!254),,,,(865!819),,,,,,(41!591),
889,(697!82),(155!194),(660!254),,,,(865!819),,,,,,(40!592),
890,(696!82),(155!195),(659!255),,,,(865!818),,,,,,,
891,(697!82),(155!195),(660!255),,,,(864!818),,,,,,,
892,(696!82),(155!195),(660!255),,,,(864!818),,,,,,(64!497),
893,(697!82),(155!195),(660!255),,,,(864!818),,,,,,,
894,(697!82),(155!195),(660!255),,,,(864!818),,,,,,(64!497),
895,(697!82),(155!195),(659!255),,,,(864!819),,,,,,(61!497),
896,(697!82),(155!195),(660!255),,,,(863!818),,,,,,(61!497),
897,(697!83),(155!195),(660!255),,,,(864!818),,,,,,(60!497),
898,(697!82),(155!195),(659!255),,,,(864!818),,,,,,(64!498),
899,(696!82),(155!195),(659!255),,,,(864!818),,,,,,(60!497),
900,(697!82),(155!195),(660!255),,,,(864!818),,,,,,,
901,(697!82),(154!195),(660!255),,,,(864!818),,,,,,(60!496),
902,(697!82),(155!195),(660!254),,,,(865!818),,,,,,,
903,(696!82),(155!194),(659!254),,,,(865!818),,,,,,,
904,(697!81),(155!195),(660!254),,,,(864!819),,,,,,(38!579),
905,(698!81),(155!195),(660!254),,,,(865!819),,,,,,(40!583),
906,(697!82),(155!194),(660!253),,,,(865!818),,,,,,,
907,(697!82),(155!195),(660!254),,,,(864!819),,,,,,(62!498),
908,(697!82),(155!195),(660!253),,,,(864!818),,,,,,(61!498),
909,(697!82),(156!195),(660!253),,,,(863!818),,,,,,(61!498),
910,(697!82),(155!195),(661!253),,,,(864!818),,,,,,(61!497),
911,(697!82),(155!195),(661!253),,,,(864!818),,,,,,(61!497),
912,(697!82),(155!195),(661!253),,,,(864!819),,,,,,,
913,(697!82),(155!195),(661!254),,,,(864!818),,,,,,(61!498),
914,(697!82),(155!195),(660!254),,,,(863!818),,,,,,(61!497),
915,(697!82),(155!195),(660!254),,,,(864!819),,,,,,(61!498),
916,(697!82),(156!195),(660!254),,,,(864!819),,,,,,,
917,(697!82),(155!194),(660!254),,,,(864!818),,,,,,(43!590),
918,(697!82),(155!194),(660!254),,,,(864!818),,,,,,,
919,(697!82),(155!195),(660!254),,,,(863!819),,,,,,(639!998),
920,(697!82),(155!195),(660!254),,,,(864!819),,,,,,(639!998),
921,(697!81),(155!195),(660!255),,,,(863!819),,,,,,(639!998),
922,(696!82),(155!195),(659!254),,,,(864!819),,,,,,(639!998),
923,(696!82),(155!195),(659!255),,,,(865!819),,,,,,(639!998),
924,(697!82),(155!195),(660!255),,,,(865!820),,,,,,(639!998),
925,(697!82),(155!195),(659!255),,,,(865!819),,,,,,(639!998),
926,(697!82),(155!195),(659!256),,,,(865!819),,,,,,(639!998),
927,(697!82),(155!195),(659!256),,,,(865!819),,,,,,(639!998),
928,(697!82),(155!195),(659!256),,,,(865!820),,,,,,(639!998),
929,(698!80),(156!195),(659!256),,,,(866!819),,,,,,(640!998),
930,(697!82),(155!195),(658!256),,,,(866!820),,,,,,(640!998),
931,(697!82),(156!195),(658!256),,,,(866!820),,,,,,(640!998),
932,(697!82),(155!195),(658!257),,,,(866!820),,,,,,(640!998),
933,(697!82),(156!195),(658!257),,,,(867!820),,,,,,(640!998),
934,(697!82),(156!195),(659!257),,,,(867!820),,,,,,(640!998),
935,(697!82),(156!195),(659!256),,,,(867!820),,,,,,,
936,(697!82),(156!195),(659!257),,,,(867!819),,,,,,(44!783),
937,(697!82),(156!195),(659!256),,,,(866!819),,,,,,(61!497),
938,(697!82),(155!195),(659!256),,,,(866!819),,,,,,,
939,(697!83),(155!195),(659!256),,,,(866!819),,,,,,,
940,(697!83),(156!195),(659!256),,,,(866!819),,,,,,(61!497),
941,(697!83),(156!195),(659!256),,,,(867!819),,,,,,(61!499),
942,(697!83),(156!195),(659!255),,,,(866!819),,,,,,,
943,(697!83),(156!195),(659!255),,,,(866!818),,,,,,,
944,(697!83),(155!195),(659!254),,,,(866!819),,,,,,(61!497),
945,(697!83),(156!195),(660!255),,,,(866!819),,,,,,,
946,(697!83),(155!195),(660!254),,,,(867!817),,,,,,,
947,(697!82),(155!195),(661!253),,,,(867!818),,,,,,(62!498),
948,(697!82),(155!195),(661!254),,,,(867!817),,,,,,(62!497),
949,(697!82),(156!195),(661!254),,,,(867!818),,,,,,(62!498),
950,(697!82),(155!195),(660!254),,,,(867!817),,,,,,(62!497),
951,(697!82),(156!195),(661!254),,,,(867!817),,,,,,(64!498),
952,(697!82),(156!195),(660!254),,,,(867!817),,,,,,,
953,(697!82),(156!195),(661!254),,,,(867!817),,,,,,(43!613),
954,(697!82),(155!195),(659!254),,,,(866!817),,,,,,(62!497),
955,(697!82),(156!195),(660!255),,,,(866!817),,,,,,(62!498),
956,(697!82),(155!195),(659!255),,,,(866!817),(1342!922),,,,,(62!498),
957,(698!82),(155!195),(659!255),,,,(866!816),(1341!920),,,,,(63!497),
958,(697!83),(155!195),(659!255),,,,(865!816),(1340!919),,,,,(62!498),
959,(697!83),(156!195),(659!255),,,,(865!816),(1339!917),,,,,(62!497),
960,(697!83),(156!195),(659!256),,,,(865!817),(1339!916),,,,,(62!497),
961,(697!82),(155!195),(658!255),,,,(865!817),(1339!916),,,,,(65!498),
962,(697!82),(155!195),(658!256),,,,(865!817),(1339!915),,,,,(64!497),
963,(697!82),(155!195),(658!255),,,,(865!817),(1338!914),,,,,(65!497),
964,(697!82),(155!195),(658!256),,,,(864!816),(1338!914),,,,,(65!498),
965,(697!82),(155!195),(658!256),,,,(864!817),(1337!913),,,,,(65!498),
966,(697!82),(155!195),(658!255),,,,(864!816),(1337!912),,,,,(60!498),
967,(697!82),(155!195),(658!255),,,,(863!817),(1337!911),,,,,(65!498),
968,(697!82),(155!195),(658!255),,,,(863!817),,,,,,,
969,(697!82),(155!194),(658!254),,,,(863!817),(1337!910),,,,,(62!498),
970,(697!82),(154!195),(658!254),,,,(864!817),(1336!910),,,,,(65!498),
971,(697!82),(155!195),(658!254),,,,(864!818),(1336!909),,,,,(61!498),
972,(696!82),(154!195),(657!254),,,,(864!817),(1336!909),,,,,(61!498),
973,(697!82),(154!195),(657!255),,,,(864!818),(1335!909),,,,,(65!498),
974,(697!82),(154!194),(657!256),,,,(864!818),(1335!908),,,,,(60!498),
975,(697!82),(154!195),(657!256),,,,(865!818),(1334!907),,,,,(65!498),
976,(697!82),(155!194),(657!257),,,,(865!818),(1335!906),,,,,(64!498),
977,(697!82),(155!194),(658!257),,,,(865!818),(1335!905),,,,,(64!498),
978,(697!82),(155!194),(657!258),,,,(865!818),(1335!905),,(29!54),,,(63!498),
979,(697!82),(155!195),(658!258),,,,(866!818),(1335!904),,,,,(63!498),
980,(697!82),(155!195),(657!258),,,,(866!818),(1335!904),,,,,(63!498),
981,(697!82),(155!194),(656!259),,,,(865!817),(1334!903),,,,,(61!497),
982,(697!82),(155!194),(657!258),,,,(865!818),(1335!902),,,,,(61!498),
983,(698!80),(155!195),(656!259),,,,(866!818),(1334!902),,,,,(61!498),
984,(697!82),(155!195),(656!259),,,,(865!818),(1334!901),,,,,(62!498),
985,(697!82),(155!195),(655!260),,,,(864!818),(1334!900),,,,,(63!498),
986,(697!82),(154!195),(654!260),,,,(865!818),(1333!900),,,,,,
987,(697!82),(155!194),(654!260),,,,(865!818),(1333!899),,,,,(63!497),
988,(697!82),(155!195),(653!260),,,,(865!818),(1334!899),,,,,(61!497),
989,(697!82),(154!195),(653!260),,,,(865!818),(1333!898),,,,,(62!497),
990,(697!82),(155!195),(653!260),,,,(865!818),(1333!898),,,,,(61!497),
991,(697!82),(155!195),(654!261),,,,(866!819),(1333!898),,,,,(62!497),
992,(697!82),(155!195),(654!261),,,,(866!818),(1333!898),,,,,(61!497),
993,(697!82),(154!194),(654!260),,,,(865!818),(1333!898),,,,,(61!496),
994,(697!82),(155!195),(654!261),,,,(865!819),(1333!898),,,,,(61!498),
995,(697!82),(155!195),(654!261),,,,(866!819),(1333!898),,,,,(61!498),
996,(697!82),(155!194),(653!261),,,,(866!818),(1333!898),,,,,(61!498),
997,(697!82),(155!195),(654!261),,,,(866!818),(1333!898),,,,,(61!497),
998,(697!82),(155!195),(654!261),,,,(866!818),(1333!898),,,,,(61!497),
999,(697!81),(155!195),(654!261),,,,(865!818),(1333!898),,,,,(62!498),
1000,(698!81),(154!194),(654!261),,,,(866!819),(1333!898),,,,,,
1001,(697!82),(153!194),(654!262),,,,(865!819),(1333!898),,,,,(53!88),
1002,(698!80),(62!497),(654!262),,,,(865!819),(1333!898),,,,,(153!194),
1003,(697!82),(61!497),(654!262),,,,(866!820),(1333!898),,,,,(153!193),
1004,(697!82),(61!497),(654!261),,,,(865!819),(1334!898),,,,,(153!193),
1005,(697!82),(63!498),(654!262),,,,(866!820),(1333!898),,,,,(153!194),
1006,(697!82),(62!498),(654!262),,,,(866!819),(1333!898),,,,,(153!194),
1007,(697!82),(63!496),(654!262),,,,(866!819),(1333!898),,,,,(153!193),
1008,(697!82),(61!498),(653!262),,,,(867!819),(1334!898),,,,,(152!193),
1009,(697!82),(64!497),(653!262),,,,(867!819),(1333!898),,,,,(153!192),
1010,(697!82),(61!497),(653!262),,,,(868!819),(1333!898),,,,,(153!193),
1011,(697!82),(61!496),(652!263),,,,(868!819),(1333!898),,,,,(152!192),
1012,(697!82),(62!497),(652!263),,,,(868!819),(1334!897),,,,,(153!192),
1013,(697!83),(63!497),(652!263),,,,(869!819),(1334!897),,,,,(152!192),
1014,(697!82),(64!498),(652!263),,,,(868!819),(1335!896),,,,,(152!192),
1015,(697!82),,(652!263),,,,(868!819),(1335!896),,,,,(152!192),
1016,(697!83),(60!497),(652!263),,,,(868!819),(1335!896),,,,,(152!192),
1017,(697!82),(61!497),(652!263),,,,(868!820),(1334!896),,,,,(152!192),
1018,(697!82),(63!498),(652!263),,,,(869!820),(1334!896),,,,,(153!192),
1019,(697!82),(61!497),(652!263),,,,(869!820),(1335!895),,,,,(153!192),
1020,(697!82),(62!498),(652!263),,,,(870!819),(1333!893),,,,,(153!192),
1021,(697!82),(61!498),(652!263),,,,(870!820),(1335!893),,,,,(153!192),
1022,(697!82),(61!498),(652!262),,,,(870!819),(1333!891),,,,,(153!192),
1023,(697!82),(60!497),(652!262),,,,(871!819),(1334!890),,,,,(153!192),
1024,(697!82),(63!497),(652!262),,,,(871!819),(1334!889),,,,,(153!192),
1025,(697!82),(41!613),(652!262),,,,(871!819),(1334!888),,,,,(153!192),
1026,(697!82),(41!612),(652!262),,,,(872!818),(1334!887),,,,,(153!192),
1027,(697!82),(60!497),(652!263),,,,(872!819),(1335!887),,,,,(153!192),
1028,(697!82),(61!497),(652!262),,,,(872!819),(1335!885),,,,,(153!191),
1029,(697!82),(61!498),(652!263),,,,(872!819),(1335!884),,,,,(153!192),
1030,(697!82),(40!606),(651!263),,,,(872!819),(1334!885),,,,,(153!192),
1031,(697!82),(61!497),(651!263),,,,(872!819),(1335!884),,,,,(153!192),
1032,(703!80),(61!498),(651!263),,,,(872!819),(1334!885),,,,,(153!192),
1033,(698!82),(61!497),(651!264),,,,(872!819),(1333!885),,,,,(153!192),
1034,(698!82),,(651!265),,,,(872!819),(1333!885),,,,,(153!192),
1035,(698!82),(28!324),(651!265),,,,(872!819),(1334!885),,,,,(153!192),
1036,(698!82),(61!497),(650!265),,,,(872!819),(1334!885),,,,,(153!192),
1037,(698!82),(62!497),(650!265),,,,(872!819),(1333!884),,,,,(153!191),
1038,(698!82),(61!497),(650!265),,,,(872!818),(1333!884),,,,,(153!191),
1039,(697!82),(61!497),(649!265),,,,(872!818),(1333!883),,,,,(153!191),
1040,(698!82),(61!498),(649!265),,,,(873!819),(1333!883),,,,,(153!191),
1041,(697!82),(61!497),(648!265),,,,(873!818),(1334!883),,,,,(153!191),
1042,(697!82),(61!497),(648!266),,,,(872!817),(1332!882),,,,,(153!191),
1043,(697!82),(61!497),(647!266),,,,(873!819),(1333!882),,,,,(153!191),
1044,(697!82),(61!497),(647!266),,,,(873!818),(1332!881),,,,,(152!191),
1045,(697!82),(61!497),(647!266),,,,(873!817),(1330!880),,,,,(153!191),
1046,(697!82),(60!494),(646!266),,,,(873!817),(1331!880),,,,,(153!191),
1047,(697!82),(60!497),(647!266),,,,(874!817),(1329!880),,,,,(153!191),
1048,(697!82),(61!498),(646!266),,,,(875!817),(1330!880),,,,,(153!191),
1049,(697!82),(60!498),(646!266),,,,(874!817),(1331!879),,,,,(153!191),
1050,(697!82),,(646!266),,,,(875!817),(1330!879),,,,,(153!190),
1051,(697!82),(61!497),(646!265),,,,(876!816),(1331!878),,,,,(153!190),
1052,(697!82),(61!498),(646!265),,,,(876!817),(1330!878),,,,,(154!190),
1053,(697!82),(61!498),(646!265),,,,(876!816),(1330!877),,,,,(153!190),
1054,(697!82),(61!498),(646!265),,,,(876!816),(1331!877),,,,,(153!190),
1055,(697!82),(61!498),(647!266),,,,(877!817),(1331!877),,,,,(154!189),
1056,(697!82),(61!497),(646!265),,,,(876!817),(1330!876),,,,,(154!189),
1057,(697!82),(61!497),(646!265),,,,(876!817),(1330!875),,,,,(154!188),
1058,(697!82),(61!497),(646!266),,,,(876!817),(1331!875),,,,,(154!187),
1059,(697!82),(61!497),(645!266),,,,(875!817),(1331!874),,,,,(153!187),
1060,(697!82),(61!497),(646!267),,,,(877!817),(1331!874),,,,,(154!187),
1061,(697!82),(61!497),(645!267),,,,(875!817),(1331!873),,,,,(153!187),
1062,(698!82),,(645!267),,,,(876!817),(1331!873),,,,,(154!187),
1063,(698!81),(62!498),(645!268),,,,(876!817),(1331!873),,,,,(154!186),
1064,(698!81),(62!498),(645!268),,,,(876!817),(1331!874),,,,,(154!186),
1065,(699!80),,(644!268),,,,(875!817),(1331!873),,,,,(154!186),
1066,(700!80),(63!497),(645!268),,,,(875!817),(1331!872),,,,,(154!187),
1067,(699!79),(61!498),(644!268),,,,(875!817),(1331!872),,,,,(154!186),
1068,(700!79),(60!497),(644!269),,,,(875!817),(1331!871),,,,,(154!187),
1069,(700!79),,(643!268),,,,(875!817),(1331!870),,,,,(153!186),
1070,(700!79),(61!498),(643!269),,,,(875!817),(1330!868),,,,,(154!186),
1071,(700!79),(61!497),(643!269),,,,(875!817),(1331!867),,,,,(153!186),
1072,(701!79),(61!498),(643!269),,,,(875!817),(1330!867),,,,,(154!186),
1073,(701!79),(61!498),(643!269),,,,(875!817),(1330!867),,,,,(153!186),
1074,(702!79),(62!498),(644!270),,,,(875!817),(1331!865),,,,,(153!186),
1075,(702!78),(62!498),(644!269),,,,(876!816),(1331!864),,,,,(153!185),
1076,(702!78),(62!497),(644!270),,,,(877!816),(1331!863),,,,,(153!185),
1077,(703!78),(62!497),(644!270),,,,(877!816),(1331!863),,,,,(153!185),
1078,(702!78),,(644!270),,,,(877!816),(1331!862),,,,,(153!185),
1079,(702!78),(63!497),(643!269),,,,(877!816),(1330!862),,,,,(153!185),
1080,(702!79),,(643!270),,,,(877!816),(1330!862),,,,,(153!186),
1081,(702!78),(61!498),(643!270),,,,(877!816),(1330!861),,,,,(153!186),
1082,(702!78),(62!498),(643!270),,,,(877!816),(1329!861),,,,,(153!186),
1083,(703!78),(61!496),(643!270),,,,(877!816),(1330!860),,,,,(153!186),
1084,(703!78),(62!498),(643!270),,,,(877!816),(1330!860),,,,,(153!186),
1085,(703!77),(62!497),(643!270),,,,(877!816),(1330!859),,,,,(153!185),
1086,(703!77),(62!498),(643!271),,,,(878!816),(1330!859),,,,,(153!186),
1087,(704!77),(61!497),(643!271),,,,(878!816),(1331!859),,,,,(153!186),
1088,(704!75),,(642!271),,,,(879!816),(1331!858),,,,,(153!185),
1089,(704!75),(63!498),(641!271),,,,(879!816),(1331!857),,,,,(152!185),
1090,(704!75),(61!498),(641!271),,,,(878!815),(1330!857),,,,,(153!185),
1091,(704!75),,(641!271),,,,(878!815),(1330!856),,,,,(153!185),
1092,(705!75),(61!497),(641!271),,,,(878!815),(1331!856),,,,,(153!185),
1093,(705!74),(62!497),(641!271),,,,(879!814),(1332!854),,,,,(153!185),
1094,(705!74),(61!497),(641!271),,,,(878!815),(1334!853),,,,,(153!185),
1095,(705!73),(61!498),(641!272),,,,(878!815),(1334!853),,,,,(153!185),
1096,(705!72),,(640!271),,,,(879!814),(1334!852),,,,,(153!185),
1097,(705!72),,(641!272),,,,(878!814),(1335!852),,,,,(153!185),
1098,(705!72),(61!497),(640!271),,,,(878!814),(1335!852),,,,,(153!185),
1099,(705!72),(43!753),(640!272),,,,(879!814),(1336!851),,,,,(153!185),
1100,(705!71),(62!498),(640!272),,,,(878!814),(1336!851),,,,,(153!185),
1101,(704!71),(61!498),(639!271),,,,(878!814),(1336!850),,,,,(153!185),
1102,(705!71),(62!497),(639!272),,,,(879!814),(1337!850),,,,,(153!185),
1103,(705!71),(61!497),(639!272),,,,(879!814),(1337!850),,,,,(153!185),
1104,(704!71),(62!497),(639!272),,,,(879!814),(1337!851),,,,,(153!185),
1105,(704!70),,(639!273),,,,(880!813),(1337!850),,,,,(153!185),
1106,(704!69),(62!498),(638!273),,,,(880!814),(1337!850),,,,,(153!185),
1107,(704!70),,(638!273),,,,(881!814),(1337!849),,,,,(152!185),
1108,(704!69),(62!498),(639!273),,,,(882!815),(1338!849),,,,,(153!185),
1109,(704!69),(62!498),(638!273),,,,(882!815),(1338!849),,,,,(152!185),
1110,(704!69),(61!498),(638!273),,,,(882!815),(1337!849),,,,,(152!185),
1111,(704!68),(61!497),(638!273),,,,(882!815),(1337!849),,,,,(153!185),
1112,(704!68),(60!498),(637!273),,,,(883!815),(1337!849),,,,,(152!185),
1113,(704!68),(65!498),(638!273),,,,(883!815),(1337!849),,,,,(152!184),
1114,(704!68),(40!588),(638!273),,,,(883!815),(1338!849),,,,,(152!185),
1115,(704!68),(40!587),(638!272),,,,(883!815),(1338!848),,,,,(152!185),
1116,(704!68),(60!497),(637!272),,,,(884!815),(1338!848),,,,,(152!185),
1117,(704!68),,(637!272),,,,(884!814),(1338!848),,,,,(152!185),
1118,(704!68),(60!497),(637!272),,,,(884!814),(1339!848),,,,,(152!185),
1119,(704!68),,(637!272),,,,(884!814),(1339!847),,,,,(152!185),
1120,(703!68),(64!497),(637!271),,,,(884!815),(1339!847),,,,,(152!185),
1121,(704!68),(61!497),(638!271),,,,(884!814),(1339!846),,,,,(152!185),
1122,(703!68),(62!497),(637!272),,,,(884!815),(1340!846),,,,,(152!185),
1123,(703!68),(60!497),(637!271),,,,(884!815),(1341!845),,,,,(152!184),
1124,(703!68),(60!497),(637!272),,,,(884!814),(1341!845),,,,,(152!185),
1125,(703!68),(62!497),(637!271),,,,(884!815),(1341!844),,,,,(152!185),
1126,(703!68),(62!497),(637!271),,,,(885!815),(1342!845),,,,,(152!185),
1127,(703!68),,(637!271),,,,(884!815),(1341!844),,,,,(152!185),
1128,(703!68),(62!495),(637!272),,,,(885!815),(1341!844),,,,,(152!185),
1129,(703!68),,(637!271),,,,(885!814),(1341!842),,,,,(152!185),
1130,(703!68),,(637!271),,,,(884!814),(1340!841),,,,,(152!185),
1131,(703!68),(62!496),(637!271),,,,(885!815),(1341!841),,,,,(152!185),
1132,(704!68),(62!496),(638!272),,,,(885!815),(1341!839),,,,,(152!185),
1133,(703!68),(62!496),(637!271),,,,(885!815),(1341!839),,,,,(152!185),
1134,(703!67),(61!497),(638!271),,,,(886!815),(1341!838),,,,,(152!185),
1135,(703!67),(61!497),(638!271),,,,(886!814),(1341!837),,,,,(152!185),
1136,(704!68),(62!497),(638!272),,,,(886!815),(1342!838),,,,,(152!186),
1137,(704!68),(62!496),(637!271),,,,(886!815),(1343!836),,,,,(152!185),
1138,(705!69),(62!497),(637!272),,,,(887!815),(1343!836),,,,,(152!184),
1139,(706!69),(62!497),(637!273),,,,(887!815),(1343!835),,,,,(152!185),
1140,(705!69),(61!497),(637!272),,,,(886!815),(1343!835),,,,,(152!184),
1141,(705!69),(61!497),(636!272),,,,(886!815),(1342!834),,,,,(151!184),
1142,(705!69),(61!497),(637!272),,,,(887!814),(1343!833),,,,,(152!184),
1143,(705!69),(61!497),(637!272),,,,(887!814),(1343!832),,,,,(151!184),
1144,(705!69),(61!497),(636!272),,,,(887!814),(1343!831),,,,,(151!184),
1145,(705!68),(62!497),(637!272),,,,(887!815),(1344!831),,,,,(151!184),
1146,(705!69),(62!497),(637!272),,,,(886!815),(1343!831),,,,,(151!184),
1147,(705!69),,(637!272),,,,(887!815),(1343!829),,,,,(152!184),
1148,(705!69),(62!497),(637!273),,,,(887!815),(1343!829),,,,,(151!184),
1149,(705!69),,(637!273),,,,(887!815),(1343!829),,,,,(152!184),
1150,(706!69),(61!497),(637!272),,,,(888!816),(1344!829),,,,,(152!184),
1151,(705!69),(61!497),(637!273),,,,(887!815),(1343!828),,,,,(151!185),
1152,(705!69),,(637!273),,,,(888!816),(1343!828),,,,,(152!184),
1153,(706!69),,(637!272),,,,(887!815),(1342!828),,,,,(152!184),
1154,(706!69),,(637!273),,,,(887!816),(1342!827),,,,,(151!184),
1155,(706!69),(62!498),(637!273),,,,(888!816),(1342!827),,,,,(152!185),
1156,(705!69),(61!497),(637!273),,,,(887!816),(1341!827),,,,,(150!185),
1157,(706!69),(61!497),(637!274),,,,(887!816),(1341!826),,,,,(151!185),
1158,(706!69),(61!497),(637!275),,,,(887!816),(1342!826),,,,,(151!185),
1159,(706!69),(61!495),(637!275),,,,(887!816),(1342!826),,,,,(151!185),
1160,(706!69),,(636!276),,,,(888!817),(1342!825),,,,,(151!185),
1161,(706!69),(61!496),(636!276),,,,(888!817),(1342!824),,,,,(151!185),
1162,(706!69),(61!498),(636!276),,,,(888!815),(1342!822),,,,,(150!184),
1163,(706!69),(36!749),(636!276),,,,(888!816),(1342!822),,,,,(150!184),
1164,(706!68),(61!496),(636!276),,,,(888!815),(1342!822),,,,,(151!184),
1165,(706!69),(61!496),(636!277),,,,(889!815),(1342!822),,,,,(151!184),
1166,(706!68),(62!497),(636!276),,,,(888!815),(1341!821),,,,,(150!184),
1167,(706!68),(61!495),(636!276),,,,(888!815),(1342!821),,,,,(151!184),
1168,(706!68),,(636!276),,,,(889!815),(1342!821),,,,,(151!184),
1169,(706!68),,(636!276),,,,(889!815),(1342!821),,,,,(151!183),
1170,(706!68),(61!496),(637!276),,,,(889!815),(1342!821),,,,,(151!184),
1171,(706!68),(61!497),(637!276),,,,(889!815),(1342!821),,,,,(151!184),
1172,(706!68),(63!497),(636!276),,,,(890!815),(1341!820),,,,,(151!184),
1173,(706!68),(61!497),(636!276),,,,(891!814),(1341!820),,,,,(151!184),
1174,(706!68),(62!497),(636!276),,,,(891!814),(1340!820),,,,,(151!184),
1175,(706!68),(61!496),(636!276),,,,(891!813),(1340!819),,,,,(151!184),
1176,(706!68),,(636!276),,,,(892!814),(1341!818),,,,,(150!184),
1177,(706!68),(61!496),(636!277),,,,(892!813),(1340!817),,,,,(151!184),
1178,(706!68),(61!497),(636!277),,,,(892!813),(1340!817),,,,,(151!184),
1179,(706!68),(60!496),(636!277),,,,(893!813),(1340!816),,,,,(150!184),
1180,(706!68),(61!497),(636!277),,,,(894!813),(1341!816),,,,,(151!184),
1181,(706!68),,(636!277),,,,(893!813),(1341!816),,,,,(151!184),
1182,(706!68),(36!52),(636!277),,,,(894!813),(1341!816),,,,,(150!184),
1183,(706!68),(151!184),(637!277),,,,(895!813),(1341!816),,,,,(61!497),
1184,(706!68),(151!184),(636!278),,,,(895!813),(1341!816),,,,,(61!497),
1185,(706!67),(150!184),(636!277),,,,(895!812),(1342!816),,,,,(64!497),
1186,(706!68),(150!184),(636!278),,,,(896!812),(1341!814),,,,,(60!497),
1187,(706!67),(151!184),(636!278),,,,(896!812),(1341!814),,,,,,
1188,(706!68),(150!184),(636!278),,,,(896!813),(1340!813),,,,,(61!497),
1189,(706!68),(151!184),(636!278),,,,(897!813),(1340!812),,,,,,
1190,(706!68),(150!184),(636!278),,,,(897!813),(1338!811),,,,,(61!496),
