frame,ID_0,ID_1,ID_2,ID_3,ID_4,ID_5,ID_6,ID_7,ID_8,ID_9,ID_10,ID_11,ID_12,ID_13,ID_14,ID_15,ID_16,ID_17
0,"(213,1021)","(1197,970)","(64,651)","(148,588)","(1316,476)","(267,299)","(83,72)",,,,,,,,,,,
1,,,,,,,,,,,,,,,,,,
2,,,,,,,,,,,,,,,,,,
3,,,,,,,,,,,,,,,,,,
4,"(213,1023)","(1197,972)",,"(149,589)","(1318,477)","(265,301)","(84,73)",,,,,,,,,,,
5,"(214,1023)","(1198,971)",,"(152,593)","(1323,474)","(265,300)","(85,72)",,,,,,,,,,,
6,"(214,1023)","(1198,971)",,"(152,593)","(1320,476)","(265,300)","(84,73)",,,,,,,,,,,
7,"(214,1023)","(1197,966)",,"(151,593)","(1321,475)","(265,300)","(85,72)",,,,,,,,,,,
8,"(214,1023)","(1198,971)",,"(151,593)","(1321,474)","(265,300)","(85,72)",,,,,,,,,,,
9,"(214,1023)","(1198,970)",,"(152,593)","(1321,472)","(265,300)","(85,72)",,,,,,,,,,,
10,"(214,1023)","(1198,969)",,"(152,593)","(1321,472)","(266,300)","(85,72)",,,,,,,,,,,
11,"(214,1022)","(1198,970)",,"(152,592)","(1321,472)","(265,299)","(84,72)",,,,,,,,,,,
12,"(214,1022)","(1197,969)",,"(151,592)","(1321,472)","(264,299)","(84,72)",,,,,,,,,,,
13,"(213,1022)","(1197,969)",,"(151,592)","(1321,471)","(264,299)","(84,72)",,,,,,,,,,,
14,"(214,1022)","(1198,969)",,"(151,592)","(1321,470)","(263,299)","(84,71)","(1355,305)",,,,,,,,,,
15,"(214,1022)","(1198,969)",,"(152,592)","(1322,470)","(263,299)","(84,72)","(1355,306)",,,,,,,,,,
16,"(213,1022)","(1197,969)",,"(151,592)","(1322,470)","(263,299)","(84,71)","(1355,306)",,,,,,,,,,
17,"(213,1022)","(1197,969)",,"(152,592)","(1322,469)","(262,300)","(84,72)","(1355,306)",,,,,,,,,,
18,"(213,1023)","(1197,970)",,"(151,592)","(1322,469)","(261,300)","(84,71)","(1355,307)",,,,,,,,,,
19,"(214,1023)","(1197,970)",,"(151,592)","(1323,469)","(261,300)","(84,71)","(1354,306)",,,,,,,,,,
20,"(213,1024)","(1198,970)",,"(152,593)","(1324,469)","(261,300)","(84,72)","(1355,307)",,,,,,,,,,
21,"(212,1025)","(1198,970)",,"(151,593)","(1323,468)","(260,300)","(84,72)","(1354,303)",,,,,,,,,,
22,"(213,1025)","(1198,971)",,"(151,593)","(1323,469)","(260,301)","(84,73)","(1351,318)",,,,,,,,,,
23,"(212,1025)","(1198,970)",,"(152,593)","(1324,469)","(259,300)","(84,72)","(1355,307)",,"(49,387)",,,,,,,,
24,"(212,1025)","(1198,970)",,"(151,593)","(1324,468)","(259,301)","(84,72)","(1355,306)",,,,,,,,,,
25,"(213,1025)","(1198,970)",,"(152,593)","(1324,468)","(258,301)","(85,72)","(1355,303)",,,,,,,,,,
26,"(213,1025)","(1198,970)",,"(152,593)","(1325,468)","(258,302)","(84,72)",,,,,,,,,,,
27,"(213,1025)","(1198,969)",,"(152,592)","(1326,468)","(258,302)","(85,72)",,,,,,,,,,,
28,"(213,1025)","(1197,969)",,"(150,588)","(1327,468)","(258,302)","(85,72)",,,,,,,,,,,
29,"(213,1025)","(1197,967)",,"(152,592)","(1327,467)","(257,302)","(85,71)",,,,,,,,,,,
30,"(213,1025)","(1196,971)",,"(152,592)","(1327,467)","(257,302)","(85,71)",,,,,,,,,,,
31,"(213,1025)","(1194,969)",,"(150,588)","(1327,466)","(256,303)","(85,71)",,,,,,,,,,,
32,"(213,1025)","(1195,967)",,"(152,592)","(1328,466)","(256,303)","(85,71)",,,"(50,317)",,,,,,,,
33,"(213,1025)","(1195,968)",,"(150,588)","(1327,466)","(254,303)","(85,71)",,,,,,,,,,,
34,"(213,1026)","(1196,967)",,"(150,588)","(1328,465)","(254,303)","(85,71)",,,,,,,,,,,
35,"(214,1026)","(1198,967)",,"(152,592)","(1331,463)","(254,303)","(85,71)",,,,"(720,693)",,,,,,,
36,"(214,1027)","(1196,968)",,"(150,588)","(1331,462)","(254,303)","(84,71)",,,,,,,,,,,
37,"(215,1027)","(1192,967)",,"(149,588)","(1331,462)","(253,303)","(85,71)",,,,,,,,,,,
38,"(217,1028)","(1199,968)",,"(151,592)","(1331,461)","(252,303)","(84,72)",,,,,,,,,,,
39,"(217,1027)","(1182,966)",,"(149,588)","(1328,463)","(252,303)","(84,72)",,,,,,,,,,,
40,"(217,1027)","(1195,967)",,"(149,587)","(1330,462)","(253,303)","(84,73)",,,,,,,,,,,
41,"(217,1028)","(1195,967)",,"(149,587)","(1330,461)","(253,303)","(85,72)","(1351,317)",,,,,,,,,,
42,"(218,1027)","(1195,968)",,"(149,588)","(1334,458)","(252,303)","(84,72)","(1351,317)",,"(49,379)",,,,,,,,
43,"(218,1028)","(1196,969)",,"(152,592)","(1334,457)","(252,303)","(84,72)",,,,,,,,,,,
44,"(217,1027)","(1196,969)",,"(152,592)","(1333,458)","(252,304)","(86,72)","(1352,317)",,,,,,,,,,
45,"(219,1027)","(1196,968)",,"(150,587)","(1332,458)","(251,304)","(86,72)",,,,,,,,,,,
46,"(218,1028)","(1196,968)",,"(152,592)","(1332,458)","(250,304)","(86,72)",,,,,,,,,,,
47,,"(1196,968)",,"(150,587)","(1332,457)","(250,305)","(85,72)",,,,"(720,693)",,,,,,,
48,,"(1197,968)",,"(150,587)","(1333,456)","(249,305)","(86,71)",,,,,,,,,,,
49,,"(1199,968)",,"(153,591)","(1333,456)","(249,305)","(86,71)","(1352,316)",,,,,,,,,,
50,,"(1199,967)",,"(152,591)","(1333,455)","(249,305)","(86,71)",,,,,,,,,,,
51,,"(1199,966)",,"(152,591)","(1332,454)","(248,305)","(85,71)",,,,,,,,,,,
52,,"(1199,966)",,"(150,587)","(1333,452)","(248,305)","(85,71)",,,,,,,,,,,
53,,"(1199,966)",,"(150,587)","(1333,451)","(248,305)","(85,71)",,,,,,,,,,,
54,,"(1200,966)",,"(150,587)","(1333,450)","(247,305)","(85,72)",,,,,,,,,,,
55,,"(1200,966)",,"(150,587)","(1332,450)","(250,305)","(85,72)",,,,,,,,,,,
56,,"(1201,966)",,"(152,592)","(1337,445)","(245,307)","(85,72)",,,"(49,388)",,,,,,,,
57,,"(1202,966)",,"(152,592)","(1337,443)","(245,307)","(85,72)",,,,,,,,,,,
58,,"(1203,966)",,"(150,588)","(1338,443)","(245,308)","(85,72)",,"(1133,55)",,,,,,,,,
59,,"(1203,965)",,"(152,592)","(1337,441)","(243,307)","(85,72)",,,,,,,,,,,
60,,"(1203,965)",,"(152,592)","(1336,443)","(242,308)","(85,72)",,,,"(720,693)",,,,,,,
61,,"(1202,964)",,"(150,587)","(1337,441)","(241,308)","(85,72)",,,,,,,,,,,
62,,"(1203,964)",,"(152,592)","(1335,444)","(239,309)","(86,73)",,,,,,,,,,,
63,,"(1204,964)","(57,641)","(152,592)","(1336,443)","(237,308)","(85,72)",,,,,,,,,,,
64,,"(1205,963)","(61,639)",,"(1338,442)","(236,308)","(85,72)",,,"(50,389)",,,,,,,,
65,,"(1205,964)","(62,640)","(152,592)","(1337,441)","(231,305)","(85,72)",,,"(50,383)",,,,,,,,
66,,"(1206,963)",,"(153,592)",,"(230,305)","(86,71)",,,,,,,,,,,
67,,"(1206,962)",,"(152,591)","(1335,437)","(233,307)","(86,71)",,,,"(721,692)",,,,,,,
68,,"(1206,962)","(60,639)","(152,592)","(1335,439)","(231,304)","(85,71)",,"(1133,55)",,,,,,,,,
69,,"(1206,962)","(61,638)","(152,591)","(1338,434)","(231,304)","(85,71)",,,,,,,,,,,
70,,"(1206,962)",,"(152,591)",,"(231,305)","(85,71)",,,,,,,,,,,
71,,"(1206,962)","(60,638)","(152,592)",,"(232,308)","(86,71)",,,,"(721,692)",,,,,,,
72,,"(1207,962)","(61,637)","(150,587)","(1336,437)","(232,309)","(85,72)",,,,,,,,,,,
73,,"(1207,962)","(60,638)",,"(1338,433)","(232,309)","(85,71)",,,,,,,,,,,
74,,"(1207,963)","(60,637)",,"(1338,433)","(233,309)","(85,72)",,,,,,,,,,,
75,,"(1207,962)","(59,637)",,"(1337,435)","(233,309)","(85,72)",,,,,,,,,,,
76,,"(1207,963)","(60,635)","(149,587)","(1337,435)","(232,309)","(85,72)",,,,,,,,,,,
77,,"(1207,963)",,"(149,587)","(1339,435)","(232,309)","(84,72)",,"(1133,55)",,,,,,,,,
78,,"(1203,965)","(60,634)","(152,592)",,"(231,309)","(84,72)",,"(1133,55)",,,,,,,,,
79,,"(1204,965)","(60,634)",,"(1341,430)","(231,311)","(84,72)",,,,,,,,,,,
80,,"(1207,963)","(61,633)","(149,588)","(1340,432)","(230,311)","(84,72)",,,,,,,,,,,
81,,"(1208,963)","(61,632)","(152,592)","(1340,431)",,"(85,72)",,,,,,,,,,,
82,,"(1208,963)","(62,631)","(150,588)","(1342,425)","(229,311)","(85,72)",,"(1133,55)",,,,,,,,,
83,,"(1208,963)","(62,630)","(152,592)","(1341,428)","(228,311)","(85,71)",,"(1133,55)",,,,,,,,,
84,,"(1208,962)","(63,628)","(152,591)","(1341,426)","(229,312)","(86,71)",,,"(50,382)","(721,692)",,,,,,,
85,,"(1209,962)","(63,628)","(152,591)","(1346,420)","(229,311)","(86,71)",,,,,,,,,,,
86,,"(1208,962)","(62,626)","(152,591)","(1344,419)","(228,312)","(86,71)",,,,,,,,,,,
87,,"(1208,963)",,"(152,591)","(1341,419)","(228,311)","(86,71)",,,,,,,,,,,
88,,"(1208,962)",,"(152,591)","(1343,417)","(228,311)","(86,71)",,,,,,,,,,,
89,,"(1206,964)","(62,624)","(150,587)","(1340,421)",,"(86,71)",,,,,,,,,,,
90,,"(1205,965)",,"(152,591)","(1343,421)","(227,311)","(86,71)",,,,,,,,,,,
91,,"(1205,965)",,"(151,592)","(1340,420)","(227,311)","(86,71)",,,,,,,,,,,
92,,"(1205,962)","(62,623)",,"(1340,419)","(227,311)","(85,71)",,"(1166,61)",,,,,,,,,
93,,"(1205,966)",,,"(1340,418)","(227,310)","(85,71)",,,"(49,383)",,,,,,,,
94,,"(1205,966)","(61,624)","(149,588)","(1341,415)","(227,311)","(84,71)",,,,,,,,,,,
95,,"(1205,966)","(62,623)","(149,588)","(1340,414)","(228,311)","(84,72)",,,"(49,384)","(720,692)",,,,,,,
96,,"(1205,964)","(62,624)",,"(1339,413)","(227,310)","(84,72)",,,"(49,383)","(719,692)",,,,,,,
97,,"(1206,964)","(62,627)",,"(1340,417)","(227,311)","(85,72)",,,"(49,374)",,"(50,329)",,,,,,
98,,"(1206,965)",,"(150,588)","(1341,411)","(227,310)","(84,72)",,,,"(720,692)",,,,,,,
99,,"(1205,965)","(62,624)","(152,591)","(1339,411)","(227,310)","(84,71)",,,,,,,,,,,
100,,"(1206,963)",,"(150,588)","(1342,411)","(226,310)","(86,71)",,,,,,,,,,,
101,,"(1206,964)","(63,624)","(152,592)","(1341,413)","(226,311)","(85,71)",,,,,,,,,,,
102,,,"(63,624)","(152,591)","(1341,415)","(226,310)","(86,71)",,,,"(721,691)",,,,,,,
103,,"(1208,966)","(63,624)","(152,591)","(1340,414)","(227,310)","(86,71)",,,,"(721,692)",,,,,,,
104,,"(1209,963)","(63,624)","(152,591)","(1343,414)","(227,310)","(85,71)",,"(1166,60)",,"(721,692)",,,,,,,
105,,,"(63,624)","(152,591)","(1342,414)","(227,310)","(86,71)",,,,"(721,692)",,,,,,,
106,,,"(62,624)","(152,591)","(1341,414)",,"(86,71)",,,,,,,,,,,
107,,,"(63,624)","(152,591)","(1342,414)","(227,311)","(86,71)",,,,,"(50,324)",,,,,,
108,,,,"(152,592)","(1342,414)","(227,311)","(86,71)",,,,,,,,,,,
109,,,,"(152,592)","(1342,414)","(226,311)","(85,71)",,,,"(720,692)",,,,,,,
110,,"(1206,965)","(62,624)","(152,591)","(1341,414)","(226,311)","(85,72)",,,,"(720,692)",,,,,,,
111,,,"(62,624)","(150,588)","(1341,414)","(226,312)","(85,72)",,,,,,,,,,,
112,,,"(62,624)","(152,591)","(1341,415)","(225,312)","(85,72)",,,,"(720,693)",,,,,,,
113,,"(1205,958)",,"(152,591)","(1340,415)","(225,312)","(85,71)",,,"(49,384)",,,,,,,,
114,"(220,1034)",,"(62,624)","(152,592)","(1341,415)","(225,312)","(85,72)",,,,,,,,,,,
115,,,"(62,624)","(152,592)","(1341,415)","(225,312)","(85,71)",,,,,,,,,,,
116,,,"(62,624)","(152,592)","(1341,415)","(225,312)","(85,72)",,,,"(721,693)",,,,,,,
117,"(225,1032)","(1208,956)","(62,624)","(152,591)","(1341,415)",,"(86,71)",,,,,,,,,,,
118,,"(1209,954)",,"(152,592)","(1341,415)","(225,313)","(85,71)",,,,,,,,,,,
119,,"(1209,962)",,"(150,588)","(1341,415)",,"(85,71)",,,,,,,,,,,
120,"(228,1032)","(1209,962)",,"(150,587)","(1341,415)","(224,313)","(85,71)",,,,,,,,,,,
121,"(229,1032)",,,"(151,588)","(1341,415)","(224,313)","(85,71)",,,,,,,,,,,
122,,"(1207,955)","(62,623)","(152,592)","(1341,415)","(223,313)","(85,71)",,,,,,,,,,,
123,"(230,1032)","(1207,954)","(62,623)","(152,591)","(1341,415)","(223,314)","(85,71)",,,,,,,,,,,
124,"(230,1032)",,"(61,622)","(152,591)","(1341,415)","(222,315)","(85,71)",,,,,,,,,,,
125,"(226,1032)","(1207,954)","(60,621)","(152,591)","(1341,414)","(223,315)","(85,71)",,,,,,,,,,,
126,"(228,1032)","(1208,954)","(59,621)","(152,592)","(1341,415)","(222,316)","(85,71)",,,,,,,,,,,
127,"(232,1032)","(1208,955)","(58,621)","(152,591)","(1341,415)","(221,316)","(85,71)",,,,,,,,,,,
128,"(233,1032)","(1207,956)","(57,621)","(152,592)","(1341,416)","(221,316)","(84,71)",,,,"(720,692)",,,,,,,
129,"(230,1033)","(1206,963)","(57,619)","(150,588)","(1341,417)","(220,317)","(84,72)",,,,,,,,,,,
130,"(230,1033)","(1206,963)","(57,618)","(150,587)","(1341,417)","(220,318)","(84,72)",,,,,,,,,,,
131,"(233,1033)","(1207,963)","(58,618)","(149,588)","(1341,417)","(219,318)","(84,72)",,,"(49,374)",,,,,,,,
132,"(237,1036)","(1207,966)","(56,617)","(150,588)","(1343,418)","(219,318)","(85,72)",,,,,,,,,,,
133,"(237,1035)","(1208,962)","(58,614)","(152,591)","(1345,420)","(218,319)","(84,72)",,,,,,,,,,,
134,"(237,1033)","(1208,962)","(57,614)","(150,588)","(1345,420)","(218,319)","(85,72)",,,,,,,,,,,
135,"(238,1033)","(1208,957)","(58,614)","(150,587)","(1345,420)","(218,318)","(84,71)",,,,,,,,,,,
136,"(236,1032)","(1208,956)","(57,612)","(149,587)","(1350,413)","(218,318)","(84,71)",,,"(50,391)",,,,,,,,
137,"(237,1033)","(1208,962)","(59,612)","(152,591)","(1350,413)","(217,318)","(84,71)",,,,,,,,,,,
138,"(242,1032)","(1208,962)","(59,611)","(152,591)","(1344,419)","(217,319)","(84,71)",,,,,,,,,,,
139,"(242,1032)","(1208,962)","(59,611)","(152,591)","(1344,419)","(216,320)","(84,71)",,,,,,,,,,,
140,"(243,1034)","(1207,957)","(59,611)","(152,591)","(1344,419)","(216,320)","(85,71)",,,,,,,,,,,
141,"(244,1033)","(1207,957)","(59,609)","(150,587)","(1344,419)","(215,321)","(85,71)",,,,,,,,,,,
142,"(247,1033)","(1209,960)","(59,608)","(152,591)","(1344,418)","(215,321)","(85,71)",,,"(50,375)",,,,,,,,
143,"(246,1032)","(1209,962)","(60,612)","(152,592)","(1343,418)","(215,321)","(84,71)",,,,,,,,,,"(1366,86)",
144,"(248,1033)","(1209,962)","(59,610)","(152,592)","(1343,418)","(215,321)","(84,71)",,,,,,,,,,"(1366,86)",
145,"(249,1034)","(1208,962)","(60,609)","(152,592)","(1343,418)","(214,321)","(85,71)",,,,,,,,,,,
146,"(251,1034)","(1208,962)","(61,607)","(152,592)","(1342,419)","(214,322)","(85,71)",,,"(50,374)","(720,692)","(52,320)",,,,,,
147,"(249,1034)","(1208,962)","(59,605)","(151,592)","(1341,418)","(213,322)","(84,71)",,,,,,,,,,"(1366,85)",
148,"(252,1035)","(1208,962)","(60,605)","(152,592)","(1342,418)","(213,323)","(84,72)",,,,,,,,,,,
149,"(252,1034)","(1207,963)","(60,605)","(151,592)","(1343,419)","(213,323)","(84,72)",,,,,,,,,,,
150,"(252,1034)","(1207,963)","(60,603)","(152,593)","(1343,419)","(213,324)","(84,72)",,,,,,,,,,"(1366,87)",
151,"(256,1034)","(1208,963)","(60,605)","(149,588)","(1343,419)","(213,324)","(84,72)",,,,,,,,,,,
152,"(257,1034)","(1208,963)",,"(152,592)","(1344,419)","(213,325)","(84,72)",,,,,,,,,,"(1366,86)",
153,"(256,1034)","(1208,963)","(61,603)","(152,592)","(1344,419)","(213,324)","(84,71)","(1349,310)",,,,,,,,,"(1366,86)",
154,"(258,1034)","(1208,963)","(60,605)","(149,588)","(1343,419)","(213,325)","(84,71)",,,,,,,,,,"(1366,85)",
155,"(260,1034)","(1207,963)","(58,599)","(149,587)","(1348,420)","(214,325)","(84,71)",,,,,,,,,,,
156,"(261,1034)","(1208,962)",,"(152,592)","(1349,419)","(218,322)","(85,72)",,,,,,,,,,,"(239,58)"
157,"(265,1034)","(1208,962)","(59,600)","(150,587)","(1347,417)","(214,324)","(85,71)","(1348,312)",,,,,,,,,,
158,"(266,1033)","(1208,962)","(59,600)","(150,587)","(1348,419)","(214,324)","(85,71)","(1348,312)",,,"(720,692)",,,,,,"(1366,86)",
159,"(265,1032)","(1207,963)",,"(152,592)",,"(213,324)","(84,71)","(1348,313)",,,,,,,,,,
160,"(267,1034)","(1207,962)","(61,599)","(152,592)",,"(214,324)","(85,71)",,,,,,,,,,,
161,"(268,1035)","(1208,964)","(61,600)","(152,591)","(1350,420)","(213,324)","(85,71)",,,,,,,,,,,
162,"(268,1032)","(1208,964)","(62,596)","(152,592)",,"(213,324)","(85,72)","(1349,314)",,,,,,,,,"(1366,86)",
163,"(270,1035)","(1208,965)","(62,595)","(152,592)",,"(213,325)","(85,72)","(1349,315)",,,,,,,,,"(1366,86)",
164,"(271,1035)","(1207,964)","(62,595)","(152,593)",,"(213,326)","(85,72)","(1349,315)",,,,,,,,,"(1366,86)",
165,"(271,1036)","(1207,963)","(62,595)","(152,592)",,"(212,326)","(85,72)",,,,,,,,,,,
166,"(273,1036)","(1207,963)","(63,595)","(152,593)",,"(212,326)","(85,72)",,,,,,,,,,,
167,"(273,1036)","(1207,964)","(62,594)","(149,588)",,"(211,326)","(85,72)","(1350,317)",,,,,,,,,"(1366,86)",
168,"(274,1035)","(1207,966)","(62,594)","(150,588)",,"(210,326)","(85,73)",,,,,,,,,,"(1366,86)",
169,"(278,1033)","(1208,964)","(62,593)","(152,592)","(1349,421)","(208,326)","(85,72)",,,,,,,,,,"(1366,86)",
170,"(281,1033)","(1208,965)","(63,592)","(152,592)","(1351,421)","(208,326)","(85,72)",,,,,,,,,,"(1366,86)",
171,"(283,1033)","(1207,964)","(62,592)","(150,588)",,"(209,324)","(84,72)",,,,"(720,692)",,,,,,,
172,"(285,1036)","(1207,965)","(61,594)","(150,588)","(1353,420)","(208,324)","(85,71)",,,,,,,,,,,
173,"(282,1035)","(1209,963)","(61,594)","(149,587)",,"(205,326)","(84,71)",,,"(49,384)",,,,,,"(43,654)",,
174,"(287,1033)","(1209,964)","(61,593)","(152,592)",,"(208,324)","(85,71)","(1356,308)",,,,,,,,,,
175,"(289,1034)","(1207,962)","(59,594)","(150,587)",,"(207,326)","(85,71)",,,,,,,,,"(46,652)",,
176,"(291,1033)","(1208,964)","(61,594)","(150,587)",,"(205,326)","(85,71)","(1352,322)",,,,,"(528,1053)",,,,,
177,"(289,1033)","(1210,963)","(59,592)","(152,591)",,"(208,325)","(84,71)","(1352,323)",,,,,,,,,"(1366,85)",
178,"(294,1031)","(1210,963)","(59,593)","(152,591)",,"(207,325)","(84,70)","(1352,324)",,,,,,,,,"(1366,85)",
179,"(293,1034)","(1208,963)","(63,592)","(149,587)",,"(207,325)","(85,71)",,,,,,,,,,,
180,"(293,1035)","(1210,963)","(65,589)","(149,587)",,"(207,326)","(84,71)",,,,,,,,,"(46,652)",,
181,"(295,1035)","(1209,961)","(65,589)","(152,592)",,"(205,326)","(84,71)",,,,,,,,,"(46,652)",,
182,"(297,1035)","(1210,963)","(71,588)","(149,588)",,"(202,330)","(85,72)",,,,,,,,,,,
183,"(296,1033)","(1210,963)","(65,591)","(149,588)",,"(201,328)","(84,72)","(1352,330)",,,,,,,,,"(1366,86)",
184,"(300,1035)","(1210,963)","(63,592)","(150,588)",,"(200,329)","(84,72)","(1352,332)",,,,,,,,,,
185,"(301,1034)","(1209,963)","(64,587)","(150,588)",,"(203,330)","(84,72)","(1351,332)",,,,,,,,,,
186,"(301,1033)","(1209,959)","(65,591)","(150,588)",,"(200,331)","(84,72)","(1352,333)",,,,,,,,,,
187,"(300,1033)","(1209,958)","(65,589)","(151,592)",,"(203,331)","(84,71)","(1352,334)",,,,,,,,,"(1366,85)",
188,"(301,1032)","(1209,958)","(65,589)","(150,588)",,"(199,333)","(84,71)","(1352,335)",,,"(720,692)",,,,,,"(1366,86)",
189,"(307,1034)","(1209,958)","(66,587)","(149,587)",,"(203,332)","(84,71)",,,,,,,,,,,
190,"(307,1031)","(1209,958)","(65,584)","(150,587)",,"(199,335)","(84,71)",,,,"(720,691)",,,,,,,
191,"(312,1034)","(1210,961)","(65,588)","(152,591)",,"(198,333)","(84,71)",,,,,,,,,,,
192,"(312,1034)","(1210,961)","(65,587)","(151,591)",,"(197,333)","(84,71)",,,,,,,,,"(46,652)",,
193,"(313,1032)","(1210,961)","(66,587)","(151,591)",,"(196,335)","(84,71)",,,,,,,,,,,
194,"(316,1034)","(1210,961)","(65,583)","(151,591)",,"(197,338)","(84,70)",,,,,,,,,"(46,652)","(1366,85)",
195,"(316,1031)","(1211,961)","(65,583)","(149,587)",,"(197,337)","(84,71)",,,,,,"(534,1053)",,,,,
196,"(317,1035)","(1211,961)","(65,581)","(152,591)",,"(198,339)","(84,70)",,,,,,"(534,1053)",,,,"(1366,85)",
197,"(320,1034)","(1211,962)","(66,582)","(150,587)",,"(196,338)","(85,71)",,,,"(721,692)",,,,,,,
198,"(321,1034)","(1211,961)","(65,582)","(150,587)",,"(196,338)","(84,71)",,,,,,,,,,,
199,"(319,1034)","(1210,962)","(65,582)","(149,587)",,"(195,339)","(84,71)","(1351,339)",,,"(720,692)",,,,,"(46,653)",,
200,"(324,1032)","(1211,962)","(66,582)","(152,591)",,"(194,339)","(85,71)","(1351,340)",,,,,,,,,,
201,"(325,1031)","(1211,962)","(65,583)","(149,587)",,"(192,339)","(84,71)","(1351,340)",,,,,,,,,,
202,"(325,1035)","(1210,962)","(65,584)","(149,587)",,"(195,338)","(84,71)","(1351,342)",,,,,,,,,,
203,"(327,1035)","(1210,962)","(67,582)","(151,592)",,"(193,339)","(84,71)","(1350,342)",,,"(720,692)",,,,,,,
204,"(328,1035)","(1211,962)","(68,583)","(151,592)",,"(195,340)","(84,71)",,,,,,,,,,,
205,"(329,1034)","(1210,962)","(67,583)","(149,587)",,"(192,340)","(84,71)",,,,"(720,692)",,,,,,"(1366,85)",
206,"(331,1032)","(1211,962)","(67,583)","(150,587)",,"(195,339)","(84,71)","(1351,344)",,,,,,,,,,
207,"(332,1035)","(1211,962)","(73,581)","(148,587)",,"(196,339)","(84,71)","(1351,346)",,,,,,,,,,
208,"(334,1034)","(1210,961)","(74,579)","(148,587)",,"(192,341)","(84,71)","(1351,346)",,,,,,,,,,
209,"(337,1035)","(1211,961)","(73,580)","(150,591)",,"(195,339)","(84,70)","(1351,346)",,,,,,,,,,
210,"(336,1032)","(1211,961)","(72,578)","(150,591)",,"(194,339)","(84,70)","(1352,345)",,,,,,,,,,
211,"(339,1034)","(1211,960)","(71,581)","(149,587)",,"(195,339)","(85,70)","(1349,346)",,,,,,,,,"(1366,85)",
212,"(336,1034)","(1211,960)","(73,584)","(152,590)",,"(194,339)","(84,70)","(1352,347)",,,,,,,,,,
213,"(339,1034)","(1211,961)","(73,581)","(152,591)",,"(195,340)","(84,70)","(1352,348)",,,,,,,,,,
214,"(340,1031)","(1212,961)","(75,582)","(152,591)",,"(191,341)","(84,70)","(1352,348)",,,,,,,,,,
215,"(344,1031)","(1212,961)","(74,581)","(152,591)",,"(190,344)","(84,71)","(1351,348)",,,,,,,,,"(1366,85)",
216,"(345,1031)","(1213,960)","(73,581)","(150,587)",,"(190,341)","(84,71)","(1351,348)",,,,,,,,,,
217,"(344,1034)","(1212,960)","(76,581)","(152,591)",,"(190,346)","(85,71)","(1351,349)",,,,,,,,,,
218,"(345,1033)","(1212,961)","(74,581)","(152,591)",,"(190,346)","(84,71)","(1350,350)",,,,,,,,,,
219,"(349,1031)","(1211,961)","(73,584)","(149,587)",,"(189,343)","(84,71)","(1350,353)",,,,,"(533,1053)",,,"(46,653)",,
220,"(348,1032)","(1211,962)","(74,585)","(149,587)",,"(188,345)","(84,71)","(1352,354)",,,,,,,,,,
221,"(352,1033)","(1210,961)","(74,585)","(151,591)",,"(188,344)","(84,71)",,,,,,,,,"(46,654)",,
222,"(352,1035)","(1210,961)","(74,578)","(149,588)",,"(192,343)","(84,71)",,,,,,,,,,,
223,"(352,1031)","(1210,960)","(74,586)","(151,592)",,"(191,343)","(84,71)","(1352,356)",,,,,,,,,,
224,"(353,1034)","(1210,960)","(74,580)","(151,592)",,"(191,343)","(84,71)","(1351,355)",,,,,,,,,,
225,"(355,1034)","(1210,960)","(74,586)","(149,587)",,"(192,343)","(84,71)","(1350,357)",,,,,,,,,,
226,"(359,1034)","(1207,961)","(74,586)","(149,587)",,"(190,345)","(84,71)","(1350,357)",,,,,,,,,,
227,"(363,1031)","(1207,962)","(74,586)","(151,591)",,"(187,346)","(84,71)",,,,,,"(527,1053)",,,,,
228,"(363,1034)","(1208,961)","(76,581)","(149,586)",,"(190,344)","(84,71)",,,,,,,,,"(46,653)",,
229,"(365,1034)","(1209,961)","(78,586)","(151,591)",,"(186,346)","(84,71)","(1352,360)",,,,,"(529,1053)",,,"(46,654)",,
230,"(367,1031)","(1210,960)","(77,584)","(151,591)",,"(189,344)","(84,70)","(1351,360)",,,"(720,691)",,,,,"(46,654)","(1366,85)",
231,"(367,1034)","(1209,960)","(79,588)","(151,591)",,"(185,347)","(84,71)","(1352,360)",,"(48,378)",,"(50,325)","(529,1053)",,,"(46,653)",,
232,"(371,1031)","(1213,960)","(77,586)","(152,591)",,"(185,347)","(85,70)","(1350,364)",,,"(720,691)",,,,,,"(1366,85)",
233,"(372,1032)","(1209,960)","(75,588)","(152,591)",,"(185,346)","(84,71)","(1351,363)",,,,,"(529,1053)",,,"(46,653)","(1366,85)",
234,"(373,1032)","(1213,960)","(76,586)","(149,587)",,"(185,349)","(85,71)",,,,,,"(533,1053)",,,,"(1366,85)",
235,"(376,1033)","(1214,960)","(76,589)","(149,587)",,"(189,345)","(85,71)","(1351,366)",,,,,,,,,,
236,"(376,1035)","(1214,960)","(77,590)","(149,587)",,"(189,346)","(85,71)",,,,,,,,,,,
237,"(379,1036)","(1215,961)","(78,590)","(149,587)",,"(189,347)","(85,71)","(1350,366)",,,,,,,,,"(1366,86)",
238,"(377,1034)","(1216,961)","(79,589)","(149,587)","(1355,418)","(186,348)","(85,71)","(1350,363)",,,,,,,,,,
239,"(378,1035)","(1216,961)","(80,590)","(149,587)","(1355,418)","(187,348)","(84,71)","(1350,363)",,,,,,,,"(43,649)",,
240,"(382,1036)","(1216,962)","(80,587)","(148,587)","(1355,418)","(188,348)","(84,71)","(1349,363)",,,,,,,,,,
241,"(385,1034)","(1213,962)","(83,587)","(149,587)","(1355,418)","(187,348)","(85,71)","(1351,363)",,,,,,,,"(43,650)",,
242,"(384,1035)","(1218,961)","(82,588)","(148,587)",,"(189,348)","(84,71)","(1351,363)",,,,,,,,"(43,649)",,
243,"(384,1036)","(1218,961)","(83,591)","(149,587)",,"(190,348)","(84,71)","(1352,362)",,"(49,388)",,,,,,,,
244,"(385,1035)","(1220,961)","(84,591)","(149,587)","(1355,418)","(189,348)","(85,70)","(1350,364)",,,,,,,,,,
245,"(388,1032)","(1220,961)","(91,592)","(150,587)",,"(184,349)","(85,71)","(1349,366)",,,,,,,,,,
246,"(388,1033)","(1220,961)","(90,590)",,"(1354,425)","(186,349)","(85,70)","(1349,366)",,"(49,384)",,,,,,,,
247,"(391,1034)",,"(90,591)","(149,587)",,"(187,351)","(85,71)","(1350,363)",,,,,"(529,1053)",,,,,
248,"(394,1033)",,"(91,590)","(149,587)","(1356,417)","(184,352)","(85,70)",,,"(50,384)",,,,,,,,
249,"(394,1033)",,"(92,591)","(151,591)",,"(187,349)","(85,70)","(1350,365)",,,,,,,,,,
250,"(400,1033)","(1221,960)","(94,591)","(148,587)",,"(184,352)","(85,70)",,,,,,,,,,,
251,"(400,1034)",,"(95,593)","(149,587)","(1355,417)","(184,352)","(85,70)","(1348,362)",,,,,,,,,,
252,"(404,1031)","(1222,961)","(97,593)","(150,591)","(1355,419)","(184,353)","(85,70)","(1349,362)",,"(49,383)",,,,,,,,
253,"(404,1032)","(1223,961)","(97,593)",,"(1355,417)","(184,353)","(85,70)","(1348,362)",,,,,,,,,,
254,"(405,1034)","(1224,961)","(98,591)","(148,586)",,"(183,354)","(84,70)","(1346,362)",,"(49,384)",,,,,,,,
255,"(409,1034)","(1219,961)","(98,590)","(148,587)","(1354,417)","(185,351)","(85,71)","(1347,366)",,,,,,"(1162,1052)",,,,
256,"(413,1032)","(1225,961)","(100,590)","(148,587)",,"(184,354)","(85,71)","(1347,366)",,,,,,"(1161,1053)",,,,
257,"(413,1035)","(1226,962)","(102,592)","(148,588)","(1355,418)","(185,352)","(85,71)","(1347,366)",,,,,,"(1162,1053)",,,,
258,"(414,1036)","(1226,961)","(102,591)","(148,587)","(1354,418)","(183,354)","(83,71)","(1346,367)",,"(49,375)",,,,"(1162,1052)",,,,
259,"(416,1035)","(1226,962)","(103,590)","(148,587)","(1354,418)","(186,352)","(84,71)","(1346,364)",,,,,,,,,,
260,"(418,1035)","(1227,962)","(104,593)","(148,587)",,"(182,355)","(84,71)","(1345,367)",,,,,,,,,,
261,"(423,1034)","(1227,963)","(105,593)","(148,587)",,"(186,351)","(83,71)","(1345,366)",,,,"(50,321)",,,,,,
262,"(423,1034)","(1226,961)","(108,593)","(148,587)",,"(181,355)","(84,71)","(1345,367)",,,,,,,,,,
263,,"(1226,962)","(108,594)","(148,587)","(1354,418)","(180,356)","(84,70)",,,,,,,"(1162,1052)",,,,
264,"(427,1033)","(1228,961)","(110,594)","(148,586)",,"(181,353)","(84,70)","(1344,362)",,,,,"(528,1053)",,,,,
265,"(428,1034)","(1232,963)","(110,595)","(148,586)",,"(181,353)","(84,70)","(1344,366)",,,,"(50,327)",,,,,,
266,"(428,1034)","(1234,962)","(111,595)","(148,587)",,"(181,354)","(85,70)","(1343,363)",,"(49,381)",,,,,,,,
267,"(429,1033)","(1234,961)","(112,597)","(148,587)","(1354,417)","(181,354)","(84,70)","(1343,364)",,,,,"(528,1053)",,,,,
268,"(434,1035)","(1236,965)","(114,599)","(148,586)",,"(181,353)","(84,70)","(1342,363)",,,,,,,,,,
269,"(433,1034)","(1236,960)","(114,601)","(149,586)",,"(181,353)","(84,70)",,,,,,"(528,1053)",,,,,
270,"(433,1035)","(1235,960)","(115,601)","(149,586)",,"(181,353)","(85,70)","(1341,363)",,,,,,,,,,
271,"(434,1033)","(1235,964)","(115,603)","(148,587)",,"(178,356)","(84,70)","(1340,363)",,,,,,,,,,
272,"(439,1033)","(1235,965)","(117,605)","(148,587)",,"(178,356)","(84,71)","(1340,364)",,,,,,,,"(46,601)",,
273,"(440,1033)","(1239,965)","(118,606)","(148,587)",,"(177,356)","(84,71)","(1339,364)",,"(47,389)",,,,,,,,
274,"(441,1034)","(1239,967)","(119,607)","(148,588)","(1354,418)","(180,355)","(84,71)","(1339,362)",,,,,,,,,,
275,"(442,1033)","(1240,966)","(120,608)","(148,588)","(1354,418)","(180,355)","(84,71)","(1339,363)",,,,,,,,,,
276,"(446,1033)","(1240,966)","(121,609)","(148,588)","(1354,418)","(180,356)","(84,71)","(1338,366)",,,,,,,,,,
277,"(446,1033)","(1241,966)","(122,610)","(148,588)","(1354,418)","(179,356)","(84,71)","(1337,366)",,"(49,385)",,,,,,,,
278,"(448,1033)","(1242,966)","(122,610)","(151,592)","(1354,418)","(175,360)","(84,71)","(1334,362)",,,,,,,,,,
279,"(448,1035)","(1243,966)","(123,611)","(148,587)","(1354,418)","(174,360)","(83,71)","(1333,363)",,,,,,,,,,
280,"(451,1033)","(1244,966)","(123,611)",,"(1354,418)","(175,360)","(83,71)","(1333,362)",,,,,,,,,,
281,"(452,1033)","(1246,967)","(125,612)",,"(1354,418)","(175,360)","(84,71)","(1332,362)",,,,,,"(1161,1053)",,,,
282,"(454,1033)","(1248,964)","(125,613)","(149,587)",,"(174,360)","(83,71)","(1330,363)",,,,,,,,,,
283,"(454,1033)","(1248,967)","(127,613)","(149,587)","(1354,417)","(174,360)","(84,71)","(1330,364)",,,,,,,,,,
284,"(456,1034)","(1250,968)","(127,615)","(149,587)",,"(174,361)","(84,71)","(1330,365)",,,,"(50,320)",,,,,,
285,"(459,1034)","(1250,967)","(127,615)","(149,586)",,"(177,358)","(83,70)","(1327,363)",,,,,"(528,1053)",,,,,
286,"(462,1033)","(1253,970)","(129,616)","(149,587)","(1351,418)","(174,361)","(83,71)","(1325,364)",,,,,"(528,1053)",,,,,
287,"(462,1033)","(1253,971)","(130,619)","(149,587)","(1351,421)","(173,361)","(84,71)","(1324,364)",,,,,"(528,1053)",,,,,
288,"(466,1031)","(1254,969)","(131,619)","(149,587)","(1354,418)","(173,361)","(84,71)","(1323,364)",,,,,,"(1161,1052)",,,,
289,"(469,1033)","(1255,970)","(132,620)","(149,587)","(1355,418)","(173,361)","(84,71)","(1322,364)",,,,,,,,,,
290,"(469,1035)","(1255,971)","(133,622)","(149,587)","(1355,417)","(175,359)","(84,71)","(1320,365)",,,,,,,,,,
291,"(471,1034)","(1257,972)","(134,624)","(150,587)","(1349,415)","(173,362)","(84,71)","(1319,365)",,,,,,,,,,
292,"(475,1033)","(1260,972)","(135,624)","(152,592)","(1354,415)","(172,363)","(84,71)","(1317,366)",,"(49,374)",,,,,,,,
293,"(476,1034)","(1261,972)","(136,626)","(152,592)","(1350,414)","(172,363)","(84,71)","(1317,366)",,,,,,,,,,
294,"(478,1035)","(1262,972)","(137,625)","(150,587)","(1355,415)","(171,364)","(84,71)","(1314,365)",,,,,,,,,,
295,"(480,1034)","(1263,973)","(138,625)","(152,592)","(1355,415)","(171,364)","(84,71)","(1314,367)",,"(49,382)",,,,,,,,
296,"(481,1034)","(1265,973)","(139,626)","(150,587)","(1355,414)","(171,364)","(84,71)","(1311,366)",,,,,,,,,,
297,"(484,1034)","(1267,973)","(141,628)","(150,587)",,"(170,364)","(84,71)","(1308,365)",,"(50,382)",,,,,,,,
298,"(486,1033)","(1266,973)","(143,629)","(150,587)","(1355,413)","(170,364)","(84,71)","(1306,360)",,,,,,,,,,
299,"(487,1033)","(1267,973)","(144,629)","(152,591)","(1354,413)","(170,364)","(84,71)","(1304,362)",,"(49,374)",,"(50,324)",,,,,,
300,"(488,1034)","(1269,976)","(146,629)","(150,587)","(1355,412)","(170,363)","(85,71)","(1303,361)",,,,,,,,"(43,648)",,
301,"(491,1033)","(1270,977)","(148,630)","(152,592)","(1355,412)","(170,363)","(85,71)","(1301,361)",,"(50,384)",,,,,,,,
302,"(493,1033)","(1272,977)","(151,632)","(150,587)",,"(173,361)","(85,70)","(1299,358)",,,,,,,,,,
303,"(495,1035)","(1271,977)","(151,632)","(150,587)","(1351,406)","(170,363)","(85,70)","(1297,357)",,"(49,374)",,,,,,,,
304,"(497,1032)","(1271,978)","(152,631)","(150,587)","(1351,406)","(170,364)","(84,71)","(1295,356)",,"(48,374)",,,,,,,,
305,"(498,1033)","(1273,979)","(154,633)","(150,587)",,"(170,364)","(84,71)","(1294,356)",,,,,,,,,,
306,"(501,1034)","(1273,980)","(154,633)","(150,587)","(1355,411)","(169,364)","(85,71)","(1292,356)","(1129,54)",,,,,,,,,
307,"(503,1033)","(1273,981)","(156,634)","(152,591)",,"(169,366)","(85,71)","(1290,355)",,,,,,,,,,
308,"(505,1034)","(1276,982)","(156,633)","(149,587)",,"(169,365)","(85,71)","(1288,355)",,,,,,,,,,
309,"(508,1035)","(1275,984)","(158,634)","(150,588)",,"(169,366)","(85,71)","(1287,355)",,,,,"(534,1054)",,,"(46,604)",,
310,"(508,1034)","(1277,984)","(159,635)","(152,592)",,"(168,367)","(85,71)","(1285,352)",,,,,,,,,,
311,"(508,1033)","(1277,985)","(160,634)","(152,592)",,"(168,367)","(85,71)","(1284,351)",,,,,,,,,,
312,"(512,1034)","(1276,986)","(160,635)","(150,588)",,"(168,366)","(85,71)","(1282,353)",,,,,"(534,1054)",,,,,
313,"(514,1036)","(1276,986)","(161,635)","(152,592)","(1351,405)","(167,365)","(84,71)","(1280,351)",,,,,,,,,,
314,"(514,1034)","(1277,987)","(162,636)","(150,588)",,"(168,364)","(85,71)","(1279,351)",,,,,,,,,,
315,"(516,1031)","(1277,988)","(162,636)","(153,592)","(1355,409)","(168,364)","(85,71)","(1277,350)",,,,,,,,,,
316,"(519,1033)","(1278,988)","(162,638)","(150,587)","(1355,409)","(167,363)","(85,71)","(1276,349)",,,,,,,,,,
317,"(520,1033)","(1278,988)","(162,638)","(150,587)","(1355,410)","(171,364)","(85,71)","(1274,347)",,,,,,,,,,
318,,"(1279,989)","(163,636)","(150,587)","(1355,408)","(171,360)","(85,71)","(1269,346)",,,,,,,,,,
319,,"(1279,988)","(163,637)","(150,587)","(1354,408)","(170,360)","(85,71)","(1269,344)",,"(49,381)",,,,"(1161,1052)",,,,
320,"(528,1032)","(1279,989)","(163,637)","(150,587)","(1355,408)","(170,360)","(84,71)","(1268,343)",,,,,,,,,,
321,"(531,1033)","(1280,990)","(164,636)","(150,587)","(1355,407)","(168,362)","(85,70)","(1267,342)",,"(49,383)",,,"(530,1053)",,,,,
322,"(532,1034)","(1280,991)","(162,637)","(150,587)","(1355,407)","(169,361)","(84,70)","(1265,341)",,,,,"(529,1053)",,,"(43,649)",,
323,"(531,1032)","(1281,991)","(164,637)","(150,587)","(1355,407)","(170,361)","(85,70)","(1263,340)",,"(49,383)",,,"(529,1053)",,,,,
324,"(534,1032)","(1282,992)","(163,637)","(149,587)","(1354,406)","(169,364)","(84,71)","(1261,339)",,,,"(50,327)","(535,1053)",,,,,
325,"(533,1034)","(1282,993)","(164,637)","(152,591)","(1351,397)","(169,364)","(85,71)","(1260,338)",,"(49,382)",,,,,,"(43,649)",,
326,"(534,1036)","(1282,994)","(164,637)","(150,587)","(1352,397)","(169,363)","(85,71)","(1258,339)","(1129,55)",,,,,,,,,
327,"(534,1035)","(1282,994)","(164,637)","(150,587)",,"(169,363)","(85,71)","(1258,339)",,,,,"(535,1053)",,,,,
328,"(535,1036)","(1285,996)","(164,638)","(150,587)","(1355,406)","(164,367)","(84,71)","(1255,337)",,,,,,,,,,
329,"(538,1034)","(1286,996)","(164,638)","(150,587)","(1352,394)","(167,366)","(84,71)","(1254,337)",,,,,,,,,,
330,"(537,1036)","(1286,998)","(164,637)","(150,587)",,"(167,365)","(84,71)","(1252,336)","(1129,55)",,,,,"(1162,1052)",,,,
331,"(539,1036)","(1288,998)","(164,637)","(150,588)","(1355,407)","(167,366)","(85,71)","(1251,336)",,,,,"(529,1053)","(1162,1054)",,,,
332,"(539,1036)","(1289,999)","(164,638)","(152,592)","(1353,391)","(167,367)","(84,71)","(1249,334)",,,,,"(535,1054)","(1162,1052)",,,,
333,"(539,1036)","(1289,1000)","(164,638)","(152,592)","(1353,392)","(165,366)","(85,71)","(1247,334)",,,,,,"(1162,1052)",,,,
334,"(541,1035)","(1290,999)","(164,637)","(153,591)","(1353,392)","(163,364)","(85,71)","(1245,334)",,,,,,,,,,
335,"(541,1035)","(1291,1000)","(164,637)","(150,587)","(1352,392)","(165,365)","(85,71)","(1244,334)",,,,,,"(1162,1052)",,,,
336,"(545,1033)","(1292,1000)","(164,637)","(152,591)","(1353,390)","(164,365)","(85,71)","(1242,333)","(1129,55)",,,,,"(1161,1053)",,,,
337,"(544,1036)","(1294,1000)","(164,637)","(152,591)","(1353,389)","(164,366)","(85,70)","(1240,333)",,,,,,"(1162,1052)",,,,
338,"(544,1035)","(1295,1001)","(164,637)","(152,591)",,"(163,365)","(85,70)","(1240,331)",,,,,,,,,,
339,"(545,1033)","(1296,1001)","(164,637)","(150,587)","(1355,401)","(163,363)","(85,70)","(1238,331)",,,,,,,,,,
340,"(543,1033)","(1296,1002)","(164,637)","(152,591)","(1352,385)","(163,365)","(85,70)","(1236,335)","(1129,54)",,,,,"(1163,1052)",,,,
341,"(546,1033)","(1297,999)","(165,637)","(152,591)","(1353,385)","(163,366)","(85,71)","(1234,336)",,,,,,"(1163,1052)",,,,
342,"(546,1034)","(1298,1001)","(164,637)","(152,591)","(1353,385)","(163,368)","(85,70)","(1231,332)",,,,,,,,,,
343,"(546,1033)","(1298,1000)","(164,637)","(150,587)","(1352,383)","(162,369)","(85,71)","(1230,334)","(1129,54)",,,,,,,,,
344,"(544,1034)","(1300,1000)","(164,637)","(150,587)","(1353,383)","(161,368)","(85,71)","(1228,336)",,"(49,386)",,,,,,,,
345,"(544,1035)","(1301,999)","(164,638)","(152,592)","(1352,382)","(159,369)","(85,71)","(1226,339)",,"(49,383)",,,"(534,1053)",,,,,
346,"(545,1033)","(1301,1000)","(164,638)","(150,587)","(1352,382)","(160,368)","(84,71)","(1224,341)","(1133,55)","(49,383)",,,,"(1162,1052)",,,,
347,"(549,1034)","(1302,1000)","(163,637)","(150,587)","(1352,381)","(159,367)","(84,71)","(1221,341)",,,,,,,,,,
348,"(548,1037)","(1306,1000)","(164,637)","(150,588)","(1352,381)","(159,368)","(84,71)","(1220,343)",,"(50,377)",,,,,,,,
349,"(553,1037)","(1305,999)","(164,638)","(150,587)","(1352,381)","(157,369)","(85,72)","(1219,345)",,,,,,,,,,
350,"(553,1037)","(1306,999)","(165,638)","(150,587)","(1352,382)","(160,369)","(84,71)","(1217,343)",,,,,,,,,,
351,"(554,1036)","(1307,998)","(168,639)","(150,587)",,"(157,368)","(84,71)","(1215,344)",,,,,,,,,,
352,"(557,1036)","(1308,1003)","(166,638)","(150,587)",,"(157,368)","(85,71)","(1212,345)",,,,,,,,,,
353,"(557,1037)","(1309,998)","(169,637)","(150,587)",,"(157,367)","(85,71)","(1211,345)",,,,,,,,,,
354,"(561,1037)","(1310,999)","(169,637)","(151,587)",,"(157,368)","(84,71)","(1210,346)",,,,,,,,,,
355,"(562,1035)","(1310,999)","(168,638)","(150,587)",,"(154,367)","(84,70)","(1207,346)",,,,,"(526,1053)","(1163,1052)",,,,
356,"(562,1035)","(1311,999)","(167,638)","(150,587)",,"(154,365)","(84,71)","(1205,347)",,,,,"(526,1053)",,,,,
357,"(561,1034)","(1312,1000)","(168,638)","(152,591)","(1352,373)","(151,362)","(84,71)","(1204,347)",,,,,"(528,1053)",,,,,
358,"(563,1037)","(1314,998)","(168,638)","(152,591)",,"(152,364)","(85,70)","(1203,348)",,,,,"(528,1053)",,,,,
359,"(568,1033)","(1316,999)","(164,637)","(152,591)",,"(151,364)","(84,70)","(1201,347)",,,,,"(528,1053)","(1174,1052)",,,,
360,"(569,1033)","(1315,998)","(164,637)","(152,591)",,"(154,367)","(85,71)","(1200,349)",,,,,,,,,,
361,"(570,1033)","(1316,996)","(168,639)","(150,587)",,"(149,367)","(84,71)","(1197,348)",,,,,,,,,,
362,"(570,1037)","(1318,997)","(165,638)","(150,587)",,"(149,368)","(84,71)","(1194,349)",,,,,,,,,,
363,"(571,1036)","(1319,997)","(164,638)","(152,592)","(1352,365)","(148,362)","(84,71)","(1192,349)",,,,,,,,,,
364,"(575,1037)","(1319,997)","(164,638)","(150,587)","(1352,364)","(148,365)","(84,71)","(1190,350)",,,,,,,,,,
365,"(577,1035)","(1318,997)","(168,639)","(150,587)",,"(147,366)","(84,71)","(1187,354)",,,,,,,,,,
366,"(578,1038)","(1318,998)","(167,640)","(150,587)",,"(148,362)","(84,71)","(1185,351)",,,,,,,,,,
367,"(580,1036)","(1318,998)","(164,639)","(152,592)",,"(149,366)","(84,71)","(1182,352)",,,,,,,,,,
368,"(581,1036)","(1318,998)","(166,639)","(150,587)","(1352,360)","(149,365)","(84,71)","(1180,352)",,"(49,377)",,,,,,,,
369,"(582,1035)","(1319,998)","(164,638)","(150,587)",,"(148,363)","(85,71)","(1178,352)",,,,,,,,,,
370,"(585,1035)","(1319,998)","(165,638)","(150,587)","(1352,359)","(146,363)","(84,71)","(1177,355)",,,,,,,,,,
371,"(587,1035)","(1319,997)","(164,639)","(150,587)",,"(148,364)","(85,71)","(1176,355)",,,"(721,692)",,,,,,,
372,"(587,1037)","(1318,997)","(168,640)","(152,592)",,"(147,365)","(85,71)","(1174,355)",,,"(721,692)",,,,,,,
373,,"(1318,998)","(168,639)","(150,587)",,"(148,363)","(85,71)","(1172,354)",,,,,,,,,,
374,,"(1318,999)","(168,638)","(154,591)",,"(148,363)","(85,71)","(1170,355)",,,"(721,692)",,,,,,,
375,"(593,1034)","(1315,997)","(168,638)","(150,587)",,"(147,363)","(85,71)","(1169,355)",,,,,,,,,,
376,"(590,1034)","(1316,997)","(168,639)","(150,587)",,"(148,364)","(84,71)","(1167,356)",,,,,,,,,,
377,"(595,1036)","(1316,997)","(166,638)","(150,587)",,"(144,363)","(84,71)","(1164,356)",,,,,,,,,,
378,"(597,1036)","(1317,997)","(167,640)","(150,587)",,"(144,363)","(84,71)","(1162,357)",,,"(720,692)",,,,,,,
379,"(600,1035)","(1316,998)","(164,637)","(150,587)",,"(143,363)","(84,71)","(1160,357)",,,,,,,,,,
380,"(601,1035)","(1316,999)","(165,637)","(150,588)",,"(143,363)","(84,71)","(1158,359)",,,"(720,692)",,,,,,,
381,"(602,1035)","(1318,999)","(166,639)","(152,592)",,"(144,364)","(84,71)","(1156,358)",,,,,,,,,,
382,"(601,1037)","(1317,1000)","(165,639)","(150,588)",,"(144,365)","(84,71)","(1155,358)","(1117,60)",,,,,,,,,
383,"(604,1036)","(1317,1000)","(165,640)","(150,587)",,"(143,363)","(84,71)","(1154,359)",,,,,,,,,,
384,"(605,1035)","(1318,1001)","(166,639)","(150,588)",,"(142,362)","(84,71)","(1151,357)",,,,,,,,,,
385,"(609,1035)","(1317,1002)","(165,640)","(150,588)",,"(143,363)","(84,71)","(1149,359)",,,,,,,,,,
386,"(610,1037)","(1318,1002)","(167,640)","(152,592)",,"(144,363)","(84,71)","(1147,360)",,,"(720,692)",,,,,,,
387,"(611,1035)","(1319,1002)","(166,640)","(152,592)",,"(144,363)","(84,71)","(1147,360)",,,,,,,,,,
388,"(610,1035)","(1320,1002)","(165,640)","(150,587)",,"(142,363)","(84,71)","(1146,360)",,,,,,,,,,
389,"(616,1034)","(1320,1004)","(165,640)","(150,587)",,"(142,362)","(84,71)","(1145,360)",,,,,,,,,,
390,"(617,1034)","(1320,1004)","(165,639)","(150,587)",,"(140,363)","(85,71)","(1144,360)",,,,,,,,,,
391,"(618,1035)","(1320,1006)","(164,639)","(150,587)",,"(141,363)","(85,70)","(1143,360)",,,,,,,,,,
392,"(618,1036)","(1320,1006)","(168,639)","(150,587)",,"(140,363)","(84,70)","(1142,361)",,,,,,,,,,
393,"(620,1034)","(1322,1007)","(167,639)","(150,587)",,"(138,366)","(85,70)","(1140,361)",,,,,,,,,,
394,"(622,1036)","(1321,1008)","(166,639)","(150,587)",,"(137,367)","(86,70)","(1139,361)",,,,,,,,,,
395,"(621,1034)","(1321,1008)","(167,639)","(150,587)",,"(137,367)","(84,70)","(1138,361)",,,,,,,,,,
396,"(625,1036)","(1322,1010)","(164,638)","(150,587)","(1352,340)","(137,367)","(84,70)","(1136,361)",,,,,,,,,,
397,"(626,1035)","(1325,1010)","(164,638)","(150,587)",,"(137,367)","(84,70)","(1133,363)",,,,,,,,,,
398,"(629,1035)","(1320,1011)","(166,639)","(150,587)",,"(137,367)","(84,70)","(1132,361)",,,,,,,,,,
399,"(629,1036)","(1320,1011)","(166,637)","(152,591)","(1350,337)","(136,366)","(84,71)","(1130,361)",,,,,,,,,,
400,"(631,1037)","(1321,1012)","(166,639)","(152,591)","(1351,336)","(136,366)","(84,70)","(1128,362)",,,,,,,,,,
401,,"(1320,1012)","(167,640)","(152,591)","(1351,336)","(135,367)","(84,70)","(1126,362)",,,,,,,,,,
402,"(634,1037)","(1320,1012)","(167,639)","(152,591)",,"(134,366)","(84,71)","(1125,363)",,,,,,,,,,
403,"(636,1035)","(1321,1013)","(166,640)","(150,587)",,"(134,368)","(84,71)","(1123,364)",,,,,,,,,,
404,"(637,1036)","(1321,1011)","(164,638)","(152,591)",,"(134,368)","(84,71)","(1122,363)",,,,,,,,,,
405,"(637,1034)","(1324,1010)","(167,639)","(152,591)","(1351,333)","(134,368)","(84,71)","(1121,363)",,,,,,,,,,
406,"(639,1036)","(1318,1010)","(167,640)","(152,591)","(1351,332)","(134,368)","(84,70)","(1119,363)",,,,,,,,,,
407,"(642,1034)","(1319,1009)","(168,639)","(152,591)","(1350,330)","(134,366)","(84,70)","(1117,363)",,,,,,,,,,
408,"(644,1038)","(1319,1009)","(168,639)","(152,591)","(1350,329)","(133,366)","(84,70)","(1115,361)",,,,,,,,,,
409,"(645,1035)","(1320,1009)","(168,638)","(150,587)","(1351,328)","(133,366)","(84,70)","(1113,360)",,,,,,,,,,
410,"(648,1037)","(1322,1010)","(167,638)","(152,591)",,"(133,367)","(84,70)","(1112,361)",,,,,,,,,,
411,"(649,1037)","(1319,1010)","(168,638)","(152,591)","(1351,327)","(132,366)","(84,70)","(1109,364)",,,,,,,,,,
412,"(649,1036)","(1319,1011)","(167,639)","(152,591)",,"(132,366)","(85,70)","(1108,365)",,,,,,,,,,
413,"(651,1037)","(1320,1010)","(167,639)","(152,591)","(1351,326)","(131,368)","(85,70)","(1106,359)",,,,,,,,,,
414,"(653,1037)","(1320,1012)","(167,639)","(152,591)","(1351,326)","(131,369)","(84,70)","(1103,362)",,,,,,,,,,
415,"(655,1038)","(1318,1011)","(165,639)","(152,591)",,"(131,366)","(84,70)","(1101,360)",,,,,,,,,,
416,"(656,1035)","(1317,1015)","(165,639)","(152,591)","(1351,324)","(130,365)","(84,70)","(1100,363)",,,,,,,,,,
417,"(656,1036)","(1319,1013)","(165,640)","(150,587)","(1351,323)","(128,365)","(84,70)","(1098,361)",,,,,,,,,,
418,"(657,1037)","(1318,1015)","(165,640)","(150,587)","(1350,323)","(130,367)","(84,71)","(1096,358)","(1163,60)",,,,,,,,,
419,"(658,1037)","(1314,1015)","(164,641)","(150,587)",,"(126,366)","(85,71)","(1093,361)","(1162,60)",,,,,,,,,
420,"(659,1038)","(1315,1015)","(167,640)","(149,587)","(1351,322)","(126,366)","(84,70)","(1092,360)",,,,,,,,,,
421,"(661,1037)","(1317,1016)","(164,639)","(150,587)","(1350,322)","(125,365)","(84,71)","(1089,360)",,,,,,,,,,
422,"(664,1037)","(1316,1017)","(164,639)","(149,587)","(1351,321)","(125,364)","(84,71)","(1087,358)",,,,,,,,,,
423,"(662,1035)","(1316,1017)","(164,639)","(149,587)","(1351,320)","(130,370)","(84,70)","(1085,359)",,,,,,,,,,
424,"(665,1034)","(1316,1016)","(166,639)","(149,587)","(1351,319)","(126,365)","(83,71)","(1083,359)",,,,,,,,,,
425,"(665,1034)","(1317,1017)","(165,638)","(152,591)","(1350,317)","(127,363)","(84,70)","(1082,356)",,,,,,,,,,
426,"(667,1036)","(1316,1018)","(165,639)","(152,591)","(1350,317)","(124,367)","(83,70)","(1079,356)",,,,,,,,,,
427,"(669,1036)","(1313,1018)","(165,639)","(152,591)",,"(131,368)","(84,70)","(1079,357)",,,,,,"(1161,1053)",,,,
428,"(670,1037)","(1312,1019)","(165,639)","(152,591)",,"(131,369)","(84,70)","(1077,356)",,,,,,,,,,
429,"(672,1037)","(1310,1021)","(166,639)","(152,591)","(1351,314)","(131,369)","(84,70)","(1075,355)",,,,,,,,,,
430,"(672,1037)","(1310,1022)","(165,639)","(152,591)","(1351,314)","(130,369)","(84,70)","(1072,353)","(1116,60)",,,,,,,,,
431,"(676,1038)","(1310,1021)","(165,639)","(152,591)","(1351,313)","(130,369)","(84,70)","(1071,355)",,,,,,,,,,
432,"(678,1037)","(1307,1022)","(165,639)","(151,590)","(1350,312)","(129,369)","(84,70)","(1068,354)","(1128,54)",,,,,"(1162,1053)",,,,
433,"(680,1037)","(1308,1022)","(165,639)","(152,591)","(1351,312)","(130,369)","(83,70)","(1067,354)",,,,,,,,,,
434,"(681,1034)","(1307,1023)","(164,637)","(152,591)","(1350,312)","(130,370)","(84,70)","(1065,353)",,"(48,370)",,,,,,,,
435,"(683,1034)","(1307,1022)","(166,639)","(152,590)",,"(129,370)","(84,70)","(1062,353)","(1162,59)",,,,,,,,"(1366,84)",
436,"(685,1035)","(1306,1023)","(163,639)","(152,591)",,"(129,370)","(84,70)","(1060,350)",,,,,,,,,,
437,"(686,1037)","(1306,1022)","(166,639)","(152,591)","(1351,311)","(130,370)","(84,71)","(1058,353)",,,,,,,,,,
438,"(690,1036)","(1306,1022)","(166,639)","(152,591)","(1350,311)","(129,371)","(84,71)","(1057,351)",,,,,,,,,,
439,"(690,1035)","(1306,1024)","(167,640)","(152,591)","(1350,311)","(125,373)","(84,70)","(1055,351)",,,,,,,,,,
440,"(691,1035)","(1304,1024)","(166,639)","(152,591)","(1351,311)","(123,371)","(84,70)","(1053,351)",,,,,,,,,,
441,"(691,1035)","(1305,1023)","(164,639)","(152,591)","(1350,310)","(126,370)","(84,70)","(1050,349)",,,,,,,,,,
442,"(695,1036)","(1305,1023)","(166,639)","(152,591)","(1351,309)","(126,370)","(84,70)","(1049,349)",,,,,,,,,,
443,"(697,1036)","(1304,1025)","(164,639)","(152,591)",,"(121,369)","(84,71)","(1046,351)","(1162,59)",,,,,,,,,
444,"(697,1035)","(1305,1023)","(166,639)","(152,591)","(1350,308)","(121,369)","(83,70)","(1046,350)",,,,,,,,,,
445,"(702,1038)","(1304,1024)","(166,639)","(152,591)",,"(123,368)","(84,70)","(1043,346)",,,,,,,,,,
446,"(704,1036)","(1304,1024)","(166,639)","(152,591)",,"(122,367)","(84,70)","(1042,346)",,,"(720,691)",,,"(1163,1053)",,,,
447,"(705,1038)","(1304,1024)","(166,639)","(152,591)",,"(121,370)","(84,70)","(1040,345)",,,,,,,,,,
448,"(705,1038)","(1304,1024)","(166,639)","(152,591)",,"(120,368)","(84,70)","(1039,343)",,,,,,,,,,
449,"(709,1038)","(1305,1024)","(166,639)","(152,591)","(1351,303)","(121,369)","(84,70)","(1038,343)",,,"(720,691)",,,,,,,
450,"(710,1037)","(1305,1024)","(166,639)","(152,591)",,"(121,369)","(84,70)","(1037,344)",,,"(720,691)",,,"(1163,1052)",,,,
451,"(709,1038)","(1305,1025)","(166,639)","(152,591)","(1351,303)","(121,369)","(84,70)","(1032,343)",,,,,,,,,,
452,"(711,1037)","(1304,1025)","(165,640)","(152,591)","(1351,302)","(121,369)","(84,70)","(1033,342)",,,,,,,,,,
453,"(711,1038)","(1304,1025)","(166,639)","(152,591)","(1350,301)","(120,369)","(84,70)","(1031,342)",,,,,,,,,,
454,"(713,1037)","(1305,1025)","(166,639)","(152,591)","(1350,301)","(117,370)","(84,70)","(1029,342)","(1115,59)",,"(720,691)",,,,,,,
455,"(716,1035)","(1302,1026)","(165,639)","(151,591)","(1350,301)","(119,371)","(83,70)","(1027,341)",,,"(719,691)",,,"(1163,1053)",,,,
456,"(718,1038)","(1304,1026)","(166,639)","(152,591)","(1350,301)","(119,371)","(83,70)","(1025,339)",,,"(720,691)",,,,,,,
457,"(720,1039)","(1305,1027)","(163,638)","(152,591)","(1350,301)","(117,371)","(84,71)","(1023,339)",,,,,,"(1164,1052)",,,,
458,"(721,1038)","(1302,1028)","(163,639)","(152,591)","(1350,301)","(118,371)","(84,71)","(1021,337)",,"(47,429)",,,,,,,,
459,"(723,1036)","(1303,1028)","(165,639)","(149,587)","(1350,301)","(117,372)","(84,71)","(1019,338)","(1129,55)",,"(719,691)",,,,,,,
460,"(726,1038)","(1303,1028)","(165,639)","(150,587)","(1351,301)","(115,372)","(84,70)","(1018,337)","(1132,54)",,"(720,691)",,,,,,,
461,"(728,1037)","(1302,1028)","(166,639)","(152,591)","(1351,301)","(114,372)","(84,70)","(1016,337)",,,,,,"(1164,1052)",,,,
462,"(729,1038)","(1306,1028)","(167,639)","(150,586)","(1351,301)","(116,372)","(85,70)","(1015,337)",,,,,,,,,,
463,"(730,1036)","(1306,1028)","(167,640)","(149,586)","(1351,300)","(115,371)","(85,69)","(1013,334)",,,"(720,690)",,,,,,,
464,"(734,1035)","(1306,1028)","(164,639)","(150,587)","(1350,301)","(117,372)","(85,71)","(1012,332)",,,,,,,,"(46,653)",,
465,"(736,1034)","(1307,1028)","(166,639)","(150,586)","(1350,300)","(116,374)","(85,70)","(1011,334)","(1129,54)",,,,,,,,,
466,"(738,1035)","(1307,1029)","(166,640)","(150,586)",,"(109,374)","(86,71)","(1010,337)",,,,,,,,,,
467,"(739,1035)","(1307,1028)","(166,639)","(152,590)",,"(115,375)","(85,70)","(1008,335)","(1129,54)",,,,,,,,,
468,"(742,1036)","(1307,1028)","(166,639)","(152,591)",,"(115,376)","(84,70)","(1007,335)",,,,"(49,371)",,"(1164,1052)",,,,
469,"(745,1038)","(1307,1029)","(166,638)","(150,586)",,"(114,374)","(85,71)","(1006,338)",,,,,,,,,,
470,"(747,1038)","(1307,1029)","(166,639)","(150,586)","(1351,297)","(108,377)","(85,70)","(1004,337)","(1129,54)",,,,,,,,"(1366,84)",
471,"(750,1036)","(1306,1029)","(166,640)","(152,591)","(1351,297)","(113,378)","(85,71)","(1004,339)",,,,,,,,,,
472,"(750,1038)","(1307,1028)","(166,640)","(152,591)",,"(113,378)","(85,70)","(1003,340)","(1129,54)",,,,,,,,"(1366,85)",
473,"(752,1035)","(1307,1029)","(165,639)","(150,587)",,"(112,378)","(84,71)","(1002,343)",,,,,,,,,,
474,"(752,1035)","(1307,1029)","(166,639)","(152,591)",,"(112,378)","(84,70)","(1000,343)",,,,,,,,,,
475,"(757,1036)","(1307,1029)","(166,639)","(152,591)",,"(112,378)","(84,70)","(1000,345)",,,,,,,,,,
476,"(758,1036)","(1306,1028)","(164,639)","(152,590)",,"(112,377)","(84,70)","(998,346)",,,,"(48,374)",,,,"(43,651)",,
477,"(759,1035)","(1308,1029)","(164,639)","(152,590)",,"(112,377)","(84,70)","(998,348)",,,,,,,,"(43,651)",,
478,"(761,1036)","(1308,1029)","(164,639)","(150,587)",,"(112,377)","(84,70)","(997,348)",,,,,,,,"(43,651)",,
479,"(766,1035)","(1308,1028)","(165,638)","(150,586)","(1356,292)","(112,378)","(84,70)","(996,350)",,,,,,,,,,
480,"(765,1039)","(1311,1029)","(164,639)","(152,591)",,"(112,377)","(85,70)","(994,351)",,,,,,,,,,
481,"(767,1038)","(1314,1029)","(164,639)","(153,591)",,"(112,377)","(85,70)","(993,352)",,,,,,,,,,
482,"(772,1035)","(1320,1025)","(164,639)","(152,591)",,"(111,377)","(85,70)","(991,354)",,,,,,,,,,
483,"(775,1035)","(1303,1025)","(165,638)","(153,591)",,"(112,377)","(85,70)","(991,354)",,,,,,,,,,
484,"(773,1035)","(1302,1023)","(168,640)","(153,591)",,"(109,379)","(85,70)","(989,356)",,,,,,,,,,
485,"(772,1035)","(1302,1023)","(164,639)","(152,591)",,"(108,380)","(85,70)","(988,357)",,,,"(49,374)",,,,,,
486,"(773,1037)","(1306,1022)","(167,640)","(152,591)",,"(111,377)","(85,70)","(986,357)",,,,,,,,,,
487,"(778,1035)","(1305,1022)","(165,639)","(152,591)",,"(111,378)","(85,70)","(984,359)",,,,,,,,,,
488,"(780,1035)","(1307,1019)","(165,639)","(150,587)",,"(108,381)","(86,70)","(982,360)",,,,,,,,,,
489,"(781,1034)","(1304,1019)","(165,639)","(153,591)",,"(106,382)","(85,70)","(980,360)",,,,,,,,,,
490,"(784,1032)","(1301,1019)","(164,637)","(150,587)",,"(106,382)","(85,70)","(978,361)",,,,,,,,,,
491,"(787,1034)","(1302,1018)","(164,638)","(150,587)",,"(105,384)","(85,71)","(975,363)",,,,"(49,376)",,,,,,
492,"(787,1035)","(1304,1014)","(164,638)","(152,591)",,"(107,380)","(85,71)","(973,364)",,,,,,,,,,
493,"(787,1035)","(1304,1023)","(163,638)","(152,591)","(1353,280)","(107,378)","(85,71)","(972,366)",,,,,,,,,,
494,"(791,1036)","(1304,1023)","(163,639)","(149,587)","(1353,282)","(106,381)","(85,71)","(971,366)",,,,,,,,,,
495,"(792,1038)","(1304,1025)","(163,638)","(149,587)","(1353,283)","(106,380)","(85,70)","(970,368)",,,,,,,,,,
496,"(796,1037)","(1308,1027)","(164,638)","(149,587)",,"(106,380)","(85,71)","(968,369)",,,,,,,,,,
497,"(797,1036)","(1313,1023)","(164,637)","(152,591)",,"(106,382)","(85,70)","(967,370)",,,,,,,,,,
498,"(798,1037)","(1315,1025)","(164,638)","(150,586)","(1353,279)","(106,382)","(85,70)","(965,371)",,,,,,,,,,
499,"(800,1037)","(1317,1026)","(163,637)","(150,586)","(1354,280)","(106,383)","(86,70)","(964,371)",,,,,,,,,,
500,"(804,1036)","(1314,1027)","(164,638)","(150,586)",,"(106,383)","(85,70)","(962,372)",,,,,"(530,1053)",,,,,
501,"(800,1036)","(1313,1028)","(163,637)","(150,586)",,"(106,383)","(85,70)","(961,373)",,,,,,,,,,
502,"(803,1037)","(1310,1032)","(162,637)","(150,586)",,"(102,388)","(85,70)","(959,374)",,,,,,,,,,
503,"(806,1038)","(1310,1032)","(163,638)","(153,591)",,"(105,384)","(85,70)","(958,375)",,,,,,,,,,
504,"(809,1036)","(1309,1033)","(164,638)","(153,591)",,"(105,386)","(85,70)","(957,376)",,,,,,,,,,
505,"(813,1035)","(1309,1033)","(164,638)","(153,591)",,"(104,386)","(86,70)","(955,377)",,,,,,,,,,
506,"(810,1037)","(1312,1032)","(164,639)","(153,591)",,"(104,386)","(86,70)","(954,376)",,,,,,,,,,
507,"(812,1036)","(1308,1033)","(164,639)","(153,591)",,"(105,385)","(86,70)","(953,378)",,,,,,,,,,
508,"(815,1037)","(1311,1033)","(164,639)","(153,591)",,"(104,387)","(85,71)","(952,380)",,,,,,,,,,
509,"(817,1036)","(1311,1033)","(164,638)","(152,591)","(1351,276)","(102,388)","(85,70)","(951,380)",,,,,,,,,,
510,"(821,1038)","(1313,1036)","(164,638)","(152,591)",,"(103,388)","(85,71)","(949,381)",,,,,,,,,,
511,"(822,1038)","(1311,1034)","(164,639)","(153,591)",,"(103,388)","(85,70)","(948,382)",,,,,,,,,,
512,"(827,1036)","(1310,1036)","(163,638)","(152,591)",,"(103,388)","(86,70)","(947,383)",,,,,,,,,,
513,"(827,1037)",,"(163,637)","(150,587)","(1351,275)","(102,389)","(84,70)","(944,384)",,,,,,,,,,
514,"(825,1035)","(1311,1036)","(163,638)","(152,591)",,"(101,388)","(85,70)","(944,384)",,,,,,,,,,
515,"(827,1036)","(1310,1036)","(164,638)","(152,591)","(1350,275)","(98,391)","(84,70)","(942,384)",,,,,,,,,,
516,"(829,1035)","(1308,1036)","(164,638)","(152,591)","(1348,273)","(101,389)","(85,70)","(940,386)",,,,,,,,,,
517,"(830,1037)",,"(165,638)","(152,591)","(1351,272)","(101,389)","(85,70)","(939,386)",,,,,,,,,,
518,"(833,1037)",,"(164,638)","(152,591)","(1351,274)","(101,389)","(85,70)","(937,386)",,,,,,,,,,
519,"(834,1037)",,"(163,638)","(150,586)","(1351,271)","(100,390)","(85,70)","(936,386)",,,,,,,,,,
520,"(840,1037)",,"(164,638)","(152,591)","(1351,274)","(100,390)","(86,70)","(934,387)",,,,,,,,,,
521,"(842,1037)",,"(164,638)","(152,591)","(1352,273)","(98,389)","(86,70)","(932,387)",,,,,,,,,,
522,"(841,1037)",,"(163,638)","(152,591)","(1352,271)","(95,394)","(86,70)","(929,388)",,,,,,,,,,
523,"(844,1036)",,"(163,638)","(152,591)","(1353,271)","(95,395)","(86,70)","(929,388)",,,,,,,,,,
524,"(845,1036)","(1305,1038)","(164,638)","(152,591)","(1353,270)","(97,392)","(86,70)","(927,389)",,,,,,,,,,
525,"(845,1036)","(1301,1039)","(164,638)","(152,591)","(1353,269)","(97,392)","(87,70)","(926,387)",,,,,,,,,,
526,"(849,1036)","(1304,1039)","(164,639)","(152,591)",,"(97,392)","(86,71)","(924,390)",,,,,"(529,1053)",,,,,
527,"(847,1036)",,"(164,639)","(152,591)","(1353,267)","(93,396)","(86,70)","(922,390)",,,,,"(529,1053)",,,,,
528,"(849,1036)","(1297,1035)","(164,639)","(152,591)","(1354,267)","(94,397)","(86,70)","(920,390)",,,,,,,,,,
529,"(854,1036)","(1296,1036)","(165,639)","(152,591)","(1352,266)","(93,396)","(86,71)","(918,390)",,,,,,,,,,
530,"(856,1038)","(1295,1036)","(164,638)","(152,591)",,"(95,397)","(86,70)","(916,390)",,,,,,,,,,
531,"(859,1037)","(1294,1036)","(164,639)","(152,591)",,"(94,397)","(86,70)","(915,390)",,,,,,,,,,
532,"(856,1038)","(1293,1036)","(164,638)","(152,591)","(1354,266)","(92,397)","(86,70)","(912,388)",,,,"(49,376)",,,,,,
533,"(859,1037)","(1292,1036)","(164,638)","(152,591)",,"(93,398)",,"(911,389)",,,,,,,,,,
534,"(861,1037)","(1290,1036)","(164,638)","(150,586)","(1354,265)","(92,399)","(86,70)","(909,387)",,,,,,,,,,
535,"(864,1037)","(1286,1038)","(164,638)","(152,591)","(1353,265)","(95,395)","(86,70)","(907,387)",,,,,,,,,,
536,"(866,1037)","(1286,1037)","(164,639)","(152,591)","(1354,265)","(95,396)","(86,70)","(906,387)",,,,,,,,,,
537,"(868,1037)","(1287,1038)","(164,639)","(152,591)","(1354,264)","(94,396)","(86,70)","(903,384)",,,,,,,,,,
538,"(866,1037)","(1282,1037)","(167,640)","(152,591)","(1354,264)","(96,396)","(86,70)","(902,384)",,,,,,,,,,
539,"(868,1037)","(1281,1036)","(167,640)","(152,591)","(1354,264)","(96,397)","(86,70)","(899,384)",,,,,,,,,,
540,"(873,1036)","(1280,1037)","(167,640)","(150,587)","(1354,264)","(94,396)","(86,71)","(897,384)",,,,,,,,,,
541,"(872,1037)","(1280,1037)","(164,639)","(152,591)","(1354,263)","(93,400)","(85,70)","(896,383)",,,,,,,,,,
542,"(875,1035)","(1277,1037)","(167,640)","(150,587)","(1354,260)","(92,400)","(85,71)","(894,382)",,,,,,,,,,
543,"(876,1034)","(1276,1037)","(164,638)","(150,587)","(1354,260)","(92,400)","(86,70)","(892,381)",,,,,,,,,,
544,"(878,1037)","(1276,1036)","(167,640)","(152,591)","(1353,258)","(92,401)","(86,70)","(890,381)",,,,,,,,"(46,654)",,
545,"(879,1037)","(1276,1036)","(164,638)","(150,587)","(1350,258)","(94,398)","(85,71)","(888,382)",,,,,,,,,,
546,"(880,1036)","(1274,1037)","(164,638)","(152,591)","(1353,257)","(91,401)","(86,71)","(886,380)",,,,,,,,,,
547,"(879,1037)","(1274,1036)","(164,639)","(152,591)","(1353,257)","(91,402)","(85,71)","(884,381)",,,,,,,,,,
548,"(885,1036)","(1272,1036)","(164,638)","(152,591)","(1353,259)","(92,402)","(86,71)","(884,380)",,,,,,,,,,
549,"(887,1038)","(1270,1036)","(164,638)","(152,591)","(1353,259)","(94,399)","(86,71)","(881,378)",,,,,"(529,1053)",,,,,
550,"(885,1035)","(1271,1037)","(167,640)","(152,591)","(1354,255)","(94,399)","(86,70)","(880,378)",,,,,,,,,,
551,"(886,1037)","(1270,1035)","(167,640)","(152,591)","(1353,254)","(93,399)","(86,71)","(879,377)",,,,,,,,,,
552,"(891,1037)","(1269,1036)","(164,638)","(152,590)","(1353,255)","(94,399)","(86,70)","(878,377)",,,,,,,,,,
553,"(889,1037)","(1267,1036)","(164,638)","(152,590)","(1355,255)","(90,403)","(85,70)","(876,378)",,,,,,,,"(46,653)",,
554,"(893,1039)","(1265,1037)","(164,638)","(152,591)","(1352,252)","(92,399)","(86,69)","(876,376)",,,,,,,,,,
555,"(895,1037)","(1264,1036)","(164,638)","(152,590)","(1354,253)","(89,403)","(86,70)","(875,377)","(1115,61)",,,,,,,,,
556,"(898,1035)","(1260,1036)","(164,638)","(152,591)","(1352,253)","(89,404)","(86,70)","(875,377)",,,,,,,,,,
557,"(900,1034)","(1260,1036)","(163,638)","(152,591)","(1352,252)","(87,405)","(86,70)","(873,377)","(1129,54)",,,,,,,,,
558,"(901,1037)","(1259,1036)","(167,640)","(152,591)","(1353,252)","(88,405)","(87,69)","(873,377)",,,,,,,,,,
559,"(901,1037)","(1257,1037)","(167,640)","(152,591)","(1353,251)","(90,403)","(86,70)","(874,378)",,,,,,,,,,
560,"(903,1035)","(1254,1036)","(163,639)","(152,591)","(1352,250)","(87,404)","(86,70)","(873,377)",,,,"(50,375)",,,,,,
561,"(904,1037)","(1252,1036)","(164,640)","(152,590)","(1352,246)","(90,404)","(85,70)","(874,378)",,,,"(49,373)",,,"(917,1053)",,,
562,"(906,1036)","(1250,1037)","(165,640)","(153,591)",,"(90,405)","(86,70)","(873,378)",,,,,,,,,,
563,"(907,1035)","(1250,1039)","(164,640)","(152,591)",,"(91,405)","(86,70)","(873,378)",,,,,,,,,,
564,"(907,1036)","(1246,1038)","(164,641)","(152,591)","(1352,245)","(86,406)","(86,70)","(873,378)",,,,,,,,,,
565,"(908,1036)","(1246,1037)","(164,640)","(152,591)","(1353,245)","(85,406)","(86,70)","(873,378)",,,,,,,,,,
566,"(909,1036)","(1246,1037)","(164,639)","(150,586)","(1353,246)","(84,405)","(85,70)","(873,378)",,,,,,,,,,
567,"(906,1037)","(1245,1037)","(164,639)","(152,591)","(1352,246)","(84,405)","(85,70)","(873,377)",,,,"(49,374)",,,,"(46,654)",,
568,"(912,1037)","(1248,1036)","(168,642)","(153,591)","(1352,245)","(82,405)","(85,69)","(873,378)",,,,,,,,,,
569,"(912,1038)","(1242,1037)","(168,642)","(152,591)","(1353,243)","(84,404)","(86,69)","(873,378)",,,,,"(529,1053)",,,"(46,654)",,
570,"(915,1036)","(1240,1037)","(168,642)","(152,590)","(1352,245)","(83,405)","(86,69)","(873,378)",,,,,,,,,,
571,"(915,1037)","(1236,1036)","(168,643)","(152,590)",,"(79,407)","(86,69)","(873,378)",,,,,"(528,1052)",,,,,
572,"(918,1037)","(1243,1036)","(168,641)","(150,587)","(1350,244)","(86,405)","(85,70)","(873,378)",,,,,,,,,,
573,"(918,1035)","(1240,1037)","(167,641)","(150,586)","(1353,244)","(86,406)","(86,69)","(873,378)",,,,,,,,,,
574,"(920,1037)","(1234,1036)","(167,641)","(150,587)","(1353,243)","(82,408)","(86,69)","(873,377)",,,,,"(529,1052)",,,,,
575,"(921,1037)","(1230,1036)","(167,642)","(152,590)","(1354,243)","(86,406)","(86,69)","(872,377)",,,,,,,,"(46,654)",,
576,"(922,1036)","(1229,1035)","(168,643)","(152,590)","(1353,242)","(83,409)","(86,69)","(872,378)",,,,,,,,,,
577,"(923,1036)","(1230,1035)",,"(152,590)",,"(80,409)","(86,69)","(871,378)",,,,,,,,,,
578,"(925,1037)","(1226,1035)","(167,645)","(152,591)","(1353,242)","(82,409)","(86,70)","(869,375)",,,,,"(535,1053)",,,,,
579,"(926,1037)","(1228,1035)","(167,645)","(152,590)","(1352,241)","(85,406)","(86,70)","(868,377)",,,,,"(529,1052)",,,"(46,654)",,
580,"(929,1036)","(1228,1035)","(169,646)","(152,591)","(1353,239)","(85,407)","(86,70)","(868,380)",,,,,,,,,,
581,"(929,1037)","(1223,1035)","(170,647)","(152,591)","(1353,238)","(84,407)","(86,70)","(868,380)",,,,,,,,,,
582,"(929,1036)","(1221,1035)","(171,649)","(153,591)","(1354,234)","(85,407)","(86,70)","(866,383)",,,,,,,,,,
583,"(929,1036)","(1222,1035)","(173,650)","(153,591)",,"(84,407)","(86,70)","(865,383)",,,,,,,,,,
584,"(936,1037)","(1217,1035)","(172,651)","(152,591)","(1354,236)","(84,406)","(86,70)","(865,384)",,,,,,,,,,
585,"(934,1038)","(1217,1035)","(173,652)","(153,591)",,"(85,407)","(86,70)","(863,385)",,,,,,,,,,
586,"(938,1037)","(1215,1036)","(174,653)","(152,590)","(1354,232)","(84,406)","(86,70)","(862,387)",,,,,,,"(907,1053)",,,
587,"(937,1036)","(1215,1035)","(175,655)","(153,591)","(1353,231)","(85,406)","(86,70)","(861,389)",,,,,,,"(908,1053)",,,
588,"(941,1035)","(1214,1034)","(176,660)","(153,590)","(1354,231)","(85,406)","(87,70)","(861,391)",,,,,,,"(907,1053)",,,
589,"(938,1036)","(1212,1034)","(177,661)","(153,590)","(1354,229)","(85,407)",,"(860,392)",,,,,,,"(907,1053)",,,
590,"(940,1037)","(1211,1034)","(178,662)","(153,591)","(1354,231)","(81,409)","(87,70)","(859,394)",,,,,,,,,,
591,"(943,1037)","(1209,1034)","(180,661)","(153,590)","(1354,230)","(81,410)","(87,70)","(857,395)",,,,,,,,,,
592,"(948,1038)","(1205,1034)","(181,661)","(153,590)",,"(81,411)","(87,70)","(856,396)",,,,,,,"(916,1053)",,,
593,"(947,1037)","(1205,1034)","(181,663)","(153,590)",,"(82,409)","(86,70)","(855,398)",,,,,,,"(916,1053)",,,
594,"(949,1038)","(1205,1034)","(183,663)","(152,590)","(1354,229)","(84,409)","(87,70)","(853,399)",,,,,,,"(916,1052)",,,
595,"(951,1038)","(1205,1034)","(185,665)","(152,591)","(1354,228)","(80,411)","(86,70)","(852,401)",,,"(722,695)",,,"(1162,1051)",,,,
