frame,ID_0,ID_1,ID_2,ID_3,ID_4,ID_5,ID_6,ID_7,ID_8,ID_9,ID_10,ID_11,ID_12,ID_13,ID_15,ID_16
0,"(1187,1001)","(1315,988)","(1026,724)","(539,704)","(840,597)","(678,599)","(1356,598)","(74,579)","(705,523)","(379,257)",,,,,,
1,,,,,,,,,,,,,,,,
2,,,,,,,,,,,,,,,,
3,,,,,,,,,,,,,,,,
4,"(1187,1001)","(1317,988)","(1027,724)","(539,704)","(841,597)","(678,598)","(1356,598)","(75,582)","(713,515)","(380,256)",,,,,,
5,"(1187,1000)","(1317,988)","(1027,724)","(539,704)","(841,597)","(678,599)","(1356,598)","(75,583)","(713,515)","(380,256)",,,,,,
6,"(1187,1001)","(1318,989)","(1027,724)","(540,703)","(841,597)","(678,599)","(1356,598)","(75,583)","(714,514)","(380,256)",,,,,,
7,"(1188,1001)","(1318,989)","(1027,724)","(539,703)","(841,597)","(678,599)","(1356,598)","(75,584)","(714,512)","(380,256)",,,,,,
8,"(1188,1001)","(1315,996)","(1027,724)","(539,704)","(842,597)","(678,599)","(1355,599)","(74,585)","(715,510)","(380,256)",,,,,,
9,"(1187,1001)","(1318,989)","(1027,724)","(539,704)","(842,597)","(682,596)","(1355,598)","(74,585)","(715,509)","(380,256)",,,,,,
10,"(1188,1001)","(1317,990)","(1027,724)","(539,704)","(842,597)","(682,596)","(1355,598)","(73,593)","(711,511)","(380,256)",,,,,,
11,"(1188,1001)","(1317,990)","(1027,724)","(539,704)","(842,596)","(682,597)","(1356,598)","(72,594)","(715,507)","(380,256)",,,,,,
12,"(1187,1001)","(1315,996)","(1026,724)","(539,704)","(842,596)","(681,596)","(1355,598)","(72,594)","(715,506)","(380,256)",,,,,,
13,"(1187,1001)","(1315,996)","(1027,725)","(539,705)","(842,596)","(681,596)","(1355,598)","(72,596)","(715,506)","(380,256)",,,,,,
14,"(1187,1001)","(1313,997)","(1027,724)","(540,705)","(842,597)","(681,596)","(1355,598)","(72,598)","(715,505)","(380,256)",,,,,,
15,"(1187,1001)","(1313,997)","(1027,724)","(543,707)","(842,596)","(681,596)","(1355,598)","(72,599)","(715,504)","(380,256)",,,,,,
16,"(1187,1001)","(1314,997)","(1027,725)","(540,705)","(842,596)","(678,599)","(1355,599)","(72,600)","(716,503)","(381,256)",,,,,,
17,"(1188,1001)","(1314,996)","(1027,724)","(541,704)","(842,596)","(677,599)","(1355,598)","(72,600)","(717,501)","(381,256)",,,,,,
18,"(1187,1001)","(1314,997)","(1027,724)","(542,705)","(842,596)","(678,599)","(1356,598)","(72,602)","(718,500)","(382,256)",,,,,,
19,"(1188,1001)","(1315,997)","(1027,724)","(546,706)","(843,596)","(678,599)","(1356,597)","(73,603)","(716,502)","(382,256)",,,,,,
20,"(1187,1001)","(1314,998)","(1027,724)","(543,704)","(843,596)","(682,596)","(1357,597)","(73,604)","(720,498)","(383,256)",,,,,,
21,"(1188,1001)","(1315,997)","(1027,724)","(546,706)","(844,594)","(682,596)","(1357,596)","(73,604)","(719,497)","(383,256)",,,,,,
22,"(1188,1001)","(1315,997)","(1027,723)","(544,705)","(844,595)","(678,599)","(1357,596)","(73,606)","(720,497)","(384,255)",,,,,,
23,"(1188,1001)","(1315,997)","(1027,723)","(544,704)","(844,595)","(678,599)","(1357,596)","(73,606)","(721,495)","(384,255)",,,,,,
24,"(1188,1000)","(1315,996)","(1027,724)","(547,706)","(844,595)","(682,596)","(1357,600)","(73,606)","(722,495)","(385,255)",,,,,,
25,"(1188,1000)","(1315,995)","(1027,724)","(544,703)","(843,595)","(678,599)","(1357,600)","(73,608)","(723,494)","(386,255)",,,,,,
26,"(1187,1001)","(1315,996)","(1027,724)","(547,706)","(844,595)","(678,598)","(1357,596)","(73,608)","(723,494)","(386,255)",,,,,,
27,"(1187,1001)","(1315,997)","(1027,723)","(544,704)","(843,595)","(678,599)","(1357,596)","(73,610)","(720,496)","(386,255)",,,,,,
28,"(1188,1001)","(1315,996)","(1025,719)","(544,704)","(844,595)","(682,596)","(1357,601)","(72,612)","(724,492)","(386,255)",,"(65,58)",,,,
29,"(1187,1001)","(1314,997)","(1027,723)","(544,704)","(843,594)","(682,596)","(1356,600)","(72,612)","(724,491)","(386,254)",,,,,,
30,"(1188,1001)","(1315,997)","(1025,719)","(544,704)","(844,594)","(682,596)","(1357,600)","(73,613)","(724,490)","(386,255)",,"(65,60)",,,,
31,"(1188,1001)","(1311,1000)","(1025,719)","(544,704)","(843,595)","(682,596)","(1356,601)","(73,614)","(723,490)","(386,255)",,"(64,62)",,,,
32,"(1188,1001)","(1314,997)","(1024,719)","(545,704)","(843,595)","(682,596)","(1356,601)","(73,615)","(723,490)","(387,255)",,,,,,
33,"(1187,1001)","(1314,996)","(1027,723)","(544,704)","(843,594)","(682,596)","(1356,600)","(72,615)","(723,489)","(387,255)",,,,,,
34,"(1187,1001)","(1314,996)","(1027,724)","(544,704)","(844,595)","(682,596)","(1356,597)","(72,616)","(723,488)","(387,255)",,"(64,58)",,,,
35,"(1187,1001)","(1311,1000)","(1027,724)","(545,704)","(845,594)","(682,596)","(1357,600)","(72,616)","(721,490)","(388,254)",,,,,,
36,"(1187,1001)","(1314,996)","(1024,724)","(545,704)","(845,594)","(682,596)","(1356,596)","(72,618)","(721,487)","(388,254)",,,,,,
37,"(1187,1001)","(1314,997)","(1024,724)","(545,704)","(845,593)","(682,596)","(1356,600)","(72,613)","(722,482)","(389,254)",,,,,,
38,"(1188,1001)","(1314,996)","(1023,724)","(546,703)","(845,593)","(678,599)","(1356,596)","(73,619)","(723,485)","(389,254)",,"(65,59)",,,,
39,"(1188,1000)","(1312,995)","(1027,724)","(546,703)","(845,593)","(681,595)","(1356,600)","(73,619)","(721,482)","(389,254)",,"(65,60)",,,,
40,"(1188,1000)","(1311,993)","(1023,724)","(546,703)","(845,594)","(682,596)","(1356,600)","(73,620)","(722,481)","(389,254)",,"(65,58)",,,,
41,"(1188,1000)","(1314,995)","(1024,724)","(547,703)","(846,593)","(678,598)","(1357,600)","(73,620)","(724,479)","(390,254)",,,,,,
42,"(1188,1000)",,"(1027,723)","(547,702)","(846,594)","(682,596)","(1357,600)","(73,621)","(725,478)","(390,253)",,,,,,
43,"(1188,1000)","(1313,994)","(1024,723)","(548,704)","(846,595)","(683,596)","(1357,600)","(74,622)","(726,479)","(390,253)",,,,,,
44,"(1188,1000)","(1314,990)","(1024,723)","(547,704)","(846,594)","(683,596)","(1357,600)","(74,623)","(726,478)","(391,253)",,,,,,
45,"(1187,1001)","(1315,995)","(1024,724)","(549,705)","(845,595)","(678,599)","(1357,600)","(74,624)","(726,478)","(390,254)",,,,,,
46,"(1187,1001)","(1315,996)","(1027,725)","(549,705)","(846,596)","(678,599)","(1357,597)","(74,625)","(726,479)","(390,254)",,,,,,
47,"(1188,1000)","(1315,995)","(1027,724)","(550,705)","(846,595)","(678,599)","(1357,600)","(75,626)","(726,478)","(390,254)",,"(65,58)",,,,
48,"(1188,1001)","(1315,996)","(1026,723)","(550,705)","(846,595)","(678,599)","(1356,600)","(74,628)","(725,478)","(390,254)",,,,,,
49,"(1187,1001)","(1314,992)","(1026,724)","(549,705)","(846,596)","(678,599)","(1357,596)","(74,630)","(725,478)","(390,254)",,"(65,59)",,,,
50,"(1188,1001)","(1314,993)","(1026,724)","(550,705)","(846,597)","(678,599)","(1356,596)","(73,631)","(725,478)","(390,255)",,,,,,
51,"(1188,1001)","(1313,992)","(1025,724)","(549,705)","(846,597)","(682,596)","(1356,596)","(73,631)","(725,478)","(390,255)",,,,,,
52,"(1187,1001)","(1313,992)","(1025,724)","(549,705)","(848,597)","(682,596)","(1357,601)","(73,631)","(725,478)","(390,255)",,,,,,
53,"(1187,1001)","(1310,994)","(1026,724)","(546,703)","(845,597)","(677,599)","(1356,597)","(73,631)","(725,478)","(389,255)",,,,,,
54,"(1188,1001)","(1314,992)","(1027,724)","(546,702)","(845,599)","(682,596)","(1356,601)","(73,631)","(725,478)","(389,255)",,,,,,
55,"(1187,1001)","(1314,993)","(1027,724)","(546,702)","(845,599)","(682,596)","(1356,601)","(73,633)","(725,478)","(390,255)",,,,,,
56,"(1187,1001)","(1310,994)","(1026,724)","(547,702)","(845,598)","(678,599)","(1356,601)","(73,633)","(726,477)","(390,255)",,,,,,
57,"(1188,1000)","(1313,992)","(1027,724)","(547,702)","(845,598)","(678,599)","(1356,601)","(72,634)","(726,476)","(390,255)",,,,,,
58,"(1188,1000)","(1314,993)","(1027,724)","(547,702)","(845,597)","(682,596)","(1356,596)","(73,633)","(727,475)","(391,254)",,"(65,62)",,,,
59,"(1188,1000)","(1314,993)","(1027,724)","(549,705)","(845,597)","(682,596)","(1357,600)","(73,636)","(727,475)","(392,254)",,,,,,
60,"(1188,1001)","(1312,996)","(1025,724)","(547,703)","(845,597)","(682,596)","(1357,596)","(73,636)","(727,475)","(392,255)",,"(65,58)",,,,
61,"(1188,1001)","(1310,997)","(1026,724)","(546,702)","(845,595)","(682,596)","(1357,600)","(73,636)","(727,474)","(392,255)",,"(65,62)",,,,
62,"(1188,1001)","(1313,996)","(1027,724)","(546,702)","(845,599)","(678,599)","(1357,596)","(73,637)","(727,473)","(393,255)",,,,,,
63,"(1188,1000)","(1313,996)","(1027,724)","(547,702)","(845,598)","(682,596)","(1357,600)","(74,638)","(727,472)","(393,255)",,"(66,64)",,,,
64,"(1188,1001)","(1313,994)","(1027,724)","(546,702)","(845,599)","(678,599)","(1357,601)","(73,639)","(724,469)","(394,255)",,,,,,
65,"(1188,1001)","(1312,997)","(1027,724)","(546,702)","(845,599)","(682,596)","(1357,596)","(73,639)","(723,469)","(393,255)",,"(65,62)",,,,
66,"(1188,1001)","(1312,997)","(1027,724)","(546,702)","(845,599)","(682,596)","(1357,596)","(73,641)","(723,469)","(394,255)",,,,,,
67,"(1187,1001)","(1310,1001)","(1025,723)","(546,702)","(845,599)","(682,596)","(1357,596)","(73,642)","(722,468)","(393,255)",,,,,,
68,"(1187,1001)","(1310,1002)","(1026,724)","(546,702)","(845,600)","(678,599)","(1357,601)","(73,644)","(722,473)","(394,255)",,"(65,61)",,,,
69,"(1187,1001)","(1310,1001)","(1026,724)","(547,702)","(845,600)","(682,596)","(1357,601)","(73,640)","(722,468)","(393,255)",,"(65,59)",,,,
70,"(1187,1001)","(1310,1002)","(1026,724)","(547,702)","(845,601)","(682,596)","(1357,601)","(72,640)","(719,467)","(393,255)",,,,,,
71,"(1187,1001)","(1311,1000)","(1027,724)","(547,702)","(845,601)","(682,596)","(1356,601)","(73,647)","(720,466)","(393,255)",,,,,,
72,"(1187,1001)","(1310,1001)","(1026,724)","(546,702)","(845,600)","(681,596)","(1356,601)","(73,647)","(718,465)","(393,255)",,,,,,
73,"(1187,1001)","(1309,1001)","(1027,724)","(547,702)","(845,600)","(682,596)","(1356,596)","(73,648)","(718,465)","(394,255)",,"(65,59)",,,,
74,"(1187,1001)","(1310,1000)","(1027,724)","(547,702)","(845,600)","(682,596)","(1356,601)","(73,650)","(718,464)","(394,255)",,,,,,
75,"(1187,1001)","(1310,1001)","(1027,724)","(547,703)","(846,600)","(682,596)","(1356,601)","(73,651)","(718,466)","(394,255)",,,,,,
76,"(1188,1001)","(1310,1000)","(1027,724)","(547,703)","(846,600)","(682,596)","(1356,601)","(73,652)","(719,465)","(394,254)",,,,,,
77,"(1187,1000)","(1310,1000)","(1027,724)","(547,702)","(846,600)","(682,596)","(1357,600)","(73,652)","(717,461)","(394,254)",,,,,,
78,"(1187,1000)","(1311,1002)","(1027,724)","(547,702)","(847,599)","(678,599)","(1357,596)","(74,653)","(717,460)","(395,253)",,,,,,
79,"(1188,1000)","(1310,1004)","(1027,723)","(547,702)","(847,599)","(678,598)","(1357,597)","(74,654)","(717,460)","(395,253)",,,,,,
80,"(1188,1000)","(1309,1002)","(1027,724)","(547,702)","(847,599)","(683,596)","(1357,600)","(74,655)","(718,459)","(395,253)",,,,,,
81,"(1188,1000)","(1309,1002)","(1027,724)","(547,702)","(847,599)","(683,596)","(1357,600)","(74,655)","(717,459)","(395,253)",,"(66,61)",,,,
82,"(1188,1001)","(1309,1003)","(1028,725)","(550,705)","(848,600)","(683,596)","(1357,600)","(74,656)","(717,458)","(395,253)",,,,,,
83,"(1188,1001)","(1309,1003)","(1028,725)","(549,705)","(848,600)","(682,596)","(1357,600)",,"(717,457)","(395,253)",,,,,,
84,"(1188,1001)","(1309,1003)","(1028,726)","(547,702)","(848,601)","(679,599)","(1357,600)","(74,656)","(716,457)","(396,253)",,,,,,
85,"(1188,1001)","(1308,1005)","(1028,726)","(546,703)","(849,601)","(682,596)","(1357,601)","(74,656)","(716,456)","(396,253)",,,,,,
86,"(1188,1001)","(1308,1004)","(1027,726)","(546,704)","(848,601)","(678,599)","(1357,596)","(74,656)","(716,455)","(396,253)",,,,,,
87,"(1188,1001)","(1309,1004)","(1027,726)","(546,703)","(849,601)","(682,596)","(1357,601)","(74,656)","(715,454)","(396,253)",,,,,,
88,"(1188,1001)","(1311,1004)","(1027,726)","(545,704)","(849,601)","(682,596)","(1356,600)","(74,653)","(715,453)","(396,253)",,,,,,
89,"(1188,1001)","(1306,1004)","(1028,726)","(545,704)","(849,601)","(682,596)","(1357,601)","(74,656)","(717,452)","(396,253)",,"(65,58)",,,,
90,"(1188,1001)","(1305,1003)","(1028,727)","(545,704)","(849,601)","(682,597)","(1357,601)",,"(718,451)","(396,254)",,"(65,65)",,,,
91,"(1187,1000)","(1305,1003)","(1028,727)","(546,703)","(849,601)","(682,596)","(1356,601)",,"(716,449)","(396,253)",,"(65,62)",,,,
92,"(1188,1001)","(1304,1005)","(1025,722)","(546,703)","(849,600)","(682,596)","(1356,601)","(74,656)","(716,448)","(396,253)",,"(65,63)",,,,
93,"(1188,1001)",,,"(546,703)","(849,600)","(682,596)","(1356,601)","(74,656)","(717,447)","(396,253)",,"(65,62)",,,,
94,"(1188,1000)","(1304,1005)","(1025,720)","(545,703)","(849,600)","(678,599)","(1356,600)",,"(720,445)",,,"(65,61)",,,,
95,"(1188,1001)","(1311,1004)","(1026,720)","(545,703)","(849,600)","(678,599)","(1357,600)",,"(720,444)",,,,,,,
96,"(1188,1000)","(1306,1003)","(1026,720)",,"(850,599)","(679,599)","(1357,600)","(74,656)","(720,443)",,,,,,,
97,"(1188,1000)","(1311,1003)","(1026,720)",,"(844,600)","(679,598)","(1358,600)",,"(722,442)",,,"(66,62)",,,,
98,"(1188,1000)","(1305,1003)","(1025,720)",,"(850,598)","(679,598)","(1357,596)","(74,656)","(721,440)",,,,,,,
99,"(1188,1001)","(1310,1003)","(1026,720)",,"(850,599)","(683,596)","(1357,596)","(74,656)","(721,440)",,,"(66,61)",,,,
100,"(1188,1001)","(1305,1003)","(1025,720)",,"(850,598)","(679,599)","(1357,601)","(74,656)","(723,439)",,,,,"(1165,839)",,
101,"(1188,1001)","(1305,1004)","(1026,719)",,"(850,599)","(683,596)","(1357,596)","(74,656)","(723,438)",,,"(66,62)",,"(1158,856)",,
102,"(1188,1001)","(1305,1004)","(1025,720)",,"(850,599)","(683,596)",,,"(723,436)",,,,,"(1148,872)",,
103,"(1188,1001)","(1305,1004)","(1026,720)",,"(850,599)","(683,596)","(1358,601)",,"(723,438)",,,,,,,
104,"(1188,1001)","(1310,1006)","(1025,720)",,,"(683,596)","(1357,601)",,"(723,438)",,,,,"(1147,932)",,
105,"(1188,1001)","(1304,1004)","(1025,719)",,"(851,599)","(679,599)","(1358,600)",,"(724,437)",,,,,"(1137,944)",,
106,"(1188,1001)","(1310,1006)","(1025,720)",,"(850,599)","(679,599)","(1357,601)","(74,656)","(725,436)",,,,,"(1134,945)",,
107,"(1188,1001)","(1310,1004)",,,"(845,601)","(679,599)","(1357,601)",,"(725,435)",,,,,"(1128,935)",,
108,"(1187,1001)","(1304,1003)",,,"(850,598)",,"(1357,601)","(73,656)","(726,435)",,,,,,,
109,"(1187,1001)","(1310,1003)",,,,"(679,599)","(1357,601)","(73,656)","(726,434)",,,"(65,62)",,,,
110,"(1187,1002)","(1310,1004)",,,"(853,601)","(678,599)","(1357,601)","(73,656)","(727,432)",,,,,"(1137,895)",,
111,"(1187,1001)","(1310,1003)",,,,"(683,597)","(1357,597)","(73,656)","(728,431)",,,"(65,61)",,"(1136,875)",,
112,"(1187,1001)","(1310,1003)",,"(546,703)","(851,600)",,"(1357,597)","(73,656)","(728,433)",,,,,,,
113,"(1188,1002)","(1310,1004)",,,"(854,601)","(683,596)","(1357,597)","(74,656)","(729,433)",,,"(65,62)",,"(1146,837)",,
114,"(1188,1001)","(1310,1003)",,,"(852,601)","(683,596)","(1357,597)","(74,656)","(729,432)",,,"(65,61)",,"(1156,816)",,
115,"(1187,1001)","(1310,1004)",,,"(849,604)","(679,599)","(1356,601)","(73,656)","(730,432)",,,"(65,60)",,"(1159,807)",,
116,"(1188,1001)","(1310,1003)",,,"(855,601)","(683,596)","(1357,596)","(74,656)","(731,431)",,,"(65,68)",,"(1156,791)",,
117,"(1188,1001)","(1310,1004)",,,"(850,605)","(679,599)","(1357,596)","(74,656)","(732,431)",,,,,"(1152,786)",,
118,"(1188,1001)","(1307,1003)",,"(546,703)","(848,606)","(683,596)",,"(74,657)","(731,430)","(396,251)",,,,,,
119,,"(1309,1003)",,"(547,703)","(848,606)","(679,599)",,"(73,656)","(733,429)","(396,249)",,,,,,
120,,"(1310,1004)",,"(547,703)","(854,606)","(683,597)",,"(73,656)","(733,430)","(396,249)",,,,,,
121,,"(1309,1004)",,"(547,703)","(855,604)","(683,596)","(1357,601)",,"(734,429)",,,"(65,64)",,"(1119,790)",,
122,,"(1309,1005)",,"(546,703)",,"(683,596)","(1357,600)",,"(734,427)","(396,250)",,,,"(1093,798)",,
123,,"(1304,1004)",,"(547,704)","(857,601)","(680,599)","(1361,601)",,"(734,428)","(396,249)",,,,"(1071,812)",,
124,,"(1304,1004)",,"(547,704)","(857,600)","(680,600)","(1361,600)",,"(735,427)",,,"(66,62)",,"(1047,834)",,
125,,"(1304,1004)",,,"(857,600)","(679,599)",,"(73,657)","(735,428)","(396,249)",,,,"(1035,852)",,
126,"(1187,1002)","(1304,1005)",,"(549,705)","(857,600)","(679,599)",,,"(735,428)","(396,248)",,,,"(1029,870)",,
127,"(1188,1002)","(1304,1004)",,"(547,703)","(859,599)","(679,599)","(1357,602)",,"(735,428)","(396,248)",,,,,,
128,"(1188,1002)","(1303,1003)",,"(550,705)","(859,599)","(683,597)","(1357,602)",,"(737,428)","(397,248)",,,,"(1046,888)",,
129,"(1188,1001)","(1302,1002)",,,"(859,599)",,"(1357,601)",,"(738,426)","(397,247)",,,,"(1044,886)",,
130,"(1188,1001)","(1305,1002)",,"(548,701)","(860,598)","(681,596)","(1357,601)",,"(739,426)","(397,247)",,,,"(1038,895)",,
131,"(1188,1001)","(1301,1003)",,"(547,702)","(860,598)","(683,597)","(1357,601)",,"(740,426)","(397,247)",,,,,,
132,"(1189,1001)","(1301,1002)",,"(547,702)","(861,598)","(683,596)","(1357,601)",,"(740,426)","(397,247)",,,,"(1057,888)",,
133,"(1188,1001)","(1305,1003)",,"(547,702)","(861,599)","(683,596)","(1357,601)",,"(741,425)","(396,246)",,,,"(1055,898)",,
134,"(1188,1001)","(1305,1003)",,"(550,704)","(861,599)","(683,596)","(1357,601)",,"(742,425)","(397,246)",,,,"(1062,905)",,
135,"(1188,1001)","(1300,1002)",,,"(861,598)","(679,599)","(1357,601)",,"(743,424)","(396,246)",,,,"(1067,916)",,
136,"(1188,1001)","(1305,1002)",,,"(861,598)","(683,596)","(1357,600)",,"(743,425)","(396,246)",,,,"(1067,926)",,
137,"(1188,1001)","(1300,1000)",,,"(861,598)","(679,599)","(1357,601)",,"(745,424)","(397,246)",,,,"(1065,924)",,
138,"(1188,1001)","(1304,1002)",,,"(861,598)","(679,599)","(1357,600)",,"(745,425)","(397,246)",,,,"(1065,924)",,
139,"(1190,1001)","(1305,1002)",,"(548,703)","(861,598)","(679,599)","(1357,601)",,"(746,425)","(397,246)",,,,"(1070,927)",,
140,"(1190,1001)","(1299,999)",,"(548,703)","(861,598)","(679,599)","(1357,601)",,"(746,424)","(397,246)",,,,"(1061,923)",,
141,"(1188,1002)",,,,,"(681,596)","(1357,601)",,"(747,424)","(397,246)",,,,"(1065,924)",,
142,"(1188,1002)","(1304,1002)",,,"(861,599)","(680,599)","(1357,601)",,"(748,424)","(398,246)",,,,"(1066,925)",,
143,"(1188,1002)","(1304,999)",,,"(861,599)","(679,599)","(1357,601)",,"(749,423)","(398,246)",,,,"(1065,925)",,
144,"(1188,1002)","(1298,998)",,"(548,704)",,"(679,599)","(1357,602)",,"(749,422)","(398,246)",,,,"(1066,925)",,
145,"(1187,1002)",,,"(548,704)","(860,599)","(679,599)","(1359,601)",,"(750,421)","(398,245)",,,,"(1067,926)",,
146,"(1187,1002)","(1304,1001)",,"(550,707)","(860,599)","(679,599)","(1359,601)",,"(750,421)","(397,245)",,,,"(1070,925)",,
147,"(1187,1002)","(1303,1001)",,"(548,704)","(860,600)","(679,599)","(1359,601)",,"(750,421)","(397,246)",,"(65,61)",,"(1068,926)",,
148,"(1187,1002)","(1302,1001)",,"(547,704)","(860,601)","(679,599)","(1359,601)",,"(751,419)","(397,246)",,,,"(1070,926)",,
149,"(1187,1002)","(1298,1000)",,"(547,703)","(859,602)","(679,599)","(1357,601)",,"(752,420)","(397,245)",,,,"(1069,926)",,
150,"(1187,1002)","(1303,1000)",,"(547,704)","(858,603)","(679,599)","(1357,601)",,"(752,420)","(397,246)",,,,"(1071,926)",,
151,"(1187,1002)","(1297,996)",,"(548,703)","(858,603)","(683,597)","(1357,601)","(74,657)","(754,420)","(398,246)",,,,"(1070,926)",,
152,"(1188,1001)","(1297,994)",,"(548,703)",,"(683,596)","(1359,601)",,"(754,420)","(397,246)",,,,"(1069,926)",,
153,"(1187,1002)","(1297,994)",,,"(858,603)","(679,599)","(1359,601)",,"(755,417)","(397,246)",,,,"(1069,926)",,
154,"(1187,1001)","(1297,993)",,"(547,702)",,"(679,599)","(1359,601)",,"(755,418)","(397,245)",,,,"(1068,926)",,
155,"(1188,1002)","(1297,994)",,,,"(683,597)","(1359,602)","(73,657)","(756,418)","(397,246)",,,,"(1070,926)",,
156,"(1187,1002)","(1296,994)",,,,"(681,597)","(1359,601)","(73,656)","(756,418)","(398,246)",,"(66,64)",,"(1069,926)",,
157,"(1187,1001)","(1293,992)",,,"(858,602)","(679,599)","(1359,601)",,"(758,418)","(398,246)",,,,"(1069,926)",,
158,"(1188,1002)","(1294,992)",,"(549,703)",,"(680,599)","(1359,602)",,"(760,419)","(398,246)",,,,"(1069,927)",,
159,"(1188,1002)","(1293,992)",,"(549,704)","(858,602)","(680,599)","(1358,602)",,"(759,419)","(399,245)",,,,"(1069,927)",,
160,"(1188,1002)","(1292,991)",,"(550,704)","(858,602)","(680,599)","(1358,602)","(74,656)","(760,419)","(399,245)",,,,"(1069,927)",,
161,"(1188,1002)","(1292,990)",,"(550,703)","(858,602)","(680,599)","(1358,602)",,"(760,419)","(399,246)",,,,"(1069,927)",,
162,"(1188,1001)","(1292,989)",,"(550,703)","(858,601)","(684,596)","(1358,602)",,"(761,418)","(399,245)",,"(66,65)",,"(1070,926)",,
163,"(1188,1002)","(1291,989)",,"(550,702)","(858,601)","(680,599)","(1359,602)",,"(763,418)","(399,245)",,,,"(1069,927)",,
164,"(1188,1002)","(1291,989)",,"(550,702)","(858,601)","(679,599)","(1359,601)","(73,656)","(766,417)","(398,245)",,"(65,65)",,"(1069,927)",,
165,"(1188,1002)","(1291,988)",,"(550,702)","(858,602)","(680,599)","(1358,602)",,"(768,415)","(399,244)",,,,"(1068,927)",,
166,"(1188,1002)","(1293,986)",,"(551,702)",,"(680,599)","(1358,602)",,"(768,413)","(399,244)",,,,"(1069,927)",,
167,"(1188,1002)","(1292,984)",,,"(858,601)","(680,599)","(1358,601)",,"(769,412)","(399,244)",,,,"(1068,927)",,
168,"(1188,1001)","(1292,983)",,,"(858,601)","(680,599)","(1358,601)",,"(770,413)","(399,244)",,,,"(1068,927)",,
169,"(1188,1001)","(1294,986)",,"(550,702)",,"(679,599)","(1358,601)","(73,656)","(770,412)","(399,244)",,,,"(1069,926)",,
170,"(1188,1001)","(1292,982)",,,"(857,602)","(679,599)","(1358,601)","(73,656)","(771,411)","(399,244)",,,,"(1069,927)",,
171,"(1187,1001)","(1292,983)",,,"(857,601)","(683,596)","(1358,601)","(73,656)","(772,410)","(399,244)",,,,"(1069,926)",,
172,"(1188,1001)","(1293,981)",,"(551,701)","(857,601)","(679,599)","(1358,601)","(73,656)","(772,410)","(399,244)",,,,"(1069,926)",,
173,"(1188,1001)","(1292,982)",,,"(858,601)","(679,599)","(1358,601)",,"(772,409)","(399,244)",,,,"(1069,926)",,
174,"(1188,1002)","(1292,982)",,"(551,702)","(858,601)","(679,599)","(1358,602)",,"(774,409)","(399,244)",,,,"(1069,927)",,
175,"(1188,1001)","(1290,979)",,"(551,701)","(858,600)","(683,596)","(1358,597)","(73,656)","(775,408)","(398,244)",,,,"(1068,927)",,
176,"(1188,1002)","(1291,981)",,"(551,702)",,"(680,599)","(1358,602)","(74,656)","(776,409)","(399,244)",,"(66,63)",,"(1073,933)",,
177,"(1187,1002)","(1291,979)",,"(551,702)","(857,600)","(681,596)","(1357,601)","(73,656)","(776,407)","(398,244)",,,,"(1072,932)",,
178,"(1188,1003)","(1291,980)",,,"(858,602)","(683,597)","(1358,602)","(72,657)","(779,408)","(399,245)",,,,"(1073,933)",,
179,"(1187,1001)","(1292,980)",,"(551,701)","(857,601)","(679,599)","(1357,601)","(73,657)","(779,407)","(398,244)",,,,"(1072,932)",,
180,"(1188,1002)","(1291,977)",,"(553,701)","(858,602)","(680,599)","(1358,602)","(74,658)","(781,407)","(399,244)",,,,"(1073,933)",,
181,"(1187,1001)","(1292,978)",,"(552,701)","(857,601)","(679,600)","(1358,601)","(73,659)","(782,408)","(398,244)",,,,"(1072,932)",,
182,"(1190,1002)","(1292,979)",,"(552,701)",,"(679,599)","(1358,602)","(73,659)","(783,408)","(398,244)",,,,"(1072,933)",,
183,"(1187,1001)","(1293,976)",,"(552,701)","(857,601)","(679,599)","(1358,601)","(73,660)","(784,407)","(398,244)",,,,"(1072,932)",,
184,"(1188,1001)","(1293,976)",,"(552,701)","(857,602)","(683,596)","(1358,601)","(73,664)","(786,407)","(398,244)",,,,"(1072,932)",,
185,"(1189,1001)","(1292,974)",,"(552,701)","(856,601)","(679,599)","(1358,601)","(73,665)","(786,404)","(397,244)",,,,"(1072,932)",,
186,"(1188,1002)","(1292,972)",,"(552,701)","(856,601)","(679,600)","(1357,601)","(72,666)","(786,402)","(397,244)",,,,"(1072,932)",,
187,"(1187,1001)","(1291,972)",,"(553,702)","(857,599)","(679,599)","(1357,601)","(73,667)","(788,405)","(398,244)",,"(65,64)",,"(1072,932)",,
188,"(1187,1001)","(1292,970)",,"(553,702)","(856,599)","(679,599)","(1357,601)","(72,669)","(788,403)","(397,244)",,"(65,63)",,"(1072,932)",,
189,"(1188,1001)","(1292,968)",,"(552,701)","(856,598)","(679,599)","(1357,600)","(71,672)","(788,403)","(398,243)",,"(65,65)",,"(1072,932)",,
190,"(1188,1001)","(1293,967)",,"(553,702)","(856,598)","(679,600)","(1357,601)","(71,670)","(788,404)","(398,244)",,"(65,63)",,"(1072,932)",,
191,"(1187,1002)","(1293,965)",,"(553,703)","(857,598)","(679,599)","(1357,601)","(72,674)","(789,403)","(398,244)",,"(65,64)",,"(1072,932)",,
192,"(1187,1002)","(1293,964)",,"(556,705)","(857,598)","(679,599)","(1357,601)","(72,670)","(789,402)","(398,244)",,,,"(1072,932)",,
193,"(1187,1001)","(1292,963)",,"(553,703)","(857,598)","(683,596)","(1357,596)","(72,673)","(791,402)","(398,244)",,,,"(1072,932)",,
194,"(1187,1001)","(1293,962)",,,"(858,598)","(679,599)","(1357,601)","(73,675)","(791,402)","(398,244)",,,,"(1072,932)",,
195,"(1187,1002)","(1293,962)",,"(554,704)","(858,598)","(679,599)","(1357,600)","(72,677)","(792,401)","(398,244)",,,,"(1072,933)",,
196,"(1187,1002)","(1294,960)",,"(554,704)","(859,598)","(679,599)","(1357,601)","(72,679)","(792,402)","(398,244)",,,,"(1072,932)",,
197,"(1189,1002)","(1294,959)",,,"(860,598)","(683,596)","(1358,600)","(73,682)","(794,401)","(397,244)",,,,"(1072,932)",,
198,"(1187,1002)","(1294,959)",,"(554,705)","(860,598)","(679,599)","(1357,597)","(73,682)","(795,401)","(398,244)",,,,"(1072,933)",,
199,"(1187,1002)","(1295,959)",,"(553,705)","(860,597)","(679,599)","(1357,600)","(73,685)","(795,403)","(398,244)",,"(65,66)",,"(1072,933)",,
200,"(1187,1002)","(1295,958)",,"(554,705)","(861,597)","(679,599)","(1357,601)","(73,682)","(797,401)","(398,244)",,,,"(1072,932)",,
201,"(1187,1002)","(1293,958)",,"(553,705)","(860,597)","(683,596)","(1357,596)","(73,688)","(797,404)","(397,244)",,,,"(1072,932)",,
202,"(1188,1001)","(1294,957)",,"(556,707)","(860,597)","(679,599)","(1357,596)","(72,687)","(798,405)","(397,244)",,,,"(1072,932)",,
203,"(1188,1002)","(1295,956)",,"(554,705)","(861,597)","(683,596)","(1357,596)","(72,688)","(798,403)","(398,244)",,"(65,65)",,"(1073,932)",,
204,"(1188,1001)","(1295,955)",,"(553,705)","(862,597)","(679,599)","(1357,601)","(73,688)","(800,400)","(398,243)",,,,"(1074,933)",,
205,"(1188,1001)","(1295,954)",,"(554,705)","(861,597)","(680,598)","(1357,601)","(72,689)","(801,403)","(398,244)",,"(65,65)",,"(1074,933)",,
206,"(1187,1001)","(1293,953)",,"(554,705)","(861,597)","(685,595)","(1357,597)","(71,689)","(801,404)","(398,244)",,"(65,71)",,"(1074,934)",,
207,"(1188,1001)","(1293,953)",,"(554,705)","(861,597)","(683,596)","(1357,601)","(74,690)","(802,401)","(397,244)",,"(65,63)",,"(1075,934)",,
208,"(1188,1000)","(1293,951)",,"(558,706)","(861,597)","(684,595)","(1357,596)","(72,693)","(804,400)","(398,244)",,"(65,64)",,"(1075,934)",,
209,"(1188,1002)","(1294,950)",,"(558,706)","(861,598)","(684,595)","(1358,601)","(72,697)","(805,403)","(398,244)",,"(65,63)",,"(1076,935)",,
210,"(1188,1002)","(1295,950)",,"(558,706)","(861,597)","(685,594)","(1357,601)","(73,694)","(806,405)","(397,244)",,"(65,63)",,"(1078,936)",,
211,"(1188,1002)","(1295,950)",,"(558,706)","(861,598)","(693,590)","(1357,601)","(73,697)","(807,403)","(398,244)",,"(65,65)",,"(1079,938)",,
212,"(1188,1002)","(1295,950)",,,"(860,597)","(691,592)","(1357,601)","(72,697)","(809,402)","(397,244)",,,,"(1076,933)",,
213,"(1188,1002)","(1295,950)",,"(558,706)","(860,598)","(696,591)","(1357,602)","(71,700)","(808,407)","(397,244)",,"(65,64)",,"(1078,933)",,
214,"(1188,1001)","(1295,951)",,"(554,705)","(860,597)","(694,592)","(1357,602)","(71,702)","(809,407)","(397,245)",,,,"(1079,934)",,
215,"(1188,1001)","(1295,951)",,,"(860,597)","(695,591)","(1357,602)","(72,706)","(811,408)","(398,245)",,,,"(1081,935)",,
216,"(1188,1002)","(1295,950)",,,"(860,596)","(695,591)","(1357,602)","(72,702)","(810,408)","(398,244)",,,,"(1081,936)",,
217,"(1188,1002)","(1295,950)",,,"(860,596)","(688,598)",,"(71,707)","(811,410)","(398,244)",,,,"(1082,937)",,
218,"(1188,1002)","(1295,950)",,"(554,705)","(860,596)","(689,598)","(1357,602)","(71,706)","(810,409)","(397,244)",,"(65,64)",,"(1083,938)",,
219,"(1188,1001)","(1295,950)",,"(554,705)","(860,596)","(691,595)","(1360,602)","(71,708)","(812,409)","(398,245)",,,,"(1085,938)",,
220,"(1189,1002)","(1294,950)",,"(554,705)","(860,596)","(691,595)","(1360,601)","(73,708)","(812,410)","(398,244)",,"(65,63)",,"(1086,938)","(703,590)",
221,"(1188,1001)","(1295,950)",,"(554,705)","(860,596)","(693,597)","(1357,601)","(71,708)","(811,408)","(398,244)",,,,"(1087,938)",,
222,"(1188,1001)","(1295,950)",,"(554,705)","(860,595)","(693,597)",,"(72,710)","(811,410)","(398,244)",,"(65,62)",,"(1090,939)","(710,587)",
223,,"(1295,950)",,"(554,706)","(860,596)","(713,587)","(1357,601)","(69,711)","(814,412)","(398,244)",,"(65,62)",,"(1090,940)",,
224,,"(1295,950)",,"(553,706)","(861,595)","(710,588)","(1357,601)","(69,712)","(815,412)","(398,244)",,"(65,62)",,"(1091,940)",,
225,,"(1295,950)",,"(554,706)","(861,595)","(710,588)","(1357,602)","(70,710)","(816,413)","(398,244)",,,,"(1091,941)",,
226,"(1265,1013)","(1295,950)",,"(554,706)","(861,596)","(712,587)","(1357,602)","(69,711)","(817,414)","(398,244)",,,,"(1091,942)",,
227,,"(1295,950)",,"(554,706)","(861,596)","(714,587)","(1357,601)","(69,708)","(818,413)","(398,244)",,,,"(1092,942)",,
228,,"(1296,950)",,"(554,706)","(862,596)","(715,587)","(1357,601)","(70,710)","(818,415)","(398,244)",,,,"(1093,943)",,
229,,"(1296,950)",,"(554,706)","(862,596)","(717,587)","(1357,601)","(69,709)","(819,414)","(397,244)",,"(65,61)",,"(1094,943)",,
230,,"(1296,949)",,"(554,706)","(862,596)","(723,585)","(1357,601)","(70,709)","(821,413)","(398,244)",,,,"(1094,943)",,"(1188,1002)"
231,,"(1296,951)",,"(555,706)","(863,596)","(720,586)","(1357,602)","(70,709)","(821,414)","(398,245)",,,,"(1094,944)",,"(1188,1002)"
232,,"(1295,950)",,"(555,706)","(863,595)","(721,585)","(1357,597)","(73,710)","(822,413)","(398,244)",,,,"(1094,944)","(682,599)","(1188,1002)"
233,,"(1295,950)",,"(555,706)","(863,595)","(723,588)","(1358,601)","(73,711)","(822,413)","(398,244)",,,,"(1094,944)","(679,600)","(1189,1001)"
234,,"(1295,950)",,,"(863,595)","(725,586)","(1357,601)","(73,709)","(823,412)","(398,244)",,,,"(1094,944)","(679,599)",
235,,"(1295,951)",,"(558,707)","(863,595)","(725,585)","(1357,601)","(72,709)","(823,412)","(398,244)",,"(65,64)",,"(1094,944)","(679,599)","(1190,1001)"
236,,"(1295,951)",,,"(863,595)","(726,587)","(1357,601)","(72,709)","(823,413)","(397,244)",,"(64,62)",,"(1094,944)","(679,598)","(1190,1003)"
237,,"(1295,950)",,,,"(730,588)","(1357,601)","(72,708)","(824,412)","(397,244)",,,,"(1094,944)","(679,598)",
238,,"(1295,950)",,,"(864,595)","(730,588)",,"(72,710)","(824,412)","(397,244)",,,,"(1094,944)","(680,598)","(1193,1004)"
239,,"(1294,950)",,"(558,707)","(864,595)","(733,583)","(1357,600)","(72,713)","(824,411)","(398,244)",,,,"(1094,944)","(679,598)",
240,,"(1295,950)",,"(558,707)","(864,595)","(737,587)","(1357,600)","(72,711)","(825,413)","(397,244)",,,,"(1094,944)","(680,598)",
241,,"(1294,950)",,"(558,707)","(863,595)","(737,585)","(1357,600)","(72,710)","(825,414)","(397,244)",,,,"(1094,944)",,"(1183,990)"
242,"(1195,1006)","(1295,950)",,"(558,707)","(863,595)","(738,585)",,"(72,710)","(825,411)","(397,244)",,,,"(1094,945)",,"(1182,992)"
243,"(1195,1006)","(1295,948)",,"(558,707)","(863,595)","(740,584)",,"(71,714)","(826,415)","(397,244)",,,"(62,273)","(1095,945)",,"(1181,991)"
244,"(1196,1006)","(1296,948)",,"(558,707)","(863,595)","(742,586)",,"(72,711)","(828,415)","(397,244)",,,,"(1094,945)",,"(1179,992)"
245,"(1197,1006)","(1296,948)",,"(558,707)","(863,595)","(745,588)",,"(72,711)","(828,414)","(397,244)",,"(65,65)",,"(1095,945)",,"(1180,992)"
246,"(1197,1007)","(1296,950)",,"(559,707)","(863,596)","(748,588)",,"(73,715)","(828,414)","(397,244)",,,,"(1095,945)",,"(1180,992)"
247,"(1199,1007)","(1296,949)",,"(560,707)","(864,596)","(750,589)",,"(72,715)","(829,414)","(398,245)",,"(65,59)",,"(1095,945)",,"(1188,994)"
248,"(1200,1007)","(1296,947)",,,"(864,596)","(751,587)","(1359,601)","(72,716)","(830,415)","(398,244)",,,,"(1095,945)",,"(1188,994)"
249,,"(1296,946)",,"(559,707)","(864,596)","(751,590)","(1362,601)","(72,714)","(831,416)","(398,245)",,,,"(1095,945)",,"(1180,989)"
250,"(1202,1006)","(1295,947)",,"(560,708)","(864,597)","(755,589)","(1358,601)","(73,717)","(832,416)","(398,245)",,,,"(1095,945)",,"(1178,988)"
251,"(1202,1006)","(1295,951)",,"(560,708)","(864,596)","(757,590)","(1359,601)","(73,716)","(834,415)","(398,245)",,,,"(1096,945)",,"(1179,988)"
252,,"(1297,950)",,"(557,707)","(863,596)","(759,591)","(1362,600)","(73,716)","(835,414)","(398,244)",,,,"(1095,945)",,"(1178,988)"
253,"(1202,1006)","(1296,947)",,"(560,708)","(863,595)","(759,591)","(1360,601)","(74,717)","(834,413)","(398,244)",,,,"(1095,944)",,"(1182,989)"
254,"(1202,1005)","(1296,946)",,"(557,707)","(863,595)","(760,591)","(1360,600)","(73,717)","(835,415)","(398,244)",,"(66,66)",,"(1095,945)",,"(1180,987)"
255,"(1203,1004)","(1294,947)",,"(557,707)","(863,595)","(761,591)","(1359,600)","(74,718)","(835,416)","(398,244)",,,,"(1096,946)",,"(1191,994)"
256,"(1203,1003)","(1296,950)",,"(561,708)","(862,595)","(762,591)","(1361,600)","(73,717)","(835,415)","(397,244)",,,,"(1096,946)",,"(1180,989)"
257,,"(1296,950)",,"(562,709)","(862,595)","(762,591)","(1361,600)","(74,715)","(836,415)","(398,244)",,,,"(1095,945)",,"(1179,989)"
258,"(1202,1003)","(1295,950)",,"(562,709)","(862,595)","(763,591)","(1360,600)","(75,717)","(838,416)","(398,244)",,,,"(1096,946)",,"(1180,991)"
259,"(1202,1002)","(1295,950)",,"(563,709)","(862,594)","(764,592)","(1361,600)","(75,718)","(837,417)","(398,244)",,,,"(1096,946)",,"(1191,992)"
260,,"(1295,950)",,"(563,709)","(861,595)","(766,593)","(1360,600)","(75,716)","(840,418)","(397,244)","(61,354)",,"(62,295)","(1096,946)",,"(1191,993)"
261,"(1199,1000)","(1295,950)",,"(559,708)","(861,594)","(768,594)","(1361,600)","(75,717)","(839,417)","(398,244)",,,,"(1096,947)",,"(1191,992)"
262,,"(1296,950)",,"(559,708)","(861,595)","(769,595)","(1361,600)","(76,721)","(840,416)","(397,244)",,,,"(1096,948)",,"(1191,993)"
263,,"(1295,950)",,"(559,709)","(861,595)","(770,594)","(1360,600)","(76,719)","(840,418)","(397,244)",,"(65,62)",,"(1096,948)",,"(1192,992)"
264,"(1200,1001)","(1296,950)",,"(560,709)","(861,595)","(770,596)","(1359,601)","(75,721)","(841,417)","(398,245)",,,,"(1097,949)",,"(1191,992)"
265,"(1200,1001)","(1295,950)",,,"(861,594)","(771,597)","(1357,600)","(75,721)","(841,418)","(398,244)",,,,"(1098,950)",,"(1193,991)"
266,"(1200,1002)","(1296,951)",,"(560,709)","(861,593)","(772,602)","(1356,600)","(75,723)","(845,417)","(398,245)",,,,"(1098,951)",,"(1193,992)"
267,"(1201,1002)","(1297,951)",,"(560,709)","(861,593)","(773,600)","(1356,601)","(75,721)","(844,416)","(398,244)",,,,"(1098,951)",,"(1194,993)"
268,"(1201,1002)","(1296,950)",,,"(857,596)","(775,600)","(1356,600)","(76,718)","(844,420)","(398,244)",,,,"(1097,952)",,"(1194,993)"
269,"(1202,1001)","(1295,951)",,,"(857,596)","(775,601)","(1356,600)","(76,719)","(844,417)","(398,244)",,,,"(1098,952)",,"(1194,992)"
270,,"(1296,951)",,,,"(776,602)","(1356,600)","(76,718)","(844,415)","(398,244)",,"(65,61)","(62,203)","(1100,953)",,"(1200,998)"
271,,"(1296,951)",,,"(857,595)","(776,602)","(1356,600)","(76,718)","(844,415)","(397,244)",,,"(62,204)","(1100,953)",,"(1200,998)"
272,,"(1296,950)",,,"(857,594)","(777,602)","(1356,600)","(76,716)","(844,415)","(398,244)",,,"(62,204)","(1098,954)",,"(1201,998)"
273,"(1211,1000)","(1297,950)",,,"(862,593)","(779,602)","(1356,600)","(76,718)","(844,418)","(397,244)",,"(65,61)",,"(1100,956)",,"(1201,997)"
274,,"(1295,946)",,,"(861,592)","(778,604)","(1357,601)","(76,717)","(844,417)","(397,244)",,,,"(1101,956)",,"(1200,1000)"
275,,"(1296,946)",,,"(862,592)","(779,603)","(1357,600)","(76,717)","(844,417)","(397,244)",,"(64,60)",,"(1101,957)",,"(1202,1001)"
276,,"(1295,950)",,"(564,711)","(862,592)","(779,603)","(1358,600)","(76,718)","(846,417)","(397,244)",,,"(62,203)","(1101,958)",,"(1207,1001)"
277,,"(1296,951)",,,"(862,592)","(779,604)","(1358,601)","(76,718)","(848,419)","(397,244)",,,,"(1102,960)",,"(1207,1001)"
278,,"(1294,946)",,"(561,710)","(862,592)","(780,605)","(1358,600)","(76,718)","(848,416)","(397,244)",,,,"(1101,961)",,"(1207,1001)"
279,,"(1295,950)",,,"(862,592)","(780,606)","(1357,601)","(76,718)","(848,420)","(397,244)",,,,"(1101,963)",,"(1205,998)"
280,,"(1296,950)",,"(564,711)","(863,592)","(781,606)","(1359,601)","(76,716)","(848,417)","(397,244)",,"(65,61)","(62,277)","(1101,964)",,"(1207,1000)"
281,,"(1295,947)",,,"(863,593)","(782,609)","(1357,601)","(76,716)","(848,417)","(397,244)",,,,"(1101,964)",,"(1207,999)"
282,,"(1296,950)",,"(560,710)","(863,593)","(783,611)","(1357,601)","(76,716)","(849,416)","(397,244)",,,,"(1101,967)",,"(1209,1000)"
283,,"(1294,947)",,"(560,709)","(863,593)","(783,612)","(1358,601)","(76,719)","(849,416)","(397,244)",,,,"(1101,968)",,"(1207,997)"
284,,"(1296,950)",,"(564,710)","(864,591)","(783,611)","(1358,600)","(77,719)","(850,419)","(397,244)",,,,"(1100,968)",,"(1209,1000)"
285,,"(1296,950)",,"(564,710)","(864,592)","(784,612)","(1360,601)","(77,719)","(851,418)","(397,244)",,"(65,62)",,"(1100,970)",,"(1210,1000)"
286,,"(1296,951)",,"(564,711)","(864,592)","(784,614)","(1359,601)","(77,719)","(851,421)","(397,244)",,"(64,61)",,"(1100,972)",,"(1210,1000)"
287,,"(1296,951)",,"(564,711)","(864,592)","(786,613)","(1359,601)","(77,719)","(853,421)","(397,244)",,,,"(1099,974)",,"(1209,1000)"
288,,"(1296,951)",,"(564,711)","(865,592)","(786,613)","(1359,601)","(78,720)","(852,421)","(397,244)",,"(64,61)",,"(1100,976)",,"(1210,1000)"
289,,"(1296,951)",,"(565,711)","(865,592)","(787,614)","(1359,601)","(78,720)","(852,418)","(397,244)",,,,"(1101,978)",,"(1210,1000)"
290,,"(1296,951)",,"(564,711)","(864,591)","(787,614)","(1359,601)","(78,720)","(852,420)","(398,244)",,,,"(1099,980)",,"(1209,1000)"
291,,"(1296,951)",,"(564,711)","(864,591)","(789,615)","(1359,600)","(78,720)","(852,424)","(398,244)",,,,"(1099,981)",,"(1212,1000)"
292,,"(1296,950)",,"(565,711)","(864,591)","(788,614)","(1359,601)","(78,720)","(852,424)","(397,244)",,"(65,61)",,"(1097,982)",,"(1213,999)"
293,,"(1297,950)",,"(565,711)","(864,591)","(790,615)","(1359,600)","(78,719)","(852,419)","(397,244)",,"(65,61)",,"(1099,983)",,"(1213,998)"
294,,"(1296,951)",,"(565,711)","(864,591)","(790,615)","(1359,600)","(78,720)","(852,425)","(397,244)",,"(65,61)",,"(1097,985)",,"(1213,1000)"
295,,"(1296,951)",,"(562,709)","(864,591)","(791,615)","(1359,600)","(78,720)","(852,426)","(397,244)",,"(65,61)",,"(1097,985)",,"(1211,1000)"
296,,"(1296,950)",,"(565,710)","(864,591)","(792,615)","(1359,600)","(78,720)","(852,426)","(397,244)",,"(65,62)",,"(1096,985)",,"(1211,999)"
297,,"(1295,950)",,"(565,711)","(863,591)","(791,616)","(1358,600)","(78,719)","(851,427)","(397,244)",,"(65,59)",,"(1095,987)",,"(1210,999)"
298,,"(1297,950)",,"(565,711)","(864,591)","(794,615)","(1358,600)","(78,720)","(852,427)","(397,244)",,"(65,58)",,"(1095,988)",,"(1211,999)"
299,,"(1296,950)",,"(562,709)","(864,591)","(792,615)","(1358,600)","(78,720)","(852,427)","(397,244)",,"(65,61)",,"(1095,990)",,"(1211,998)"
300,,"(1297,950)",,"(563,710)","(865,591)","(795,618)","(1358,601)","(79,721)","(853,427)","(398,244)",,"(64,61)",,"(1094,990)",,"(1212,999)"
301,,"(1296,950)",,"(566,711)","(864,591)","(796,619)","(1358,601)","(80,721)","(853,427)","(397,244)",,"(64,58)","(62,206)","(1094,991)",,"(1212,999)"
302,,"(1297,950)",,"(563,711)","(865,591)","(797,620)","(1358,601)","(82,728)","(854,428)","(397,244)",,,,"(1095,992)",,"(1218,998)"
303,,"(1297,950)",,"(563,711)","(865,591)","(798,621)","(1358,601)","(82,725)","(852,428)","(397,244)",,"(65,63)",,"(1096,994)",,"(1219,999)"
304,,"(1297,951)",,"(564,711)","(865,591)","(798,623)","(1358,601)","(82,725)","(853,429)","(397,245)",,"(65,64)",,"(1097,995)",,"(1219,999)"
305,,"(1296,951)",,"(563,711)","(865,591)","(798,623)","(1358,600)","(81,725)","(852,428)","(398,244)",,"(65,60)",,"(1097,995)",,"(1220,998)"
306,,"(1296,951)",,"(564,711)","(864,591)","(799,623)","(1358,601)","(81,726)","(853,428)","(398,244)",,"(65,64)",,"(1096,995)",,"(1220,1000)"
307,,"(1296,951)",,"(564,711)","(865,591)","(800,624)","(1358,600)","(81,726)","(854,429)","(398,244)",,,,"(1099,996)",,"(1220,999)"
308,,"(1296,950)",,"(567,712)","(864,591)","(800,623)","(1358,600)","(82,726)","(853,430)","(398,244)",,,,"(1094,997)",,"(1221,999)"
309,,"(1296,950)",,"(568,712)","(865,591)","(801,624)","(1358,600)","(88,727)","(853,429)","(398,244)",,"(65,63)",,"(1097,997)",,"(1221,999)"
310,,"(1295,950)",,"(567,712)","(864,591)","(801,624)","(1358,600)","(84,726)","(853,432)","(398,244)",,"(64,63)",,"(1094,997)",,"(1221,999)"
311,,"(1296,950)",,"(567,712)","(864,592)","(802,625)","(1358,600)","(84,726)","(852,432)","(398,244)",,"(64,64)",,"(1096,998)",,"(1221,999)"
312,,"(1294,946)",,"(567,712)","(864,592)","(802,626)","(1358,600)","(84,726)","(852,431)","(397,244)",,"(64,62)",,"(1097,999)",,"(1221,999)"
313,"(1261,1013)","(1292,944)",,"(563,710)","(863,591)","(803,626)","(1358,598)","(84,726)","(853,433)","(397,244)",,,,"(1097,998)",,"(1221,999)"
314,,"(1294,947)",,"(564,710)","(862,591)","(804,627)","(1358,600)","(84,726)","(853,433)","(397,244)",,"(64,62)",,"(1097,998)",,"(1222,998)"
315,,"(1293,946)",,"(567,712)","(863,592)","(806,628)","(1358,600)","(84,726)","(854,434)","(397,244)",,,,"(1097,999)",,"(1223,1000)"
316,,"(1292,944)",,"(567,712)","(862,592)","(807,627)","(1358,601)","(85,725)","(855,438)","(397,244)",,,,"(1097,1001)",,"(1222,998)"
317,,"(1292,943)",,"(567,712)","(856,595)","(808,628)","(1357,601)","(86,726)","(856,441)","(397,244)",,,,,,"(1223,1000)"
318,,"(1288,939)",,"(567,712)","(862,593)","(808,630)","(1358,601)","(86,726)","(856,439)","(397,244)",,"(64,64)",,"(1095,1001)",,"(1224,1001)"
319,,"(1288,939)",,"(567,712)","(856,595)","(808,630)","(1358,601)","(86,729)","(856,440)","(397,244)",,"(64,62)",,"(1093,1004)",,"(1224,1001)"
320,,"(1288,937)",,"(567,713)","(856,596)","(809,630)","(1358,601)","(87,730)","(857,440)","(397,245)",,"(64,62)",,,,"(1224,1001)"
321,,"(1287,936)",,"(567,713)","(856,595)","(809,630)","(1357,601)","(87,730)","(857,440)","(398,244)",,"(65,61)",,,,"(1224,1000)"
322,,"(1287,935)",,"(567,712)","(858,593)","(810,628)","(1357,601)","(92,733)","(857,440)","(397,244)",,"(64,62)",,,,"(1225,1000)"
323,,"(1289,935)",,"(567,713)","(858,594)","(811,628)","(1357,601)","(92,733)","(857,443)","(397,244)",,"(64,62)",,,,"(1226,1001)"
324,,"(1287,934)",,"(564,711)","(855,596)","(811,629)","(1357,601)","(88,731)","(858,443)","(398,245)",,"(65,60)",,,,"(1225,1000)"
325,,"(1289,937)",,"(565,711)","(858,594)","(814,631)","(1359,601)","(89,731)","(857,443)","(398,244)",,"(64,59)",,,,"(1226,1000)"
326,,"(1288,936)",,"(564,710)","(859,594)","(814,631)","(1359,601)","(89,732)","(858,444)","(398,244)",,"(65,62)",,,,"(1227,1001)"
327,,"(1288,935)",,"(564,710)","(859,594)","(815,632)","(1359,601)","(89,732)","(858,444)","(398,245)",,,,,,"(1227,1000)"
328,,"(1288,934)",,"(568,713)","(860,593)","(815,632)","(1358,601)","(89,732)","(857,444)","(398,244)",,"(64,62)",,,,"(1227,1000)"
329,,"(1287,932)",,"(568,713)","(858,593)","(816,632)","(1359,601)","(92,732)","(857,444)","(397,244)",,"(65,62)",,,,"(1227,1000)"
330,,"(1287,931)",,"(568,713)","(860,593)","(816,631)","(1359,601)","(93,730)","(858,444)","(397,244)","(62,304)",,,,,"(1228,1000)"
331,,"(1287,930)",,"(568,713)","(860,593)","(817,631)","(1360,601)","(95,731)","(858,444)","(397,244)",,"(64,59)",,,,"(1228,1000)"
332,,"(1283,926)",,"(568,713)","(858,593)","(819,632)","(1359,601)","(91,733)","(858,445)","(397,244)",,"(64,62)",,,,"(1228,1000)"
333,,"(1283,925)",,"(568,714)","(860,593)","(818,632)","(1360,601)","(91,733)","(857,445)","(397,244)",,"(64,63)",,,,"(1232,1003)"
334,,"(1285,928)",,"(568,714)","(859,593)","(818,632)","(1359,601)","(94,734)","(856,445)","(397,244)",,"(65,63)",,,,"(1232,1003)"
335,,"(1283,927)",,"(568,714)","(858,594)","(820,633)","(1359,601)","(95,734)","(858,445)","(397,244)",,"(65,62)",,,,"(1232,1003)"
336,,"(1284,925)",,"(568,714)","(859,594)","(821,632)","(1359,601)","(93,735)","(856,444)","(397,244)",,,,,,"(1233,1003)"
337,,"(1283,924)",,"(568,714)",,"(821,633)","(1359,601)","(93,735)","(856,444)","(397,244)",,,,,,"(1234,1003)"
338,,"(1283,922)",,"(568,715)","(858,594)","(821,633)","(1359,598)","(94,736)","(856,445)","(397,244)",,"(64,62)",,,,"(1233,1001)"
339,,"(1284,920)",,"(568,715)","(859,594)","(821,633)","(1359,601)","(93,736)","(856,445)","(397,244)",,,,,,"(1233,1003)"
340,,"(1283,917)",,"(569,715)","(858,595)","(821,633)","(1359,598)","(95,736)","(856,445)","(397,244)",,"(65,63)",,,,"(1233,1003)"
341,,"(1283,915)",,"(568,715)","(858,595)","(821,632)","(1358,601)","(91,732)","(856,445)","(397,244)",,"(64,65)",,,,"(1233,1003)"
342,,"(1283,915)",,"(569,716)","(857,595)","(821,633)","(1358,601)","(93,731)","(856,446)","(398,244)",,,,,,"(1232,1001)"
343,,"(1284,914)",,"(570,718)","(858,594)","(823,633)","(1359,602)","(93,731)","(857,445)","(398,245)",,,,,,"(1232,1001)"
344,,"(1282,912)",,"(565,715)","(857,594)","(824,633)","(1358,601)","(93,731)","(856,444)","(397,244)",,"(65,63)",,,,"(1235,1006)"
345,,"(1282,911)",,"(566,715)","(858,594)","(824,634)","(1359,601)","(93,732)","(858,445)","(398,244)",,,,,,"(1234,1003)"
346,,"(1282,909)",,"(566,715)","(858,594)","(825,634)","(1359,601)","(93,732)","(857,447)","(398,244)",,,,,,"(1237,1003)"
347,,"(1280,908)",,"(566,715)","(858,594)","(825,632)","(1359,601)","(93,732)","(858,447)","(398,244)",,,,,,"(1238,1003)"
348,,"(1280,907)",,"(570,718)","(858,593)","(826,633)","(1358,601)","(93,733)","(858,444)","(398,244)",,,,,,"(1239,1003)"
349,,"(1279,907)",,"(567,715)","(855,596)","(826,634)","(1358,602)","(93,733)","(859,444)","(398,244)",,,,,,"(1239,1003)"
350,,"(1279,906)",,"(570,719)","(855,597)","(828,637)","(1359,601)","(93,732)","(859,446)","(398,244)",,"(65,63)",,,,"(1239,1003)"
351,,"(1279,905)",,"(570,720)","(858,593)","(830,636)","(1359,601)","(97,736)","(859,446)","(398,244)",,"(65,63)",,,,"(1240,1003)"
352,,"(1279,905)",,"(570,722)","(855,597)","(831,639)","(1358,601)","(93,732)","(859,444)","(397,244)",,,,,,"(1240,1004)"
353,,"(1278,904)",,"(569,722)","(855,597)","(832,640)","(1358,602)","(97,737)","(860,443)","(398,244)",,"(65,62)",,,,"(1240,1004)"
354,,"(1278,904)",,"(567,719)","(858,594)","(832,641)","(1358,602)","(96,737)","(860,444)","(397,244)",,"(64,63)",,,,"(1240,1004)"
355,,"(1278,903)",,"(567,720)","(858,594)","(833,641)","(1358,602)","(97,738)","(860,443)","(398,244)",,"(65,63)",,,,"(1238,1003)"
356,,"(1278,903)",,"(567,720)","(859,595)","(835,641)","(1358,601)","(98,738)","(861,444)","(397,244)",,"(64,63)",,,,"(1241,1003)"
357,,"(1279,902)",,,"(858,595)","(836,641)","(1358,602)","(96,738)","(862,444)","(397,244)",,,,,,"(1239,1003)"
358,,"(1279,902)",,,"(858,595)","(837,642)","(1358,602)","(95,738)","(862,445)","(397,244)",,,,,,"(1239,1002)"
359,,"(1279,902)",,,"(858,595)","(837,640)","(1358,601)","(95,738)","(863,445)","(397,244)",,,,"(1109,1009)",,"(1239,1003)"
360,,"(1279,902)",,,"(861,595)","(838,641)","(1359,602)","(96,738)","(863,447)","(398,244)",,,,"(1111,1009)",,"(1240,1003)"
361,,"(1280,902)",,,"(860,595)","(838,641)","(1359,602)","(96,738)","(863,445)","(397,244)",,,,"(1111,1008)",,"(1240,1002)"
362,,"(1280,902)",,,"(861,595)","(838,641)","(1360,602)","(95,737)","(862,445)","(398,244)",,,,,,
363,,"(1280,902)",,,"(860,595)","(838,641)","(1360,602)","(96,738)","(864,444)","(398,244)",,,,,,"(1244,1005)"
364,,"(1280,902)",,,"(860,594)","(838,640)","(1358,601)","(95,737)","(863,445)","(397,244)",,,,"(1116,1008)",,"(1240,998)"
365,,"(1280,902)",,,"(858,594)","(839,640)","(1359,601)","(96,738)","(863,445)","(398,244)",,,,"(1118,1009)",,"(1242,1006)"
366,,"(1281,902)",,"(571,723)","(856,596)","(840,640)","(1358,601)","(96,737)","(868,447)","(398,244)",,,,"(1117,1010)",,"(1244,1006)"
367,,"(1281,902)",,"(568,721)","(858,594)","(840,640)","(1358,601)","(96,738)","(867,448)","(398,244)",,,,,,"(1244,1003)"
368,,"(1282,901)",,"(571,723)","(858,594)","(840,641)","(1359,597)","(96,737)","(867,448)","(397,244)",,,"(62,209)",,,"(1243,1006)"
369,,"(1282,901)",,"(568,721)","(859,595)","(842,641)","(1359,601)","(97,738)","(865,446)","(396,244)",,,,,,"(1243,1006)"
370,,"(1282,901)",,"(568,721)","(858,595)","(842,641)","(1359,598)","(97,737)","(865,446)","(397,244)",,,,,,"(1242,1006)"
371,,"(1283,902)",,"(567,721)","(858,595)","(844,640)","(1359,601)","(97,737)","(865,446)","(397,244)",,,,,,"(1245,1002)"
372,,"(1284,900)",,"(571,723)","(858,595)","(845,643)","(1359,601)","(97,737)","(866,446)","(397,244)",,,,,,"(1240,1005)"
373,,"(1284,900)",,,"(857,595)","(846,642)","(1358,598)","(96,738)","(868,448)","(397,244)",,,,,,"(1240,1001)"
374,,"(1283,901)",,,"(858,595)","(848,642)","(1358,598)","(96,739)","(868,448)","(397,244)",,,,"(1126,1010)",,"(1240,1001)"
375,,"(1284,901)",,,"(857,595)","(849,644)","(1358,598)","(97,739)","(869,448)","(397,244)",,,,,,"(1241,1001)"
376,,"(1284,900)",,,"(857,595)","(849,643)","(1358,598)","(96,739)","(869,448)","(397,244)",,,,,,"(1240,1001)"
377,,"(1283,900)",,,"(858,594)","(850,640)","(1358,598)","(97,739)","(868,448)","(397,244)",,,,"(1127,1010)",,"(1245,1001)"
378,,"(1284,901)",,,"(858,593)","(850,640)","(1358,598)","(97,739)","(869,448)","(397,244)",,,,,,"(1245,1001)"
379,,"(1283,900)",,,"(858,589)","(853,639)","(1358,597)","(96,738)","(865,446)","(397,244)",,,,"(1126,1010)",,"(1245,1000)"
380,,"(1283,900)",,,"(858,592)","(852,639)","(1357,597)","(96,738)","(865,446)","(395,244)",,,,"(1126,1010)",,"(1246,1001)"
381,,"(1283,899)",,,"(859,590)","(852,639)","(1358,597)","(97,739)","(870,449)","(397,244)",,,,"(1129,1009)",,"(1241,1001)"
382,,"(1283,899)",,"(572,724)","(858,592)","(854,639)","(1358,597)","(97,738)","(871,448)","(397,244)",,,,"(1129,1008)",,"(1246,1000)"
383,,"(1284,900)",,,"(859,590)","(856,639)","(1358,597)","(97,739)","(866,447)","(397,244)",,,,"(1129,1009)",,"(1246,1000)"
384,,"(1283,900)",,,"(859,590)","(858,639)","(1358,601)","(97,739)","(871,449)","(397,244)",,,,,,"(1246,1000)"
385,,"(1283,900)",,,"(859,589)","(859,640)","(1358,596)","(97,739)","(871,449)","(397,244)",,,,"(1129,1009)",,"(1245,999)"
386,,"(1284,899)",,"(571,724)","(859,589)","(862,639)","(1358,597)","(97,739)","(872,449)","(397,244)",,,,"(1132,1009)",,"(1245,999)"
387,,"(1283,900)",,"(572,724)","(861,591)","(862,638)","(1358,597)","(99,739)","(868,448)","(397,244)",,,,,,"(1245,999)"
388,,"(1283,900)",,,"(861,590)","(863,639)","(1358,597)","(99,740)","(873,450)","(397,244)",,"(66,63)",,"(1131,1010)",,"(1244,999)"
389,,"(1284,900)",,"(573,725)","(857,593)","(863,640)","(1358,597)","(100,740)","(873,451)","(397,244)",,,,"(1136,1009)",,"(1248,999)"
390,,"(1283,899)",,"(573,725)","(857,593)","(864,639)","(1358,600)","(99,740)","(869,449)","(397,244)",,,,"(1134,1009)",,"(1248,999)"
391,,"(1283,900)",,"(573,725)","(861,591)","(864,641)","(1357,597)","(99,740)","(874,453)","(397,244)",,"(65,65)",,,,"(1248,1000)"
392,,"(1283,900)",,"(572,725)","(862,590)","(865,641)","(1357,597)","(99,740)","(873,453)","(397,244)",,"(66,64)",,,,"(1249,999)"
393,,"(1283,900)",,"(572,725)","(862,591)","(866,641)","(1358,597)","(99,740)","(873,453)","(397,245)",,,,"(1138,1009)",,"(1249,998)"
394,,"(1283,900)",,"(572,725)","(857,594)","(866,640)","(1358,597)","(99,740)","(873,453)","(397,244)",,,,"(1137,1008)",,
395,,"(1283,902)",,"(573,726)","(862,591)","(867,638)","(1359,597)","(100,741)","(874,453)","(397,244)",,,,"(1139,1007)",,"(1251,999)"
396,,"(1283,901)",,"(573,726)","(862,590)","(868,640)","(1359,600)","(99,740)","(874,453)","(397,244)",,,,"(1140,1009)",,"(1250,998)"
397,,"(1283,900)",,"(573,726)",,"(873,638)","(1359,600)","(99,740)","(874,453)","(397,244)","(61,359)",,,"(1144,1009)",,"(1250,998)"
398,,"(1283,899)",,"(569,723)","(859,589)","(871,643)","(1359,599)","(99,740)","(874,453)","(397,244)",,,,"(1144,1010)",,"(1249,997)"
399,,"(1283,900)",,"(573,726)","(859,590)","(873,642)","(1359,597)","(99,740)","(875,454)","(397,244)",,,,"(1145,1010)",,"(1250,998)"
400,,"(1284,899)",,"(573,726)","(859,590)","(874,642)","(1359,597)","(99,740)","(875,455)","(397,244)",,,,"(1146,1010)",,"(1250,997)"
401,,"(1283,899)",,"(573,726)","(857,593)","(874,636)","(1358,597)","(99,740)","(876,455)","(397,244)",,"(66,70)",,"(1148,1010)",,
402,,"(1283,899)",,,"(862,589)","(874,639)","(1359,597)","(99,740)","(875,455)","(397,243)",,,,"(1148,1010)",,
403,,"(1283,899)",,"(575,727)",,"(876,638)","(1359,597)","(99,740)","(876,456)","(397,244)",,,,"(1143,1011)",,
404,,"(1283,899)",,"(572,724)","(861,589)","(875,642)","(1358,596)","(99,740)","(877,456)","(397,244)",,,,"(1144,1011)",,
405,,"(1283,900)",,"(576,728)","(864,590)","(876,638)","(1358,597)","(99,740)","(877,458)","(397,244)",,,,"(1152,1010)",,"(1251,998)"
406,,"(1283,899)",,"(576,727)","(865,589)","(876,638)","(1358,597)","(99,740)","(878,456)","(397,244)",,,,"(1153,1010)",,"(1252,999)"
407,,"(1283,900)",,"(577,728)","(864,589)","(877,638)","(1358,601)","(99,740)","(877,457)","(397,244)",,,,"(1154,1010)",,"(1252,999)"
408,,"(1283,899)",,"(576,724)","(861,589)","(877,638)","(1358,597)","(98,740)","(876,457)","(397,244)",,,,"(1154,1009)",,"(1253,999)"
409,,"(1283,900)",,"(576,725)",,"(878,639)","(1358,601)","(99,740)","(877,462)","(397,244)",,,,"(1154,1010)",,"(1247,1005)"
410,,"(1282,900)",,"(576,726)","(860,590)","(878,641)","(1358,597)","(99,741)","(877,460)","(397,244)",,,"(61,208)","(1154,1009)",,"(1246,1005)"
411,,"(1282,900)",,"(579,729)","(864,590)","(878,639)","(1358,601)","(98,740)","(878,461)","(397,244)",,,,"(1155,1010)",,"(1248,1005)"
412,,"(1282,900)",,"(580,729)","(864,590)","(878,639)","(1358,601)","(97,740)","(877,460)","(396,244)",,,,"(1156,1009)",,"(1250,1002)"
413,,"(1282,900)",,"(580,729)","(864,590)","(879,643)","(1358,597)","(98,740)","(878,460)","(397,244)",,,,"(1156,1009)",,"(1250,1001)"
414,,"(1282,900)",,"(580,729)","(860,589)","(879,640)","(1358,597)","(97,740)","(878,461)","(397,244)",,,,"(1156,1009)",,"(1250,1002)"
415,,"(1282,901)",,"(580,729)",,"(879,640)","(1358,598)","(97,740)","(878,460)","(396,244)",,,,"(1158,1010)",,"(1254,1001)"
416,,"(1282,900)",,"(580,729)",,"(881,639)","(1358,598)","(97,740)","(878,464)","(396,245)",,,,"(1159,1009)",,"(1254,1001)"
417,,"(1283,900)",,"(580,729)",,"(882,640)","(1358,597)","(98,739)","(881,460)","(397,244)",,,,"(1161,1010)",,"(1255,1001)"
418,,"(1283,900)",,"(580,729)",,"(883,640)","(1358,597)","(98,740)","(879,460)","(397,244)",,,,"(1161,1009)",,"(1251,1001)"
419,,"(1283,900)",,"(580,729)","(862,590)","(886,640)","(1358,600)","(98,740)","(881,462)","(397,244)",,,,,,"(1255,1001)"
420,,"(1283,899)",,"(580,729)","(859,589)","(886,641)","(1358,600)","(99,740)","(882,460)","(397,244)",,,,"(1165,1009)",,"(1255,1001)"
421,,"(1283,899)",,"(580,729)","(859,589)","(886,640)","(1358,597)","(100,739)","(884,461)","(397,244)",,,,"(1166,1009)",,"(1255,1001)"
422,,"(1283,899)",,"(580,729)","(860,589)","(886,640)","(1358,597)","(99,738)","(885,461)","(397,244)",,,,"(1163,1008)",,
423,,"(1283,899)",,"(580,729)","(857,594)","(886,640)","(1358,598)","(99,739)","(885,461)","(397,244)",,,,"(1169,1009)",,"(1254,1001)"
424,,"(1283,899)",,"(581,729)","(858,593)","(886,644)","(1357,602)","(100,739)","(884,462)","(397,244)",,,,"(1170,1010)",,"(1250,1002)"
425,,"(1283,900)",,"(581,729)","(859,590)","(887,640)","(1357,598)","(100,738)","(884,462)","(397,244)",,"(65,59)",,"(1171,1010)",,"(1255,1001)"
426,,"(1283,900)",,,"(858,589)","(888,640)","(1357,602)","(101,738)","(884,462)","(397,244)",,,,"(1171,1009)",,"(1255,1001)"
427,,"(1283,900)",,"(581,729)","(860,588)","(889,640)","(1357,598)","(101,738)","(884,462)","(397,244)",,,,"(1172,1010)",,"(1255,1002)"
428,,"(1283,900)",,"(581,729)","(856,592)","(890,640)","(1357,598)","(101,738)","(884,464)","(397,244)",,,"(61,208)","(1174,1010)",,"(1251,1002)"
429,,"(1283,900)",,"(581,730)","(855,591)","(891,641)","(1357,598)","(101,739)","(884,464)","(397,244)",,,,,,"(1255,1002)"
430,,"(1283,899)",,"(581,730)","(859,587)","(892,638)","(1357,598)","(101,738)","(886,465)","(397,244)",,,,"(1175,1010)",,"(1255,1002)"
431,,"(1283,899)",,"(582,730)","(856,591)","(894,640)","(1358,598)","(103,739)","(885,466)","(397,244)",,,,"(1177,1010)",,"(1255,1006)"
432,,"(1283,899)",,,"(856,592)","(895,639)","(1357,601)","(101,739)","(885,466)","(397,244)",,"(65,71)",,,,"(1255,1006)"
433,,"(1283,899)",,,"(861,587)","(895,640)","(1357,598)","(101,739)","(885,467)","(397,244)",,,"(62,273)","(1180,1010)",,"(1255,1006)"
434,,"(1283,899)",,,"(861,587)","(896,640)","(1357,598)","(100,738)","(885,467)","(397,244)",,,,"(1181,1010)",,"(1255,1002)"
435,,"(1283,899)",,,"(857,590)","(896,640)","(1357,601)","(105,739)","(885,468)","(397,244)",,,,"(1181,1010)",,"(1257,1002)"
436,,"(1283,899)",,"(583,731)","(857,590)","(897,643)","(1358,601)","(102,738)","(886,468)","(397,244)",,,,,,"(1257,1003)"
437,,"(1283,899)",,"(581,728)","(857,590)","(897,638)","(1358,598)","(102,737)","(885,468)","(397,244)",,,,"(1183,1010)",,"(1257,1002)"
438,,"(1283,899)",,"(581,728)","(861,585)","(898,638)","(1358,598)","(102,739)","(887,468)","(398,244)",,,,"(1183,1010)",,"(1257,1003)"
439,,"(1283,899)",,"(581,728)","(861,585)","(899,639)","(1358,597)","(103,739)","(886,470)","(398,244)",,,,,,"(1258,1003)"
440,,"(1283,899)",,"(584,731)","(860,585)","(901,639)","(1359,598)","(103,739)","(887,471)","(397,244)",,,,,,"(1257,1002)"
441,,"(1283,899)",,"(581,728)","(860,585)","(900,639)","(1358,597)","(103,740)","(888,469)","(397,244)",,,,,,"(1265,998)"
442,,"(1283,899)",,"(581,728)","(861,585)","(901,638)","(1359,601)","(104,740)","(888,471)","(398,244)",,,,,,"(1274,993)"
443,,"(1283,899)",,"(584,731)","(860,585)","(900,639)","(1358,601)","(105,740)","(889,471)","(397,244)",,,,,,"(1273,993)"
444,,"(1283,899)",,"(584,732)","(861,585)","(899,639)","(1358,601)","(104,740)","(889,472)","(397,244)",,,,,,"(1263,983)"
445,,"(1283,899)",,,"(860,585)","(900,638)","(1358,598)","(105,740)","(890,471)","(397,245)",,,,,,"(1256,993)"
446,,"(1283,900)",,,"(860,585)","(900,638)","(1358,598)","(105,740)","(891,471)","(397,244)",,,"(61,209)",,,"(1254,994)"
447,,"(1283,899)",,,,"(900,638)","(1358,598)","(105,742)","(891,472)","(397,244)",,,,,,"(1254,999)"
448,,"(1283,899)",,,"(860,585)","(900,639)","(1358,598)","(107,742)","(893,472)","(397,245)",,"(65,71)",,,,"(1259,999)"
449,,"(1283,899)",,"(585,732)","(860,585)","(900,638)","(1358,598)","(110,742)","(896,472)","(397,245)",,,,,,"(1260,998)"
450,,"(1283,899)",,"(585,732)",,"(901,639)","(1358,598)","(110,741)","(893,472)","(397,244)",,"(61,67)",,,,"(1260,1000)"
451,,"(1283,899)",,"(585,732)","(860,586)","(901,639)","(1358,598)","(110,743)","(894,471)","(397,245)",,,,,,"(1259,1005)"
452,,"(1283,899)",,,"(860,586)","(901,638)","(1358,598)","(110,742)","(895,471)","(397,244)",,,,,,"(1258,999)"
453,,"(1283,899)",,"(582,729)","(860,585)","(901,637)","(1358,598)","(110,743)","(895,473)","(397,244)",,,,,,"(1259,1003)"
454,,"(1283,899)",,,"(860,586)","(900,638)","(1358,598)","(112,743)","(897,471)","(397,244)",,,,,,"(1260,999)"
455,,"(1283,899)",,"(582,729)","(860,585)","(903,637)","(1358,598)","(111,743)","(897,473)","(397,244)",,,,,,"(1261,1003)"
456,,"(1283,898)",,,"(860,586)","(902,638)","(1358,597)","(111,743)","(899,474)","(397,244)",,,,,,"(1261,1004)"
457,,"(1283,899)",,"(586,731)","(860,585)","(902,638)","(1358,598)","(113,743)","(900,475)","(397,244)",,,,,,"(1260,1003)"
458,,"(1283,899)",,,"(860,585)","(903,638)","(1358,598)","(111,743)","(901,475)","(397,244)",,,,,,"(1259,1001)"
459,,"(1283,899)",,"(586,732)","(860,586)","(903,637)","(1358,602)","(111,745)","(903,477)","(397,244)",,,,,,"(1258,998)"
460,,"(1283,899)",,"(583,729)",,"(904,637)","(1358,598)","(116,749)","(903,476)","(397,244)",,,,,,"(1259,1000)"
461,,"(1283,899)",,"(583,730)","(860,585)","(904,637)","(1358,598)","(113,747)","(904,477)","(398,244)",,,,,,"(1261,999)"
462,,"(1283,899)",,"(586,732)","(860,586)","(904,637)","(1358,601)","(117,750)","(905,477)","(397,244)",,,,,,"(1261,1003)"
463,,"(1283,899)",,"(583,731)",,"(905,638)","(1358,601)","(118,749)","(906,476)","(397,244)",,,,,,"(1258,1002)"
464,,"(1283,899)",,"(583,730)","(860,586)","(905,636)","(1358,601)","(119,749)","(906,478)","(397,244)",,,,,,"(1256,1000)"
465,,"(1283,899)",,"(583,730)","(860,587)","(905,638)","(1358,601)","(117,750)","(906,479)","(397,244)",,,,,,"(1258,1002)"
466,,"(1283,899)",,"(583,730)","(860,586)","(905,638)","(1358,601)","(120,750)","(908,479)","(397,244)",,,,,,"(1258,999)"
467,,"(1283,899)",,"(583,731)","(860,587)","(905,638)","(1358,601)","(120,749)","(908,478)","(397,245)",,,,,,"(1258,1002)"
468,,"(1283,899)",,"(583,731)","(860,586)","(905,637)","(1357,601)","(117,750)","(908,480)","(397,244)",,,,,,"(1258,1002)"
469,,"(1283,899)",,"(587,733)","(856,590)","(910,637)","(1358,598)","(119,750)","(909,478)","(397,244)",,,,,,"(1258,1003)"
470,,"(1283,899)",,,"(856,590)","(906,638)","(1358,601)","(117,750)","(910,479)","(397,244)",,,"(62,208)",,,"(1258,1005)"
471,,"(1283,899)",,"(583,731)","(859,586)","(906,636)","(1358,601)","(118,751)","(910,478)","(397,244)",,,,,,"(1260,1005)"
472,,"(1283,899)",,"(583,731)","(859,586)","(907,638)","(1358,601)","(119,752)","(911,480)","(397,244)",,,,,,"(1260,1005)"
473,,"(1283,899)",,"(583,731)","(855,590)","(907,637)","(1358,601)","(120,753)","(913,479)","(397,244)",,,"(63,276)",,,"(1259,1005)"
474,,"(1283,899)",,"(584,731)","(859,586)","(908,637)","(1358,601)","(121,752)","(914,479)","(398,244)",,"(65,70)",,,,"(1260,1003)"
475,,"(1283,899)",,"(587,733)","(855,590)","(912,636)","(1358,601)","(122,754)","(916,479)","(397,244)",,,,,,"(1259,1003)"
476,,"(1283,898)",,"(587,732)","(855,590)","(909,634)","(1358,600)","(126,753)","(916,478)","(397,244)",,,,,,"(1258,1002)"
477,,"(1283,899)",,"(587,731)","(859,586)","(909,635)","(1358,598)","(126,754)","(918,479)","(397,244)",,,,,,"(1260,1002)"
478,,"(1283,899)",,"(587,731)","(855,590)","(913,636)","(1358,598)","(127,753)","(920,479)","(397,244)",,,,,,"(1262,1000)"
479,,"(1283,899)",,"(587,732)","(855,591)","(913,634)","(1358,601)","(126,753)","(920,480)","(397,244)",,,,,,"(1262,1004)"
480,,"(1283,898)",,"(588,731)","(855,590)","(914,638)","(1358,596)","(127,754)","(921,476)","(397,244)",,,,,,
481,,"(1284,899)",,"(588,732)","(855,590)","(911,637)","(1358,596)","(127,755)","(921,478)","(397,244)",,,,,,"(1262,1005)"
482,,"(1283,899)",,"(586,734)","(855,590)","(911,637)",,"(127,756)","(921,478)","(397,245)",,,,,,"(1264,1003)"
483,,"(1283,899)",,"(583,731)",,"(915,638)",,"(127,756)","(922,477)","(397,244)",,,,,,"(1261,1006)"
484,,"(1283,899)",,,"(854,590)","(916,637)",,"(127,756)","(923,477)","(397,244)",,,,,,"(1261,1005)"
485,,"(1283,899)",,"(587,732)","(858,586)","(916,637)","(1357,601)","(127,757)","(925,478)","(397,244)",,,,,,"(1261,1005)"
486,,"(1283,899)",,"(588,732)","(857,585)","(916,639)","(1357,600)","(128,757)","(926,485)","(397,244)",,,,,,"(1261,1005)"
487,,"(1283,899)",,"(584,731)","(854,590)","(917,638)",,"(130,758)","(928,482)","(398,245)",,,,,,"(1261,1005)"
488,,"(1284,899)",,"(585,730)","(857,585)","(917,638)",,"(129,758)","(928,481)","(398,244)",,,,,,"(1263,1002)"
489,,"(1283,899)",,"(589,733)","(857,585)","(917,638)",,"(129,758)","(929,481)","(398,245)",,,,,,"(1262,1005)"
490,,"(1284,899)",,"(589,733)","(857,585)","(917,639)",,"(130,758)","(930,481)","(398,244)",,,,"(1179,1009)",,"(1262,1006)"
491,,"(1283,899)",,"(589,733)","(856,585)","(918,640)",,"(130,759)","(931,481)","(398,244)",,,,"(1179,1009)",,"(1263,1005)"
492,,"(1283,899)",,"(590,733)","(856,585)","(918,640)","(1358,596)","(130,758)","(932,479)","(397,244)",,,,"(1178,1009)",,"(1265,1006)"
493,,"(1283,898)",,"(587,731)","(853,589)","(919,640)",,"(132,760)","(933,481)","(397,244)",,,,"(1180,1009)",,"(1264,1007)"
494,,"(1283,898)",,"(591,733)","(856,585)","(925,642)",,"(131,760)","(934,482)","(398,244)",,,,"(1178,1008)",,
495,,"(1284,898)",,"(590,731)","(853,589)","(926,643)",,"(133,761)","(935,481)","(398,244)",,"(65,61)",,"(1178,1008)",,"(1268,1007)"
496,,"(1283,898)",,"(589,731)","(853,589)","(923,642)",,"(133,762)","(936,482)","(397,244)",,,,"(1178,1008)",,"(1262,1002)"
497,,"(1284,899)",,"(590,731)","(853,590)","(924,642)","(1359,596)","(133,762)","(938,482)","(398,244)",,,,"(1179,1008)",,"(1268,1007)"
498,,"(1283,899)",,"(590,732)","(855,585)","(924,644)","(1357,594)","(134,762)","(937,479)","(397,244)",,,,"(1179,1007)",,"(1263,1002)"
499,,"(1283,899)",,"(591,732)","(856,585)","(925,644)","(1359,594)","(134,763)","(939,482)","(397,244)",,,,,,"(1263,1004)"
500,,"(1283,898)",,"(595,732)","(856,585)","(925,643)",,"(135,763)","(940,481)","(397,245)",,,,"(1179,1006)",,"(1263,1004)"
501,,"(1284,899)",,"(595,732)","(856,585)","(929,642)","(1358,597)","(136,764)","(943,481)","(397,244)",,"(65,60)",,"(1179,1005)",,"(1264,1004)"
502,,"(1284,898)",,"(595,733)","(856,586)","(927,640)",,"(137,766)","(943,481)","(397,244)",,"(65,61)",,"(1179,1005)",,"(1267,1006)"
503,,"(1284,899)",,"(595,733)","(856,586)","(928,639)",,"(137,766)","(943,482)","(398,244)",,,,"(1179,1005)",,"(1268,1006)"
504,,"(1283,899)",,"(592,732)","(856,586)","(930,642)",,"(137,767)","(945,481)","(398,244)",,,,,,"(1265,1003)"
505,,"(1283,899)",,"(595,731)","(856,587)","(930,641)",,"(138,767)","(946,481)","(397,244)",,,,"(1179,1005)",,"(1265,1004)"
506,,"(1283,899)",,"(595,733)","(857,587)","(930,642)",,"(138,767)","(946,476)","(398,244)",,,,"(1179,1004)",,"(1265,1004)"
507,,"(1283,899)",,"(595,733)","(857,587)","(931,642)","(1359,603)","(138,767)","(947,480)","(398,244)",,,,"(1179,1004)",,"(1265,1004)"
508,,"(1283,899)",,"(593,733)","(856,587)","(932,640)",,"(137,767)","(950,477)","(397,244)",,,,"(1179,1004)",,"(1266,1001)"
509,,"(1283,899)",,"(595,733)","(857,587)","(932,640)",,"(137,768)","(949,477)","(398,244)",,,,"(1179,1004)",,"(1266,1002)"
510,,"(1284,899)",,"(595,733)","(857,587)","(933,642)",,"(138,768)","(950,476)","(396,244)",,,,"(1179,1004)",,"(1266,1002)"
511,,"(1284,899)",,"(595,733)","(856,587)","(934,642)",,"(137,768)","(950,476)","(396,244)",,"(66,61)",,"(1180,1003)",,"(1267,1002)"
512,,"(1283,898)",,"(598,733)","(857,587)","(935,642)",,"(138,768)","(951,476)","(398,244)",,"(66,65)",,"(1179,1003)",,"(1266,1002)"
513,,"(1283,899)",,"(597,733)","(857,587)","(937,642)",,"(137,768)","(951,475)","(397,244)",,,,"(1180,1003)",,"(1267,1003)"
514,,"(1283,899)",,"(598,733)","(857,587)","(938,647)",,"(138,768)","(952,475)","(398,244)","(62,363)",,,"(1180,1003)",,"(1267,1003)"
515,,"(1284,899)",,"(599,731)","(857,587)","(938,646)",,"(138,768)","(951,474)","(398,244)",,,,"(1180,1003)",,"(1267,1003)"
516,,"(1283,899)",,"(599,732)","(857,587)","(939,645)",,"(138,768)","(953,473)","(398,244)",,,,"(1180,1003)",,"(1267,1004)"
517,,"(1283,899)",,"(602,731)","(857,587)","(940,646)",,"(137,768)","(953,472)","(398,244)",,,,"(1180,1003)",,"(1267,1006)"
518,,"(1283,899)",,"(600,733)","(856,587)","(939,644)",,"(138,768)","(954,473)","(398,244)",,,,"(1180,1002)",,"(1272,1007)"
519,,"(1283,899)",,"(600,734)","(857,588)","(940,647)",,"(138,769)","(955,473)","(396,245)",,,,"(1181,1002)",,"(1267,1005)"
520,,"(1283,899)",,"(600,731)","(856,587)","(941,646)",,"(139,769)","(957,471)","(398,244)",,,,"(1180,1002)",,"(1272,1007)"
521,,"(1283,899)",,"(600,734)","(857,588)","(942,646)",,"(141,771)","(957,471)","(398,245)",,"(65,58)",,"(1181,1003)",,"(1268,1006)"
522,,"(1284,899)",,"(600,731)","(857,587)","(944,647)",,"(140,771)","(958,471)","(398,244)",,,,"(1180,1003)",,"(1268,1006)"
523,,"(1284,899)",,"(600,732)","(857,587)","(947,650)",,"(141,772)","(960,472)","(398,245)",,"(65,58)",,"(1181,1003)",,"(1269,1006)"
524,,"(1284,899)",,"(602,732)","(858,587)","(946,649)",,"(143,773)","(961,473)","(398,245)",,,,"(1181,1003)",,"(1274,1008)"
525,,"(1284,899)",,"(602,731)","(858,586)","(946,650)",,"(145,773)","(962,467)","(396,244)",,,,"(1181,1002)",,"(1274,1008)"
526,,"(1284,899)",,"(603,732)","(858,586)","(947,647)",,"(147,774)","(962,469)","(398,245)",,,,"(1181,1002)",,"(1274,1008)"
527,,"(1284,898)",,"(602,732)","(858,586)","(948,647)",,"(147,774)","(963,470)","(398,244)",,,,"(1181,1002)",,"(1274,1008)"
528,,"(1283,899)",,"(602,732)","(858,585)","(949,648)",,"(148,775)","(965,469)","(396,244)",,,,"(1181,1002)",,"(1270,1007)"
529,,"(1283,898)",,"(601,735)","(857,585)","(948,648)","(1359,602)","(148,776)","(967,468)","(398,244)",,,,"(1181,1001)",,"(1268,1008)"
530,,"(1283,899)",,"(602,735)","(858,585)","(950,647)",,"(149,776)","(967,466)","(397,244)",,,,"(1181,1001)",,"(1272,1008)"
531,,"(1284,898)",,"(602,735)","(858,585)","(952,647)","(1359,602)","(150,777)","(970,463)","(398,244)",,,,"(1179,1001)",,"(1274,1007)"
532,,"(1283,899)",,,"(859,585)","(953,649)","(1359,601)","(151,777)","(971,463)","(396,244)",,,,"(1181,1001)",,"(1275,1008)"
533,,"(1283,898)",,,"(858,585)","(954,650)","(1359,601)","(151,778)","(971,463)","(398,244)",,,,"(1181,1001)",,"(1276,1008)"
534,,"(1283,899)",,"(600,734)","(858,585)","(955,651)","(1359,601)","(152,779)","(972,463)","(396,244)",,,,"(1182,1001)",,"(1271,1008)"
535,,"(1283,898)",,,"(858,584)","(956,649)","(1359,601)","(153,780)","(973,462)","(398,244)",,,,"(1181,1000)",,"(1276,1008)"
536,,"(1283,899)",,"(603,739)","(858,584)","(957,653)","(1359,601)","(153,780)","(974,462)","(398,244)",,"(66,62)",,"(1181,1000)",,"(1276,1008)"
537,,"(1283,898)",,"(604,739)","(859,584)","(958,653)","(1359,597)","(154,780)","(974,461)","(397,244)",,,,"(1182,1000)",,"(1276,1008)"
538,,"(1283,899)",,"(604,740)","(859,584)","(958,656)","(1359,598)","(154,781)","(976,458)","(398,245)",,,,"(1181,1000)",,"(1277,1008)"
539,,"(1284,899)",,"(604,740)","(860,584)","(959,656)","(1359,597)","(155,782)","(977,460)","(398,245)",,,,"(1182,1001)",,"(1277,1008)"
540,,"(1283,899)",,"(604,740)","(860,583)","(959,655)","(1358,598)","(156,783)","(978,459)","(397,244)",,,,"(1181,1001)",,"(1277,1008)"
541,,"(1283,899)",,"(604,740)","(860,583)","(961,655)","(1359,599)","(156,786)","(978,458)","(397,245)",,"(66,63)",,"(1181,1001)",,"(1271,1008)"
542,,"(1283,899)",,"(604,740)","(861,582)","(962,656)","(1359,597)","(157,784)","(980,458)","(397,244)",,,,"(1182,1000)",,"(1277,1008)"
543,,"(1283,899)",,"(605,741)","(861,582)","(964,657)","(1359,601)","(160,785)","(981,458)","(398,245)",,,,"(1182,1000)",,"(1272,1008)"
544,,"(1283,899)",,"(605,741)","(861,582)","(966,656)",,"(161,785)","(981,456)","(398,244)",,,,"(1181,1000)",,"(1277,1008)"
545,,"(1283,899)",,"(605,741)","(861,581)","(966,656)",,"(161,786)","(982,456)","(398,244)",,,,"(1181,999)",,"(1277,1008)"
546,,"(1283,899)",,"(605,742)","(862,580)","(966,656)","(1359,593)","(162,786)","(982,455)","(398,244)",,,,"(1182,999)",,"(1278,1008)"
547,,"(1283,898)",,"(605,742)",,"(966,654)","(1359,593)","(163,786)","(982,454)","(396,244)",,,,"(1178,999)",,"(1278,1007)"
548,,"(1283,898)",,"(607,741)",,"(966,656)","(1359,594)","(163,787)","(983,452)","(398,244)",,,,"(1181,997)",,"(1279,1007)"
549,,"(1283,899)",,"(607,742)",,"(968,657)","(1359,593)","(164,788)","(983,452)","(398,244)",,,,"(1181,998)",,"(1279,1008)"
550,,"(1283,899)",,"(607,742)","(862,580)","(968,656)","(1359,598)","(165,789)","(984,453)","(398,244)",,,,"(1180,997)",,"(1280,1008)"
551,,"(1283,899)",,"(610,742)","(862,580)","(970,656)","(1359,598)","(167,790)","(986,451)","(398,244)",,"(66,58)",,"(1181,996)",,"(1280,1008)"
552,,"(1283,899)",,"(610,742)",,"(971,659)",,"(167,791)","(986,450)","(397,244)",,,,"(1181,995)",,"(1280,1008)"
553,,"(1283,899)",,"(608,740)",,"(973,659)","(1359,598)","(168,793)","(987,450)","(396,244)",,,,"(1181,995)",,"(1282,1008)"
554,,"(1283,899)",,"(609,740)",,"(974,660)","(1359,594)","(169,794)","(988,446)",,,,,"(1181,995)",,"(1280,1008)"
555,,"(1283,899)",,"(608,740)",,"(974,661)","(1358,594)","(169,794)","(987,447)","(397,244)",,,"(61,209)","(1181,996)",,"(1280,1008)"
556,,"(1283,899)",,"(609,740)",,"(975,660)","(1358,599)","(169,795)","(988,445)",,,"(65,66)",,"(1181,996)",,"(1280,1008)"
557,,"(1283,899)",,"(608,740)",,"(975,660)","(1358,598)","(170,795)","(987,447)","(397,244)",,"(65,65)",,"(1181,996)",,"(1281,1008)"
558,,"(1283,899)",,"(609,741)","(861,579)","(975,661)","(1358,599)","(170,795)","(988,445)","(397,244)",,,,"(1181,996)",,"(1280,1008)"
559,,"(1283,899)",,,"(862,579)","(976,661)","(1359,599)","(170,795)","(987,445)",,,"(65,69)",,"(1182,996)",,"(1281,1008)"
560,,"(1283,899)",,"(610,741)","(861,579)","(977,661)","(1358,598)","(170,795)","(989,444)","(397,244)",,"(65,67)",,"(1181,995)",,"(1280,1008)"
561,,"(1283,899)",,"(616,742)","(862,579)","(977,661)","(1359,598)","(170,795)","(990,443)","(397,244)",,"(65,66)",,"(1182,995)",,"(1284,1008)"
562,,"(1283,898)",,"(615,741)","(862,579)","(978,662)","(1359,598)","(170,795)","(990,442)","(397,244)",,,,"(1182,994)",,"(1282,1008)"
563,,"(1283,898)",,"(615,740)","(862,580)","(979,662)","(1359,599)","(170,797)","(992,441)","(397,244)",,"(65,67)",,"(1182,993)",,"(1281,1008)"
564,,"(1283,898)",,"(615,736)","(861,580)","(983,662)","(1359,593)","(170,796)","(993,440)","(397,244)",,,,"(1182,996)",,"(1283,1008)"
565,,"(1283,899)",,"(616,737)","(862,580)","(984,662)","(1359,593)","(171,797)","(993,440)",,,,,"(1182,995)",,"(1283,1008)"
566,,"(1283,898)",,"(615,738)","(861,580)","(984,662)","(1359,593)","(171,797)","(993,438)","(397,244)",,,,"(1182,995)",,"(1283,1008)"
567,,"(1283,898)",,"(615,738)","(861,580)","(984,663)","(1359,593)","(171,797)","(993,437)","(397,244)",,"(65,66)",,"(1182,994)",,"(1283,1008)"
568,,"(1283,899)",,"(616,738)","(861,580)","(984,664)","(1359,593)","(171,797)","(994,437)","(397,244)",,"(65,68)",,"(1182,992)",,"(1282,1008)"
569,,"(1283,898)",,"(616,738)","(862,580)","(985,663)","(1359,594)","(172,798)","(995,436)","(397,244)",,"(65,71)",,"(1182,993)",,"(1283,1008)"
570,,"(1283,898)",,"(615,739)","(862,580)","(986,662)","(1359,593)","(172,798)","(995,435)","(398,244)",,"(65,71)",,"(1182,993)",,"(1282,1008)"
571,,"(1283,898)",,"(617,739)","(862,580)","(986,662)","(1359,601)","(172,798)","(996,432)","(397,244)",,,,"(1182,992)",,"(1278,1008)"
572,,"(1283,898)",,"(619,740)","(862,580)","(987,663)",,"(172,798)","(996,433)","(397,244)",,"(65,66)",,"(1182,993)",,"(1283,1008)"
573,,"(1283,899)",,"(615,741)","(862,580)","(988,663)",,"(173,798)","(998,433)","(398,244)",,,,"(1181,992)",,"(1283,1008)"
574,,"(1283,899)",,"(617,741)","(863,580)","(989,662)","(1359,593)","(174,798)","(997,433)","(397,244)",,,,"(1181,993)",,"(1283,1008)"
575,,"(1283,899)",,"(618,741)","(863,580)","(989,663)","(1359,593)","(174,799)","(998,431)","(397,244)",,"(66,67)",,"(1182,991)",,"(1283,1008)"
576,,"(1283,899)",,"(617,741)","(862,580)","(990,663)",,"(174,800)","(998,431)","(397,244)",,"(66,68)",,"(1182,986)",,"(1284,1008)"
577,,"(1283,899)",,"(615,741)","(862,580)","(992,663)","(1359,594)","(175,799)","(998,430)","(397,244)",,"(65,71)",,"(1181,985)",,"(1283,1008)"
578,,"(1283,899)",,"(617,741)","(863,580)","(994,663)","(1359,593)","(176,800)","(999,429)","(398,244)",,,,"(1181,986)",,"(1284,1007)"
579,,"(1283,899)",,"(615,741)","(863,580)","(994,663)","(1359,593)","(175,801)","(1000,429)","(397,244)","(62,290)","(65,65)",,"(1181,987)",,"(1284,1008)"
580,,"(1283,899)",,"(619,740)","(863,580)","(996,666)",,"(176,801)","(1000,426)","(397,244)",,"(65,65)",,"(1181,986)",,"(1285,1008)"
581,,"(1283,898)",,"(615,741)","(863,580)","(996,664)",,"(176,801)","(999,427)","(397,244)",,,,"(1180,986)",,"(1285,1007)"
582,,"(1283,898)",,"(615,741)","(863,579)","(1000,665)","(1359,598)","(179,801)","(999,426)","(397,244)",,"(66,66)",,"(1180,985)",,"(1285,1007)"
583,,"(1283,898)",,"(619,741)","(863,579)","(1000,667)","(1359,599)","(181,802)","(1003,424)","(397,244)",,"(66,66)",,"(1179,983)",,"(1285,1007)"
584,,"(1283,899)",,"(619,740)","(863,579)","(999,667)",,"(182,803)","(1001,425)","(397,245)",,,,"(1179,983)",,"(1285,1008)"
585,,"(1283,898)",,"(618,741)","(863,578)","(1000,665)","(1359,594)","(183,803)","(1002,423)","(398,244)",,"(65,67)",,"(1178,981)",,"(1286,1007)"
586,,"(1283,898)",,"(619,741)","(864,578)","(1001,666)",,"(183,803)","(1003,423)","(397,244)",,,,"(1181,978)",,"(1286,1007)"
587,,"(1283,898)",,"(618,740)","(864,579)","(1002,666)",,"(183,803)","(1002,423)","(398,244)",,,,"(1182,981)",,"(1286,1007)"
588,,"(1283,899)",,,"(864,579)","(1003,668)","(1358,598)","(183,803)","(1003,421)","(397,244)",,,,"(1181,978)",,
589,,"(1283,900)",,"(616,741)","(864,580)","(1003,665)","(1358,599)","(184,803)","(1003,419)","(397,244)",,"(65,66)",,"(1180,980)",,
590,,"(1283,900)",,"(615,741)","(864,579)","(1004,672)","(1358,598)","(184,803)","(1004,418)","(397,244)",,"(65,65)",,"(1179,979)",,
591,,"(1283,899)",,"(616,741)","(865,579)","(1005,668)","(1359,598)","(184,804)","(1003,417)","(398,244)",,,,"(1181,979)",,"(1289,1007)"
592,,"(1283,900)",,"(615,741)","(865,579)","(1003,668)","(1358,599)","(185,805)","(1003,417)","(397,245)",,,,"(1179,979)",,"(1293,1007)"
593,,"(1283,900)",,"(619,743)","(865,579)","(1004,668)","(1358,598)","(186,806)","(1003,416)","(398,244)",,"(66,62)",,"(1180,979)",,"(1293,1007)"
594,,"(1283,900)",,"(616,741)","(865,580)","(1003,669)","(1358,599)","(186,807)","(1004,416)","(398,245)",,,,"(1178,974)",,"(1293,1007)"
595,,"(1283,899)",,"(618,743)","(865,579)","(1004,669)","(1358,598)","(187,807)","(1004,415)","(397,244)",,"(66,61)",,"(1178,975)",,"(1293,1007)"
