frame,ID_0,ID_1,ID_2,ID_3,ID_4,ID_5,ID_6,ID_7,ID_8,ID_9,ID_10,ID_12,ID_13,ID_14
0,"(149,1016)","(439,997)","(49,1001)","(1351,919)","(1006,847)","(1342,821)","(486,653)","(321,432)","(83,103)",,,,,
1,,,,,,,,,,,,,,
2,,,,,,,,,,,,,,
3,,,,,,,,,,,,,,
4,"(147,1016)","(436,997)","(47,1001)","(1349,916)","(1006,847)","(1338,822)","(486,649)","(319,432)","(81,103)",,,,,
5,"(147,1015)","(436,997)","(47,1000)","(1349,915)","(1006,846)","(1338,821)","(487,649)","(319,432)","(79,98)",,,,,
6,"(147,1016)","(435,997)","(47,1000)","(1349,914)","(1005,847)","(1337,821)","(485,649)","(317,432)","(79,102)",,,,,
7,"(147,1015)","(435,997)","(47,1001)","(1349,910)","(1007,847)","(1337,820)","(485,649)","(318,432)","(80,103)",,,,,
8,"(146,1015)","(435,997)","(47,1000)","(1349,912)","(1008,847)","(1334,824)","(485,649)","(317,431)","(78,99)",,,,,
9,"(147,1015)","(436,996)","(47,1001)","(1349,908)","(1009,846)","(1337,820)","(487,648)","(318,431)","(80,101)",,,,,
10,"(147,1015)","(436,997)","(47,1001)","(1349,908)","(1011,846)","(1337,820)","(487,649)","(318,431)","(80,102)",,,,,
11,"(148,1014)","(436,996)","(48,1000)","(1349,907)","(1011,846)","(1337,820)","(488,648)","(319,431)","(81,102)",,,,,
12,"(148,1014)","(440,994)","(48,1000)","(1350,908)","(1015,845)","(1335,824)","(488,648)","(319,431)","(82,102)",,,,,
13,"(148,1014)","(438,996)","(48,1001)","(1350,907)","(1014,845)","(1336,824)","(489,648)","(320,431)","(80,99)",,,,,
14,"(148,1015)","(438,997)","(48,1001)","(1350,907)","(1018,845)","(1338,820)","(489,649)","(320,431)","(80,99)",,,,,
15,"(149,1015)","(442,995)","(49,1002)","(1350,907)","(1015,846)","(1338,820)","(489,649)","(320,432)","(83,102)",,,,,
16,"(150,1015)","(442,995)","(50,1001)",,"(1017,846)","(1339,819)","(490,649)","(321,432)","(83,102)",,,,,
17,"(149,1015)","(442,995)","(49,1001)","(1350,906)","(1017,846)","(1338,819)","(490,649)","(321,432)","(83,102)",,,,,
18,"(149,1016)","(442,995)","(49,1002)","(1350,906)","(1017,846)","(1338,820)","(490,649)","(321,432)","(83,103)",,,,,
19,"(149,1016)","(439,997)","(48,1003)","(1350,905)","(1016,847)","(1337,820)","(489,650)","(320,432)","(80,99)",,,,,
20,"(149,1015)","(439,997)","(49,1002)","(1350,904)","(1016,847)","(1337,819)","(489,649)","(321,432)","(82,103)",,,,,
21,"(144,1015)","(438,997)","(48,1002)","(1350,903)","(1016,847)","(1337,820)","(489,649)","(320,432)","(80,99)",,,,,
22,"(148,1015)","(440,995)","(48,1001)","(1349,902)","(1019,846)","(1336,819)","(488,649)","(319,432)","(80,99)",,,,,
23,"(147,1016)","(440,996)","(48,1002)","(1349,902)","(1018,846)","(1336,819)","(488,649)","(318,432)","(81,103)",,,,,
24,"(148,1015)","(437,997)","(48,1001)","(1349,901)","(1018,846)","(1336,818)","(488,649)","(319,433)","(79,99)",,,,,
25,"(143,1015)","(436,997)","(47,1001)","(1349,899)","(1018,846)","(1335,817)","(488,648)","(318,431)","(78,99)",,,,,
26,"(143,1015)","(436,997)","(47,1001)","(1349,898)","(1014,847)","(1335,817)","(487,647)","(318,432)","(78,99)",,,,,
27,"(142,1015)","(436,997)","(47,1000)","(1349,897)","(1015,847)","(1335,817)","(488,648)","(318,432)","(78,99)",,,,,
28,"(143,1015)","(436,997)","(47,1000)","(1349,896)","(1016,847)","(1335,817)","(488,647)","(318,432)","(78,99)","(47,82)",,,,
29,"(147,1014)","(436,996)","(47,1000)","(1349,895)","(1016,847)","(1335,815)","(489,647)","(319,431)","(78,99)",,,,,
30,"(147,1014)","(436,996)","(47,1000)","(1349,894)","(1017,847)","(1335,815)","(491,648)","(319,431)","(79,99)",,,,,
31,"(148,1015)","(437,997)","(48,1000)","(1349,894)","(1018,847)","(1335,815)","(491,649)","(319,432)","(79,99)",,,,,
32,"(149,1014)","(438,996)","(48,1001)","(1350,894)","(1019,847)","(1335,814)","(492,649)","(320,431)","(82,102)",,,,,
33,"(149,1014)","(438,996)","(48,1001)","(1350,893)","(1020,846)","(1336,813)","(492,649)","(320,431)","(82,102)",,,,,
34,"(149,1015)","(438,997)","(48,1002)","(1350,893)","(1021,847)","(1336,814)","(493,650)","(320,431)","(82,102)",,,,,
35,"(149,1015)","(439,997)","(49,1003)","(1350,892)","(1023,845)","(1336,814)","(494,650)","(320,432)","(83,103)",,"(1114,52)",,,
36,"(150,1016)","(442,995)","(49,1003)",,"(1024,846)","(1336,814)","(493,650)","(321,432)","(81,100)",,,,,
37,"(149,1015)","(442,995)","(49,1003)",,"(1024,844)","(1336,813)","(494,649)","(321,432)","(81,100)",,,,,
38,"(149,1015)","(442,995)","(49,1002)","(1350,890)","(1024,845)","(1335,813)","(494,649)","(321,432)","(83,103)",,,,,
39,"(149,1016)","(442,995)","(49,1003)",,"(1024,845)","(1335,813)","(494,649)","(321,432)","(80,100)",,,,,
40,"(145,1016)","(439,998)","(48,1003)","(1350,891)","(1028,844)","(1335,813)","(494,649)","(320,432)","(80,100)","(50,82)",,,,
41,"(148,1016)","(441,996)","(48,1003)","(1350,890)","(1028,843)","(1334,811)","(494,649)","(320,432)","(80,99)",,,,,
42,"(149,1015)","(441,995)","(48,1003)","(1350,889)","(1026,844)","(1334,811)","(494,649)","(320,432)","(79,99)",,,,,
43,"(148,1015)","(440,995)","(48,1003)","(1349,889)","(1025,844)","(1333,810)","(493,649)","(319,432)","(79,100)",,,,,
44,"(148,1015)","(440,995)","(48,1003)","(1349,889)","(1026,842)","(1333,809)","(493,648)","(319,432)","(81,103)",,,,,
45,"(147,1015)","(440,995)","(48,1002)","(1349,889)","(1025,842)","(1330,807)","(493,648)","(319,432)","(79,99)",,,"(1219,57)",,
46,"(147,1015)","(436,997)","(47,1001)","(1349,889)","(1025,842)","(1331,808)","(493,649)","(319,432)","(78,99)","(47,84)",,"(1219,57)",,
47,"(147,1015)","(436,997)","(48,1000)","(1349,888)","(1025,842)","(1330,807)","(493,648)","(319,432)","(78,99)","(47,84)",,,,
48,"(148,1014)","(440,994)","(48,1001)","(1349,888)","(1029,841)","(1330,806)","(494,649)","(319,431)","(79,99)",,,,,
49,"(148,1014)","(440,994)","(48,1001)","(1349,888)","(1030,841)","(1333,808)","(494,649)","(319,431)","(79,99)",,,"(1237,54)",,
50,"(148,1014)","(440,994)","(48,1002)","(1349,888)","(1027,841)","(1333,808)","(495,649)","(319,431)","(79,99)",,,,,
51,"(148,1014)","(437,996)","(48,1002)","(1349,887)","(1029,841)","(1333,806)","(495,649)","(320,431)","(79,99)",,,"(1220,57)",,
52,"(149,1015)","(438,996)","(48,1001)","(1350,888)","(1030,841)","(1334,805)","(496,649)","(320,432)","(80,99)",,,"(1238,54)",,
53,"(149,1015)","(438,997)","(49,1002)",,"(1029,841)","(1334,805)","(497,649)","(320,432)","(83,102)",,,"(1221,57)",,
54,"(149,1015)","(442,995)","(49,1001)",,"(1030,841)","(1335,805)","(497,649)","(320,432)","(80,99)",,,,,
55,"(149,1015)","(439,997)","(49,1002)","(1350,888)","(1027,841)","(1334,805)","(497,650)","(321,432)","(81,100)",,,,,
56,"(150,1016)","(439,998)","(50,1003)","(1350,888)","(1027,842)","(1335,805)","(500,650)","(321,432)","(81,100)",,,,,
57,"(150,1016)","(439,998)","(50,1003)",,"(1029,842)","(1335,805)","(497,651)","(321,432)","(81,100)",,,,,
58,"(149,1016)","(442,996)","(49,1002)",,"(1027,841)","(1335,804)","(499,651)","(321,432)","(81,100)",,,"(1221,57)",,
59,"(149,1016)","(439,998)","(49,1002)",,"(1027,841)","(1334,804)","(501,651)","(322,433)","(83,104)",,,"(1221,58)",,
60,"(149,1016)","(438,998)","(48,1002)","(1350,889)","(1027,841)","(1334,803)","(499,652)","(320,433)","(82,103)","(50,83)",,,,
61,"(149,1016)","(438,997)","(48,1002)","(1350,889)","(1026,841)","(1334,803)","(500,651)","(320,433)","(82,103)",,,,,
62,"(148,1016)","(441,995)","(48,1002)","(1349,888)","(1026,841)","(1333,803)","(500,651)","(320,432)","(82,103)",,,,,
63,"(148,1016)","(440,995)","(48,1002)","(1349,888)","(1026,841)","(1333,802)","(499,650)","(320,432)","(82,103)",,,,,
64,"(148,1015)","(440,995)","(48,1002)","(1349,888)","(1026,841)","(1333,802)","(499,650)","(319,432)","(82,103)","(49,85)",,,,
65,"(148,1015)","(440,995)","(48,1001)","(1349,888)","(1026,841)","(1333,802)","(498,649)","(319,432)","(82,103)",,,,,
66,"(148,1015)","(437,996)","(48,1001)","(1349,888)","(1026,841)","(1333,802)","(499,649)","(319,432)","(82,103)",,,,,
67,"(148,1015)","(440,995)","(48,1001)","(1349,888)","(1025,841)","(1332,802)","(499,649)","(319,432)","(79,99)","(49,83)",,,,
68,"(148,1015)","(437,997)","(48,1001)","(1349,888)","(1026,841)","(1333,801)","(500,649)","(319,432)","(79,99)","(49,83)",,,,
69,"(148,1015)","(437,997)","(48,1001)","(1349,888)","(1026,841)","(1333,801)","(500,649)","(320,432)","(79,99)",,,,,
70,"(149,1015)","(438,997)","(48,1002)","(1349,888)","(1027,842)","(1334,800)","(501,649)","(320,432)","(80,99)",,,,,
71,"(149,1016)","(438,998)","(48,1002)","(1350,889)","(1027,842)","(1334,799)","(502,649)","(320,432)","(80,100)",,,,,
72,"(145,1015)","(442,996)","(50,1002)",,"(1027,842)","(1335,798)","(503,649)","(321,432)","(81,100)",,,,,
73,"(150,1016)","(439,998)","(50,1002)",,"(1027,842)","(1334,797)","(503,649)","(322,432)","(80,100)",,,"(1222,58)",,
74,"(146,1016)","(442,996)","(50,1003)",,"(1028,843)","(1334,796)","(500,651)","(322,433)","(81,100)",,,,,
75,"(146,1017)","(442,996)","(50,1003)",,"(1028,843)","(1333,795)","(500,650)","(322,433)","(81,100)","(51,84)",,,,
76,"(146,1016)","(439,998)","(50,1003)",,"(1028,843)","(1333,794)","(501,651)","(322,433)","(81,100)","(51,84)",,,,
77,"(150,1016)","(442,996)","(50,1002)",,"(1029,843)","(1334,794)","(502,650)","(322,433)","(83,104)","(51,84)",,,,
78,"(146,1016)","(441,996)","(50,1002)",,"(1029,843)","(1334,793)","(502,650)","(321,433)","(83,104)",,,,,
79,"(149,1016)","(441,996)","(49,1002)","(1350,888)","(1029,843)","(1333,793)","(502,650)","(321,433)","(83,104)",,,,,
80,"(149,1016)","(441,996)","(49,1002)",,"(1029,843)","(1332,791)","(502,649)","(321,432)","(83,104)",,,"(1222,58)",,
81,"(145,1016)","(437,998)","(48,1002)",,"(1030,842)","(1331,791)","(501,649)","(320,432)","(82,103)",,,,,
82,"(149,1016)","(437,997)","(48,1001)","(1349,888)","(1030,842)","(1331,789)","(500,647)","(320,432)","(82,103)",,,,,
83,"(149,1016)","(437,997)","(48,1001)","(1349,888)","(1034,840)","(1330,787)","(502,646)","(320,432)","(82,103)",,,,,
84,"(148,1015)","(437,997)","(48,1001)","(1349,888)","(1031,841)","(1330,788)","(500,648)","(319,432)","(79,100)",,,,,
85,"(143,1015)","(437,997)","(48,1001)","(1349,888)","(1031,840)","(1329,786)","(502,646)","(319,432)","(81,102)",,,,,
86,"(143,1015)","(437,997)","(48,1001)","(1349,888)","(1031,840)","(1329,788)","(500,648)","(319,432)","(81,102)",,,,,
87,"(143,1015)","(437,997)","(48,1001)","(1349,888)","(1031,840)","(1333,787)","(500,646)","(319,432)","(81,103)",,,,,
88,"(149,1015)","(437,997)","(48,1001)","(1349,892)","(1032,841)","(1329,786)","(503,645)","(319,432)","(82,103)",,,,,
89,"(149,1015)","(437,997)","(48,1001)","(1349,892)","(1032,841)","(1330,786)","(503,645)","(320,432)","(82,103)",,,,,
90,"(149,1015)","(438,997)","(48,1002)","(1350,892)","(1033,842)","(1330,786)","(503,645)","(320,432)","(82,103)",,,,,
91,"(149,1016)","(438,998)","(49,1002)",,"(1033,842)","(1331,785)","(504,645)","(321,433)","(83,103)",,,,,
92,"(145,1017)","(439,998)","(50,1002)",,"(1035,843)","(1331,785)","(505,646)","(321,433)","(83,103)",,,,,
93,"(145,1016)","(438,998)","(50,1003)","(1350,887)","(1035,842)","(1331,784)","(505,646)","(321,433)","(81,100)",,,,,
94,"(146,1016)","(439,998)","(50,1003)","(1350,886)","(1035,843)","(1332,784)","(503,646)","(321,433)","(81,100)",,,,,
95,"(146,1017)","(442,996)","(50,1003)","(1349,886)","(1036,843)","(1332,783)","(503,646)","(321,433)","(83,104)","(51,84)",,,,
96,"(146,1017)","(439,998)","(50,1003)",,"(1036,843)","(1332,783)","(505,647)","(321,433)","(83,104)",,,,,
97,"(146,1017)","(439,998)","(50,1003)",,"(1036,843)","(1332,781)","(505,647)","(321,433)","(83,103)",,,,,
98,"(146,1016)","(441,996)","(50,1003)",,"(1039,841)","(1332,780)","(505,646)","(321,432)","(80,100)","(51,88)",,,,
99,"(149,1016)","(441,996)","(49,1003)",,"(1039,841)","(1332,780)","(503,649)","(321,432)","(83,103)",,,,,
100,"(145,1016)","(438,998)","(49,1002)",,"(1040,841)","(1332,779)","(503,648)","(321,432)","(83,103)",,,"(1238,54)",,
101,"(144,1016)","(438,998)","(49,1002)","(1350,880)","(1039,841)","(1331,778)","(501,648)","(320,432)","(80,99)",,,,,
102,"(145,1016)","(438,998)","(48,1002)","(1350,879)","(1036,842)","(1331,777)","(501,648)","(320,432)","(82,103)",,,,,
103,"(144,1016)","(437,998)","(48,1002)","(1350,879)","(1036,842)","(1331,775)","(500,648)","(320,432)","(82,102)",,,,,
104,"(149,1015)","(440,995)","(48,1001)","(1350,878)","(1037,842)","(1330,774)","(503,646)","(320,432)","(82,102)",,,,,
105,"(148,1015)","(440,995)","(48,1001)","(1349,878)","(1037,842)","(1329,773)","(500,648)","(319,432)","(82,102)",,,,,
106,"(144,1015)","(437,997)","(48,1001)","(1350,878)","(1036,842)","(1329,772)","(503,646)","(320,432)","(81,102)",,,,,
107,"(148,1015)","(440,995)","(48,1001)","(1350,877)","(1037,842)","(1334,763)","(503,646)","(320,432)","(82,102)",,,,,
108,"(148,1015)","(437,997)","(48,1002)","(1350,876)","(1040,841)","(1329,770)","(503,647)","(320,432)","(82,103)",,,"(1220,57)",,
109,"(149,1015)","(441,996)","(49,1002)","(1350,876)","(1040,842)","(1331,765)","(504,647)","(320,433)","(82,103)",,,,,
110,"(149,1015)","(438,998)","(49,1002)",,"(1040,842)","(1328,770)","(504,647)","(320,433)","(83,103)",,,,,
111,"(149,1016)","(441,996)","(49,1002)","(1350,876)","(1041,842)","(1328,769)","(504,647)","(320,432)","(82,103)",,,,,
112,"(146,1016)","(442,996)","(50,1002)",,"(1038,843)","(1329,770)","(505,647)","(321,433)","(83,103)",,,,,
113,"(145,1016)","(442,995)","(50,1002)",,"(1039,843)","(1330,760)","(505,647)","(321,433)","(81,100)",,,,,
114,"(150,1016)","(442,995)","(50,1002)",,"(1039,843)","(1329,768)","(505,647)","(321,433)","(83,103)",,,,,
115,"(150,1016)","(439,998)","(50,1003)",,"(1040,844)","(1329,767)","(504,647)","(321,433)","(81,100)",,,,,
116,"(147,1016)","(442,996)","(51,1002)",,"(1043,843)","(1330,765)","(505,647)","(322,433)","(81,100)",,,,,
117,"(149,1016)","(439,998)","(50,1002)",,"(1043,842)","(1330,764)","(503,648)","(322,433)","(81,100)","(51,87)",,"(1222,57)",,
118,"(150,1016)","(439,998)","(50,1002)",,"(1043,842)","(1331,760)","(505,647)","(321,432)","(83,103)",,,,,
119,"(145,1016)","(442,995)","(49,1002)",,"(1039,843)","(1332,760)","(502,649)","(321,432)","(83,103)",,,"(1221,57)",,
120,"(145,1016)","(441,995)","(49,1002)",,"(1040,843)","(1331,760)","(505,647)","(321,432)","(82,103)",,,"(1221,57)",,
121,"(144,1015)","(437,997)","(49,1001)",,"(1039,842)","(1329,759)","(502,648)","(320,432)","(82,102)",,,"(1221,56)",,
122,"(144,1015)","(440,995)","(49,1001)",,"(1040,842)","(1329,759)","(504,646)","(320,432)","(82,102)","(49,86)",,"(1220,56)",,
123,"(143,1015)","(437,997)","(48,1000)","(1350,865)","(1040,842)","(1329,756)","(504,646)","(320,432)","(82,102)",,,"(1220,56)",,
124,"(144,1015)","(440,995)","(49,1001)","(1350,865)","(1040,842)","(1329,757)","(504,646)","(320,432)","(82,102)","(49,86)",,"(1220,56)",,
125,"(144,1015)","(440,995)","(48,1001)","(1350,865)","(1040,842)","(1329,757)","(504,646)","(320,432)","(82,102)",,,"(1220,56)",,
126,"(144,1015)","(440,995)","(48,1001)","(1350,866)","(1040,842)","(1333,756)","(503,646)","(320,432)","(82,102)","(49,86)",,"(1220,57)",,
127,"(144,1015)","(440,995)","(48,1001)","(1350,863)","(1042,841)","(1334,755)","(503,646)","(320,432)","(82,102)",,,,,
128,"(144,1015)","(441,995)","(48,1001)","(1350,863)","(1042,841)","(1329,755)","(503,646)","(320,432)","(80,99)",,,"(1221,57)",,
129,"(144,1015)","(441,995)","(48,1001)","(1350,862)","(1043,841)","(1331,761)","(503,646)","(320,432)","(82,102)",,,"(1221,57)",,
130,"(145,1016)","(441,996)","(49,1002)","(1350,863)","(1045,841)","(1333,754)","(504,647)","(321,432)","(82,103)","(50,85)",,"(1222,57)",,
131,"(145,1016)","(441,996)","(49,1002)","(1350,861)","(1045,841)","(1331,753)","(504,647)","(321,433)","(81,100)",,,"(1222,58)",,
132,"(145,1017)","(442,996)","(49,1002)",,"(1046,841)","(1329,752)","(505,647)","(321,432)","(81,100)",,,"(1222,58)",,
133,"(145,1016)","(442,995)","(50,1002)",,"(1047,840)","(1331,756)","(505,646)","(322,432)","(81,99)",,,"(1222,57)",,
134,"(146,1016)","(442,996)","(50,1003)",,"(1048,841)","(1331,756)","(505,647)","(322,432)","(83,103)",,,"(1222,57)",,
135,"(146,1016)","(439,998)","(49,1002)",,"(1047,841)","(1333,754)","(505,646)","(321,432)","(83,103)",,,"(1221,57)",,
136,"(146,1016)","(439,998)","(49,1002)",,"(1048,840)","(1332,751)","(506,646)","(322,432)","(81,99)",,,"(1222,57)",,
137,"(146,1015)","(442,995)","(50,1002)",,"(1049,840)","(1333,752)","(505,646)","(321,432)","(84,103)",,,"(1221,57)",,
138,"(145,1015)","(442,995)","(49,1002)",,"(1049,840)","(1330,751)","(505,646)","(321,432)","(83,102)",,,"(1221,57)",,
139,"(145,1015)","(438,996)","(49,1001)","(1350,856)","(1049,840)","(1332,748)","(503,649)","(321,432)","(83,102)",,,,,
140,"(145,1015)","(438,996)","(49,1001)","(1350,856)","(1052,838)","(1331,749)","(505,646)","(321,432)","(83,102)",,,"(1221,57)",,
141,"(145,1015)","(441,995)","(48,1002)","(1350,856)","(1049,839)","(1332,743)","(505,646)","(320,432)","(82,102)",,,"(1221,57)",,
142,"(145,1015)","(441,995)","(49,1001)","(1349,855)","(1050,839)","(1332,743)","(505,647)","(320,432)","(82,103)",,,"(1220,57)",,
143,"(144,1015)","(440,995)","(49,1001)","(1350,854)","(1054,837)","(1332,743)","(505,646)","(320,432)","(82,102)",,,"(1221,57)",,
144,"(144,1015)","(440,995)","(48,1002)","(1350,854)","(1051,839)","(1333,741)","(504,647)","(320,432)","(82,102)","(49,85)",,"(1220,57)",,
145,"(144,1016)","(437,997)","(48,1002)","(1349,853)","(1052,838)","(1333,742)","(502,648)","(320,432)","(82,102)",,,"(1220,57)",,
146,"(145,1015)","(440,996)","(49,1002)","(1350,852)","(1053,838)","(1334,742)","(505,646)","(320,432)","(79,99)",,,"(1221,57)",,
147,"(144,1016)","(437,998)","(48,1002)","(1350,852)","(1053,838)","(1332,740)","(502,649)","(320,432)","(82,103)",,,"(1220,57)",,
148,"(144,1017)","(437,998)","(48,1002)","(1351,851)","(1053,839)","(1333,740)","(505,647)","(320,433)","(80,100)",,,"(1221,57)",,
149,"(145,1016)","(438,998)","(48,1002)","(1351,850)","(1054,839)","(1335,739)","(505,647)","(320,433)","(82,103)",,,"(1221,58)",,
150,"(145,1016)","(438,998)","(49,1002)","(1350,847)","(1055,838)","(1333,741)","(503,649)","(320,432)","(82,103)",,,,,
151,"(145,1016)","(442,996)","(49,1002)","(1351,847)","(1060,836)","(1334,740)","(504,649)","(321,433)","(82,104)",,,"(1220,58)",,
152,"(146,1016)","(442,996)","(50,1003)",,"(1057,838)","(1336,745)","(507,647)","(321,433)","(83,103)",,,"(1221,58)",,
153,"(146,1016)","(439,998)","(50,1003)",,"(1060,836)","(1337,744)","(507,647)","(321,433)","(83,103)",,,"(1221,58)",,
154,"(146,1017)","(439,998)","(50,1003)",,"(1061,835)","(1337,744)","(507,647)","(321,433)","(83,103)",,,"(1222,58)",,
155,"(146,1016)","(439,998)","(49,1003)",,"(1062,835)","(1336,744)","(508,647)","(322,433)","(83,103)",,,"(1221,58)",,"(681,50)"
156,"(145,1016)","(442,996)","(49,1003)",,"(1062,835)","(1337,738)","(504,649)","(321,433)","(83,104)",,,"(1221,58)",,"(681,51)"
157,"(145,1016)","(442,996)","(49,1002)",,"(1062,834)","(1336,737)","(508,647)","(321,432)","(83,103)","(50,86)",,"(1221,58)",,
158,"(145,1016)","(441,996)","(49,1002)",,"(1062,834)","(1336,737)","(507,647)","(321,432)","(83,103)","(50,86)",,"(1221,57)",,"(682,50)"
159,"(144,1016)","(438,998)","(48,1002)","(1352,842)","(1062,834)","(1335,737)","(507,647)","(321,432)","(83,103)",,,"(1221,57)",,
160,"(144,1015)","(441,996)","(49,1002)","(1351,838)","(1059,836)","(1335,736)","(506,646)","(320,432)","(82,103)",,,"(1220,57)",,
161,"(144,1015)","(440,995)","(48,1002)","(1351,840)","(1062,834)","(1338,737)","(506,646)","(320,432)","(82,103)",,,"(1221,57)",,
162,"(144,1015)","(437,997)","(48,1001)","(1351,838)","(1062,834)","(1336,737)","(506,647)","(320,432)","(82,103)",,,"(1220,57)",,
163,"(143,1016)","(437,997)","(48,1002)","(1350,839)","(1060,835)","(1332,735)","(506,646)","(319,432)","(81,103)",,,"(1220,57)",,
164,"(144,1016)","(436,998)","(48,1002)","(1350,834)","(1064,833)","(1336,734)","(506,647)","(320,432)","(82,103)",,,"(1220,57)",,
165,"(143,1016)","(437,997)","(48,1002)","(1350,833)","(1065,832)","(1334,734)","(506,647)","(320,433)","(82,104)",,,"(1220,58)",,
166,"(144,1016)","(440,996)","(48,1002)","(1350,832)","(1066,833)","(1335,735)","(506,647)","(320,432)","(82,103)",,,"(1221,58)",,
167,"(144,1017)","(437,998)","(48,1002)","(1350,830)","(1071,830)","(1332,727)","(504,648)","(320,433)","(82,104)",,,"(1220,58)",,
168,"(149,1017)","(438,998)","(48,1003)","(1351,829)","(1070,831)","(1332,726)","(505,649)","(320,433)","(82,104)",,,"(1221,58)",,
169,"(145,1016)","(438,998)","(49,1002)","(1351,827)","(1072,831)","(1335,734)","(507,647)","(320,432)","(82,103)",,,"(1223,57)",,
170,"(145,1017)","(438,998)","(49,1002)","(1351,832)","(1073,828)","(1337,730)","(505,648)","(320,433)","(83,104)",,,,,
171,"(145,1017)","(442,996)","(49,1002)","(1352,827)","(1073,829)","(1338,730)","(505,648)","(321,432)","(83,103)",,,"(1222,58)",,
172,"(145,1016)","(442,996)","(49,1002)","(1351,827)","(1074,830)","(1336,729)","(506,648)","(321,432)","(83,103)",,,,,
173,"(145,1017)","(442,996)","(49,1002)",,"(1074,829)","(1337,728)","(506,648)","(321,432)","(83,103)",,,,,
174,"(146,1016)","(442,996)","(50,1002)","(1351,824)","(1075,828)","(1338,728)","(506,648)","(322,432)","(84,103)",,,"(1222,58)",,
175,"(146,1016)","(439,998)","(50,1002)",,"(1074,828)","(1340,726)","(506,648)","(322,432)","(83,103)",,,"(1222,57)",,
176,"(146,1017)","(439,998)","(50,1002)","(1350,818)","(1075,828)","(1336,732)","(506,648)","(322,432)","(83,103)",,,"(1221,57)",,
177,"(145,1015)","(442,995)","(49,1002)","(1351,817)","(1074,828)","(1334,730)","(505,648)","(322,432)","(81,99)",,,"(1221,57)",,
178,"(145,1015)","(441,995)","(49,1002)","(1351,817)","(1074,827)","(1335,731)","(505,648)","(321,432)","(83,103)",,,"(1221,57)",,
179,"(149,1016)","(438,997)","(48,1001)","(1351,817)","(1073,826)","(1333,730)","(505,648)","(321,432)","(82,103)","(50,87)",,"(1222,58)",,
180,"(145,1017)","(438,997)","(48,1002)","(1351,816)","(1075,826)","(1333,729)","(505,648)","(321,432)","(82,103)","(49,88)",,,,
181,"(149,1017)","(441,996)","(48,1002)","(1350,815)","(1068,829)","(1332,724)","(505,648)","(321,432)","(80,100)",,,"(1221,57)",,
182,"(144,1016)","(438,997)","(48,1002)","(1351,815)","(1070,828)","(1331,723)","(505,648)","(320,432)","(80,101)",,,"(1221,57)",,
183,"(144,1016)","(440,996)","(48,1002)","(1351,814)","(1070,828)","(1332,720)","(505,648)","(320,432)","(82,103)",,,"(1220,57)",,
184,"(144,1017)","(437,998)","(48,1002)","(1351,814)","(1068,830)","(1332,720)","(505,648)","(320,432)","(82,103)",,,"(1220,57)",,
185,"(145,1017)","(438,998)","(48,1002)","(1352,815)","(1068,830)","(1333,719)","(505,649)","(320,432)","(82,103)",,,"(1220,58)",,
186,"(144,1016)","(438,998)","(48,1003)","(1351,814)","(1068,830)","(1333,720)","(505,648)","(320,432)","(82,103)",,,,,
187,"(144,1017)","(441,996)","(48,1002)","(1351,813)","(1068,831)","(1332,719)","(505,647)","(320,432)","(82,103)",,,"(1220,57)",,
188,"(145,1017)","(438,998)","(48,1002)","(1351,814)","(1069,830)","(1334,725)","(506,649)","(320,433)","(82,103)",,,"(1221,58)",,
189,"(145,1017)","(438,997)","(50,1002)","(1351,812)","(1079,826)","(1333,719)","(506,649)","(321,432)","(83,103)",,,"(1222,57)",,
190,"(145,1017)","(441,996)","(50,1002)","(1351,813)","(1079,827)","(1334,719)","(506,648)","(321,432)","(83,103)",,,"(1221,57)",,
191,"(145,1017)","(438,997)","(49,1002)","(1351,812)","(1069,829)","(1334,718)","(506,649)","(321,432)","(83,103)",,,,,
192,"(145,1017)","(442,996)","(50,1002)","(1351,812)","(1070,829)","(1334,723)","(506,649)","(321,433)","(83,103)",,"(1115,52)",,,
193,"(145,1017)","(442,996)","(50,1002)","(1351,812)","(1073,827)","(1335,712)","(506,648)","(321,432)","(83,103)",,,"(1222,57)",,
194,"(145,1017)","(439,998)","(50,1002)","(1351,811)","(1073,827)","(1335,714)","(506,648)","(321,432)","(83,103)",,,"(1222,57)",,
195,"(150,1017)","(442,996)","(50,1002)","(1352,808)","(1070,829)","(1335,711)","(506,648)","(321,432)","(81,100)",,,"(1221,57)",,
196,"(145,1016)","(441,995)","(50,1001)","(1352,809)","(1070,829)","(1336,712)","(506,648)","(321,432)","(81,100)",,"(1114,52)",,,
197,"(149,1017)","(438,997)","(49,1002)","(1351,808)","(1070,829)","(1333,714)","(506,648)","(321,432)","(83,102)",,,,"(48,293)",
198,"(149,1016)","(438,997)","(49,1002)","(1351,808)","(1072,827)","(1332,715)","(505,649)","(320,432)","(82,102)",,,"(1221,57)",,
199,"(144,1016)","(438,997)","(48,1002)","(1351,809)","(1069,829)","(1328,714)","(505,648)","(320,432)","(82,102)",,,"(1220,57)",,
200,"(144,1016)","(437,997)","(48,1001)","(1351,807)","(1069,829)","(1332,717)","(504,648)","(320,432)","(82,103)",,,,,
201,"(148,1016)","(437,998)","(48,1002)","(1351,806)","(1071,827)","(1332,715)","(505,649)","(320,432)","(82,103)",,,,,
202,"(143,1016)","(437,998)","(48,1002)","(1350,804)","(1069,830)","(1330,715)","(504,650)","(319,432)","(81,103)",,"(1113,52)","(1220,57)",,
203,"(143,1016)","(437,998)","(48,1001)","(1350,803)","(1069,829)","(1331,714)","(508,647)","(319,432)","(82,103)",,"(1114,52)","(1220,57)",,
204,"(144,1016)","(437,998)","(48,1002)","(1350,802)","(1069,829)","(1330,713)","(508,648)","(319,432)","(82,103)",,,,,
205,"(144,1016)","(437,998)","(48,1002)","(1350,800)","(1069,829)","(1330,712)","(508,648)","(319,432)","(82,103)",,"(1114,53)",,,
206,"(144,1016)","(437,998)","(48,1002)","(1350,800)","(1069,829)","(1332,711)","(505,649)","(319,432)","(82,103)",,,"(1220,58)",,
207,"(148,1017)","(437,998)","(48,1002)","(1350,799)","(1069,829)","(1332,711)","(508,648)","(319,433)","(82,103)",,,"(1220,58)",,
208,"(144,1016)","(437,998)","(48,1002)","(1350,796)","(1069,829)","(1332,710)","(505,650)","(320,432)","(80,100)",,,"(1221,58)",,
209,"(148,1016)","(438,998)","(49,1002)","(1349,794)","(1069,829)","(1333,709)","(508,649)","(320,432)","(82,103)",,,"(1221,57)",,
210,"(149,1015)","(438,997)","(49,1001)","(1350,791)","(1073,826)","(1335,708)","(509,648)","(321,432)","(81,99)",,,"(1221,57)",,
211,"(145,1015)","(441,995)","(49,1002)","(1350,788)","(1071,828)","(1335,705)","(510,646)","(321,432)",,,,"(1221,57)",,
212,"(145,1015)","(442,995)","(50,1002)","(1350,787)","(1071,828)","(1336,706)","(510,647)","(321,432)","(83,102)",,,"(1222,57)",,
213,"(145,1016)","(442,995)","(50,1002)","(1350,785)","(1071,828)","(1335,706)","(510,647)","(321,432)","(81,101)",,,"(1222,57)",,
214,"(145,1015)","(442,995)","(50,1002)",,"(1071,828)","(1335,706)","(510,647)","(321,432)","(81,100)",,,"(1222,57)",,
215,"(145,1015)","(442,995)","(50,1001)","(1350,782)","(1072,827)","(1336,705)","(510,647)","(321,432)","(83,103)",,,"(1221,57)","(46,373)",
216,"(145,1016)","(441,996)","(50,1001)","(1350,780)","(1073,827)","(1335,705)","(510,647)","(321,432)","(78,98)",,,"(1221,57)",,
217,"(149,1016)","(441,996)","(49,1002)","(1351,779)","(1074,827)","(1335,702)","(510,647)","(321,432)","(83,103)","(50,84)",,"(1221,57)",,
218,"(145,1016)","(441,996)","(49,1001)","(1351,779)","(1074,827)","(1334,706)","(510,647)","(321,432)","(79,98)",,,"(1221,57)",,
219,"(144,1016)","(441,996)","(49,1002)","(1351,776)","(1075,827)","(1337,705)","(510,647)","(320,432)","(83,102)",,,"(1221,57)",,
220,"(144,1016)","(441,996)","(49,1001)","(1351,776)","(1075,827)","(1335,704)","(510,647)","(320,432)","(82,103)",,,"(1221,57)",,
221,"(148,1016)","(440,996)","(48,1002)","(1351,775)","(1073,826)","(1334,704)","(509,647)","(320,432)","(78,101)",,,,,
222,"(148,1016)","(440,996)","(48,1002)","(1351,773)","(1075,826)","(1335,704)","(510,647)","(320,432)","(77,98)",,,,,
223,"(144,1017)","(437,998)","(48,1002)","(1350,773)","(1077,824)","(1333,703)","(509,648)","(320,433)","(82,103)",,,"(1221,58)",,
224,"(144,1017)","(437,998)","(48,1002)","(1351,771)","(1075,825)","(1330,703)","(509,647)","(320,432)","(82,103)",,,"(1220,57)",,
225,"(148,1017)","(440,996)","(48,1002)","(1351,769)","(1076,825)","(1332,702)","(510,647)","(321,432)","(82,103)",,,"(1221,57)",,
226,"(144,1016)","(437,998)","(48,1002)","(1349,766)","(1076,824)","(1332,701)","(510,647)","(321,432)","(82,102)",,,"(1221,57)",,
227,"(144,1017)","(441,996)","(48,1002)","(1349,764)","(1076,824)","(1332,702)","(510,647)","(321,432)","(83,102)",,,"(1221,57)",,
228,"(149,1016)","(442,995)","(49,1001)","(1351,765)","(1077,823)","(1334,701)","(509,646)","(321,432)","(83,102)",,,"(1221,57)",,
229,"(149,1017)","(441,996)","(49,1002)","(1350,759)","(1078,823)","(1333,701)","(509,647)","(322,432)","(80,100)",,,,,
230,"(149,1016)","(441,996)","(49,1001)","(1349,758)","(1078,822)","(1333,700)","(508,649)","(321,432)","(81,100)",,,,,
231,"(149,1017)","(441,996)","(50,1001)","(1350,756)","(1078,822)","(1336,699)","(510,647)","(321,432)","(81,100)",,,"(1221,57)",,
232,"(149,1016)","(442,996)","(50,1001)","(1350,755)","(1082,812)","(1334,699)","(510,647)","(321,432)","(81,101)",,,"(1221,57)",,
233,"(149,1016)","(438,997)","(49,1001)","(1350,753)","(1079,821)","(1334,698)","(510,647)","(321,432)","(81,100)",,,"(1221,57)",,
234,"(145,1017)","(439,998)","(50,1001)","(1350,751)","(1079,821)","(1335,698)","(511,647)","(322,432)","(83,103)",,,"(1221,57)",,
235,"(149,1016)","(441,996)","(50,1001)","(1349,750)","(1079,821)","(1335,698)","(510,647)","(321,432)","(81,100)",,,"(1221,57)",,
236,"(149,1017)","(441,996)","(50,1002)","(1349,751)","(1080,821)","(1334,698)","(508,648)","(321,432)","(81,99)",,,"(1221,57)",,
237,"(145,1017)","(441,996)","(49,1002)","(1348,750)","(1079,821)","(1336,696)","(507,648)","(321,432)","(80,100)",,,"(1221,57)",,
238,"(145,1016)","(438,998)","(48,1001)","(1350,749)","(1079,821)","(1333,695)","(508,649)","(320,432)","(80,100)",,,,,
239,"(144,1016)","(441,996)","(48,1002)","(1350,749)","(1081,819)","(1332,695)","(511,648)","(320,432)","(82,103)",,,,,
240,"(144,1017)","(438,999)","(48,1002)","(1351,750)","(1080,822)","(1333,695)","(512,649)","(320,432)","(80,100)",,,"(1221,57)",,
241,"(144,1016)","(438,998)","(48,1001)","(1351,742)","(1080,821)","(1331,694)","(509,649)","(320,432)","(82,103)",,,,,
242,"(144,1016)","(437,998)","(48,1002)","(1350,741)","(1081,821)","(1329,693)","(509,649)","(320,433)","(82,103)",,,,,
243,"(144,1016)","(437,998)","(48,1002)","(1350,746)","(1080,821)","(1332,692)","(510,648)","(320,432)","(82,103)",,,"(1220,57)",,
244,"(144,1016)","(438,998)","(48,1001)","(1351,742)","(1082,820)","(1334,690)","(510,648)","(320,432)","(82,103)",,,"(1221,57)",,
245,"(144,1016)","(438,998)","(48,1001)","(1351,738)","(1081,821)","(1334,691)","(511,649)","(320,432)","(82,102)",,,,,
246,"(145,1015)","(438,998)","(48,1002)","(1349,735)","(1082,821)","(1334,690)","(512,648)","(320,432)","(83,103)",,,,,
247,"(145,1016)","(441,996)","(48,1002)","(1348,732)","(1082,822)","(1333,690)","(512,648)","(320,432)","(83,103)",,,"(1221,57)",,
248,"(145,1016)","(439,998)","(50,1002)","(1351,734)","(1081,821)","(1335,690)","(515,648)","(321,432)","(83,103)",,,,"(46,380)",
249,"(145,1016)","(438,997)","(49,1002)","(1350,734)","(1081,821)","(1335,690)","(516,648)","(321,432)","(83,103)",,,,,
250,"(145,1015)","(438,997)","(49,1002)","(1350,733)","(1081,821)","(1334,690)","(513,648)","(321,432)","(83,103)",,,,,
251,"(145,1016)","(439,997)","(49,1002)","(1350,734)","(1084,820)","(1335,690)","(514,648)","(321,432)","(83,103)",,,,,
252,"(146,1016)","(439,997)","(50,1002)","(1350,733)","(1082,821)","(1335,689)","(514,649)","(321,433)","(83,103)",,,,,
253,"(145,1016)","(439,997)","(50,1002)","(1351,735)","(1082,821)","(1333,688)","(515,649)","(321,433)","(83,103)",,,,,
254,"(145,1016)","(439,997)","(49,1002)","(1350,733)","(1082,821)","(1336,687)","(515,649)","(321,432)","(81,99)",,,,,
255,"(145,1016)","(439,997)","(49,1002)","(1351,735)","(1082,821)","(1336,687)","(519,649)","(321,432)","(81,99)",,,,,
256,"(145,1017)","(439,997)","(50,1002)","(1351,733)","(1084,820)","(1337,686)","(519,650)","(321,432)","(81,100)",,,,,
257,"(145,1016)","(442,996)","(50,1002)","(1351,733)","(1085,820)","(1336,686)","(515,650)","(321,432)","(80,100)",,,,,
258,"(145,1017)","(438,997)","(50,1003)","(1351,735)","(1083,821)","(1337,685)","(515,650)","(321,433)","(82,103)",,,"(1221,58)",,
259,"(145,1017)","(438,998)","(49,1003)","(1351,736)","(1082,821)","(1336,685)","(518,649)","(321,433)","(82,103)",,,"(1221,58)",,
260,"(145,1017)","(438,997)","(48,1002)","(1351,733)","(1085,820)","(1336,683)","(514,650)","(320,433)","(82,103)",,,"(1221,57)",,
261,"(144,1017)","(438,997)","(48,1002)","(1351,735)","(1082,821)","(1337,683)","(514,650)","(320,432)","(82,103)",,,"(1221,57)",,
262,"(144,1017)","(437,997)","(49,1002)","(1351,735)","(1084,820)","(1337,683)","(514,650)","(320,432)","(82,103)",,,,,
263,"(144,1017)","(437,997)","(49,1002)","(1351,735)","(1082,822)","(1337,682)","(515,650)","(320,432)","(82,103)",,,,,
264,"(145,1016)","(438,997)","(49,1002)","(1351,733)","(1083,822)","(1337,680)","(518,648)","(320,432)","(80,99)",,,,,
265,"(149,1016)","(438,997)","(49,1002)","(1351,733)","(1083,822)","(1338,682)","(519,649)","(320,432)","(80,100)",,,"(1221,57)",,
266,"(145,1016)","(441,996)","(50,1002)","(1351,733)","(1086,821)","(1337,682)","(521,649)","(321,432)","(83,103)",,,,,
267,"(145,1016)","(441,996)","(50,1002)","(1351,734)","(1084,822)","(1337,681)","(522,648)","(321,432)","(80,99)",,,,,
268,"(145,1016)","(441,996)","(49,1002)","(1350,733)","(1086,820)","(1338,682)","(524,650)","(321,432)","(83,103)",,,,,
269,"(145,1016)","(438,997)","(50,1002)",,"(1084,822)","(1338,680)","(524,650)","(322,432)","(83,102)",,,,,
270,"(146,1016)","(442,996)","(51,1002)","(1350,732)","(1087,820)","(1338,680)","(524,650)","(322,432)","(83,103)",,,,,
271,"(146,1017)","(442,996)","(51,1002)",,"(1087,821)","(1340,678)","(524,650)","(322,432)","(84,103)",,,,,
272,"(146,1017)","(442,996)","(51,1002)",,"(1087,821)","(1337,679)","(520,650)","(322,432)","(83,103)",,,,"(43,375)",
273,"(145,1016)","(442,996)","(50,1002)","(1350,730)","(1086,820)","(1337,677)","(524,650)","(321,432)","(83,103)",,,,,
274,"(145,1017)","(439,998)","(50,1002)","(1350,730)","(1086,821)","(1339,672)","(523,650)","(321,433)","(82,104)",,,,,
275,"(145,1017)","(441,996)","(50,1002)","(1350,728)","(1086,821)","(1337,676)","(524,650)","(322,433)","(81,99)",,,,,
276,"(144,1017)","(438,997)","(49,1002)","(1351,728)","(1086,821)","(1337,676)","(523,650)","(321,432)","(83,104)",,,,,
277,"(144,1017)","(438,997)","(49,1002)","(1351,729)","(1083,822)","(1337,673)","(523,651)","(321,433)","(82,104)",,,,,
278,"(144,1017)","(438,997)","(49,1002)","(1350,729)","(1083,823)","(1338,671)","(523,651)","(321,433)","(82,104)",,,,,
279,"(144,1017)","(438,997)","(48,1003)","(1351,728)","(1085,821)","(1336,675)","(523,651)","(321,433)","(80,99)",,,,,
280,"(144,1017)","(438,998)","(48,1002)","(1351,726)","(1084,823)","(1337,675)","(523,651)","(320,433)","(82,104)",,,,,
281,"(144,1017)","(441,996)","(48,1002)","(1350,726)","(1086,821)","(1336,673)","(519,651)","(320,432)","(82,104)",,,,,
282,"(145,1016)","(441,996)","(49,1002)","(1351,726)","(1086,821)","(1338,672)","(522,651)","(320,432)","(82,104)",,,,,
283,"(145,1016)","(441,996)","(49,1002)","(1350,723)","(1084,822)","(1338,667)","(522,651)","(320,433)","(82,104)",,,,,
284,"(145,1016)","(438,997)","(48,1002)","(1349,724)","(1085,821)","(1337,671)","(522,651)","(320,432)","(82,103)",,,,,
285,"(145,1017)","(438,997)","(49,1002)","(1349,723)","(1084,823)","(1338,666)","(522,652)","(320,432)","(82,103)",,,,,
286,"(145,1017)","(438,998)","(49,1002)","(1349,721)","(1083,823)","(1340,670)","(522,652)","(321,433)","(83,104)",,,,,
287,"(145,1017)","(441,996)","(50,1002)","(1349,721)","(1084,823)","(1338,670)","(520,652)","(321,433)","(81,100)","(50,90)",,,,
288,"(145,1016)","(441,996)","(50,1003)","(1350,720)","(1084,823)","(1342,669)","(520,652)","(321,432)","(83,103)","(50,87)",,,,
289,"(145,1017)","(441,996)","(50,1003)","(1349,720)","(1084,823)","(1338,668)","(523,652)","(321,433)","(83,104)",,,,,
290,"(145,1017)","(441,996)","(50,1003)","(1351,720)","(1084,823)","(1337,668)","(523,652)","(321,433)","(83,104)",,,,,
291,"(145,1017)","(439,997)","(50,1002)","(1350,717)","(1084,823)","(1341,667)","(524,652)","(321,433)","(83,104)",,,,,
292,"(145,1017)","(442,996)","(50,1003)","(1350,719)","(1084,823)","(1336,666)","(524,652)","(321,433)","(83,104)",,,,,
293,"(145,1017)","(441,997)","(50,1003)","(1350,717)","(1084,823)","(1339,667)","(524,652)","(321,433)","(83,104)",,,,,
294,"(145,1017)","(441,997)","(50,1002)","(1350,712)","(1086,823)","(1336,666)","(524,653)","(321,433)","(83,104)",,,,"(46,380)",
295,"(144,1017)","(441,997)","(50,1002)","(1350,710)","(1083,823)","(1341,665)","(524,652)","(321,433)","(83,104)",,,,,
296,"(145,1017)","(438,998)","(50,1003)","(1350,714)","(1083,823)","(1339,663)","(524,652)","(321,433)","(82,104)",,,,,
297,"(144,1016)","(441,996)","(49,1002)","(1350,714)","(1085,820)","(1336,662)","(524,651)","(321,432)","(82,104)",,,"(1221,58)",,
298,"(148,1016)","(437,997)","(49,1001)","(1350,712)","(1082,823)","(1333,661)","(525,652)","(320,433)","(82,104)",,,,,
299,"(148,1016)","(440,996)","(49,1002)","(1350,714)","(1085,821)","(1334,660)","(525,652)","(320,433)","(82,104)",,,,,
300,"(148,1016)","(437,997)","(49,1002)","(1350,711)","(1085,821)","(1337,653)","(526,653)","(320,432)","(82,103)",,,,,
301,"(144,1016)","(437,997)","(49,1001)","(1350,714)","(1085,821)","(1335,656)","(527,653)","(320,432)","(82,103)",,,,,
302,"(145,1016)","(441,996)","(49,1001)","(1350,707)","(1085,821)","(1338,655)","(525,654)","(320,433)","(82,104)",,,,,
303,"(145,1016)","(438,997)","(49,1002)","(1350,709)","(1082,822)","(1336,658)","(525,654)","(320,432)","(82,103)",,,,,
304,"(144,1016)","(441,996)","(49,1002)","(1350,712)","(1085,821)","(1340,656)","(530,654)","(320,433)","(82,104)",,,,,
305,"(149,1016)","(438,997)","(48,1001)","(1350,710)","(1085,820)","(1339,656)","(529,653)","(321,432)","(82,104)",,,,,
306,"(145,1016)","(441,996)","(48,1001)","(1350,711)","(1086,821)","(1335,655)","(526,653)","(321,432)","(80,100)",,,,,
307,"(145,1016)","(441,996)","(49,1001)","(1349,708)","(1086,821)","(1338,655)","(530,653)","(321,432)","(83,103)",,,,,
308,"(145,1016)","(441,996)","(49,1002)","(1350,708)","(1086,821)","(1334,655)","(532,654)","(321,432)","(80,100)",,,,,
309,"(145,1017)","(442,996)","(49,1002)","(1350,708)","(1086,821)","(1334,656)","(532,655)","(322,433)","(83,104)",,,,,
310,"(145,1017)","(441,996)","(49,1002)","(1349,708)","(1086,821)","(1335,652)","(527,654)","(321,433)","(80,100)",,,,,
311,"(145,1017)","(441,996)","(50,1002)","(1348,705)","(1086,821)","(1336,652)","(528,653)","(322,433)","(83,104)",,,,,
312,"(145,1017)","(441,996)","(49,1002)","(1348,705)","(1086,821)","(1335,655)","(528,654)","(321,433)","(83,104)",,,,,
313,"(145,1017)","(441,996)","(49,1002)","(1348,705)","(1086,821)","(1334,654)","(533,657)","(321,433)","(83,104)",,,"(1237,55)",,
314,"(149,1017)","(438,998)","(49,1002)","(1349,708)","(1086,821)","(1339,651)","(528,655)","(321,433)","(83,104)",,,,,
315,"(149,1017)","(438,998)","(49,1002)","(1350,705)","(1086,821)","(1335,651)","(528,654)","(321,433)","(83,104)",,,,,
316,"(145,1017)","(441,996)","(49,1002)","(1349,708)","(1086,821)","(1336,652)","(528,654)","(320,432)","(82,104)",,,,,
317,"(145,1016)","(441,996)","(49,1002)","(1349,708)","(1086,821)","(1336,652)","(529,654)","(320,433)","(82,103)",,,,,
318,"(149,1016)","(440,996)","(48,1002)","(1348,705)","(1085,821)","(1342,650)","(528,654)","(321,432)","(82,103)",,,,,
319,"(148,1015)","(440,996)","(48,1002)","(1349,705)","(1085,821)","(1337,650)","(528,654)","(321,432)","(82,103)",,,,,
320,"(145,1016)","(438,997)","(49,1002)","(1349,706)","(1085,820)","(1336,651)","(528,654)","(320,432)","(82,103)",,,,,
321,"(145,1015)","(438,997)","(49,1002)","(1350,705)","(1085,821)","(1336,651)","(528,654)","(320,432)","(82,103)",,,,,
322,"(148,1015)","(440,995)","(49,1001)","(1350,704)","(1085,820)","(1336,650)","(529,654)","(320,432)","(82,103)",,,,,
323,"(149,1015)","(438,997)","(49,1001)","(1350,706)","(1086,820)","(1342,649)","(529,654)","(321,432)","(82,103)",,,,,
324,"(145,1015)","(438,997)","(49,1001)","(1349,705)","(1085,820)","(1333,649)","(529,654)","(321,432)","(82,103)",,,,,
325,"(145,1016)","(441,996)","(48,1001)","(1350,704)","(1085,821)","(1334,649)","(529,654)","(321,432)","(82,103)",,,,,
326,"(144,1016)","(438,997)","(49,1002)","(1350,704)","(1085,820)","(1334,650)","(532,655)","(321,432)","(82,103)",,,,,
327,"(144,1016)","(441,996)","(49,1002)","(1350,700)","(1085,821)","(1339,649)","(533,655)","(321,432)","(82,104)",,,"(1221,58)",,
328,"(145,1016)","(441,996)","(49,1003)","(1350,700)","(1086,821)","(1336,651)","(533,655)","(321,433)","(83,104)",,,"(1221,57)",,
329,"(145,1016)","(441,996)","(49,1003)","(1350,700)","(1086,821)","(1338,651)","(533,655)","(321,433)","(83,104)",,,,,
330,"(145,1016)","(442,997)","(50,1003)","(1349,697)","(1086,821)","(1340,651)","(531,655)","(321,433)","(83,104)",,,,,
331,"(149,1016)","(441,997)","(49,1002)","(1350,700)","(1086,821)","(1336,651)","(533,656)","(321,433)","(83,104)",,,,,
332,"(145,1017)","(441,997)","(49,1002)","(1351,699)","(1086,821)","(1341,650)","(530,655)","(321,433)","(83,104)",,,,,
333,"(145,1016)","(441,996)","(49,1002)","(1350,698)","(1086,821)","(1341,648)","(529,655)","(321,433)","(82,104)",,,,"(46,384)",
334,"(145,1016)","(438,998)","(49,1002)","(1351,693)","(1086,821)","(1336,647)","(529,655)","(321,433)","(82,104)",,,,,
335,"(144,1016)","(438,998)","(48,1003)","(1351,692)","(1086,821)","(1337,646)","(532,655)","(321,433)","(83,104)",,,,,
336,"(145,1016)","(438,998)","(48,1003)","(1351,689)","(1086,820)","(1338,645)","(532,654)","(321,432)","(82,103)",,,"(1221,58)",,
337,"(145,1016)","(438,998)","(48,1002)","(1348,690)","(1086,820)","(1338,644)","(529,654)","(321,432)","(82,103)",,,"(1221,57)",,
338,"(145,1016)","(438,998)","(48,1002)","(1350,687)","(1085,821)","(1338,643)","(528,654)","(320,432)","(82,104)",,"(1114,52)","(1220,57)",,
339,"(144,1016)","(437,998)","(48,1002)","(1350,685)","(1085,820)","(1339,641)","(528,654)","(320,432)","(82,103)",,"(1114,52)","(1220,57)","(46,383)",
340,"(144,1015)","(437,998)","(48,1002)","(1350,688)","(1085,821)","(1340,642)","(528,654)","(320,432)","(82,103)",,"(1114,52)","(1221,57)",,
341,"(144,1016)","(438,998)","(48,1002)","(1350,688)","(1085,820)","(1336,642)","(528,654)","(320,432)","(82,103)",,"(1114,52)","(1220,57)",,
342,"(144,1015)","(438,998)","(48,1002)","(1350,684)","(1085,821)","(1336,640)","(528,654)","(320,432)","(82,103)",,,"(1221,57)",,
343,"(144,1016)","(437,998)","(48,1003)","(1350,686)","(1085,821)","(1337,639)","(528,654)","(320,432)","(82,103)",,,"(1221,57)",,
344,"(145,1016)","(438,998)","(49,1002)","(1351,685)","(1086,821)","(1337,635)","(532,655)","(321,432)","(82,103)",,,,,
345,"(145,1016)","(438,998)","(49,1003)","(1351,681)","(1086,821)","(1344,640)","(530,655)","(321,432)","(80,100)",,,,,
346,"(145,1016)","(438,998)","(49,1002)","(1351,681)","(1086,820)","(1343,639)","(532,655)","(321,432)","(82,104)",,,,,
347,"(145,1017)","(441,996)","(49,1003)","(1351,683)","(1086,821)","(1340,635)","(529,655)","(321,433)","(80,99)",,,,,
348,"(145,1017)","(438,998)","(49,1003)","(1351,680)","(1086,821)","(1339,635)","(529,655)","(321,432)","(82,104)",,,,,
349,"(145,1016)","(438,998)","(49,1003)","(1351,680)","(1086,821)","(1337,636)","(530,655)","(321,433)","(82,104)",,,,,
350,"(145,1016)","(442,996)","(49,1002)",,"(1086,821)","(1340,634)","(530,655)","(321,433)","(80,100)",,,,,
351,"(145,1016)","(438,998)","(49,1003)","(1351,680)","(1086,821)","(1339,633)","(530,655)","(321,433)","(81,100)",,,,,
352,"(145,1016)","(438,998)","(49,1003)","(1351,680)","(1086,821)","(1341,632)","(530,655)","(321,433)","(82,104)",,,,,
353,"(145,1016)","(438,998)","(48,1002)","(1350,679)","(1086,822)","(1341,632)","(532,655)","(321,433)","(82,104)",,,"(1221,58)",,
354,"(145,1016)","(438,998)","(48,1002)","(1350,679)","(1086,821)","(1337,631)","(529,654)","(321,432)","(82,104)",,"(1114,52)","(1221,57)",,
355,"(144,1016)","(438,998)","(48,1002)","(1350,677)","(1085,820)","(1337,631)","(528,654)","(320,432)","(82,104)",,,"(1220,57)",,
356,"(144,1015)","(438,998)","(48,1002)","(1349,673)","(1086,821)","(1337,630)","(529,654)","(320,432)","(82,104)",,"(1114,52)","(1221,57)",,
357,"(144,1015)","(437,998)","(49,1000)","(1350,676)","(1083,822)","(1336,630)","(531,653)","(320,432)","(80,99)",,,"(1221,57)","(46,332)",
358,"(144,1016)","(437,997)","(49,1002)","(1350,676)","(1083,822)","(1335,627)","(532,653)","(320,432)","(79,99)",,,"(1221,57)","(46,332)",
359,"(148,1015)","(437,997)","(48,1003)","(1350,675)","(1082,822)","(1336,629)","(531,654)","(319,432)","(82,102)",,,"(1220,57)",,
360,"(144,1015)","(437,997)","(48,1001)","(1350,674)","(1084,822)","(1336,630)","(532,653)","(320,432)","(80,98)",,,,"(46,333)",
361,"(144,1015)","(437,997)","(48,1002)","(1350,673)","(1084,822)","(1336,624)","(529,654)","(320,432)","(80,99)",,,,"(46,333)",
362,"(144,1016)","(437,997)","(48,1002)","(1350,673)","(1083,822)","(1336,624)","(529,654)","(320,432)","(80,99)",,,,,
363,"(144,1016)","(437,997)","(48,1002)","(1350,673)","(1083,822)","(1335,623)","(529,654)","(320,432)","(82,103)",,,,"(46,332)",
364,"(144,1016)","(437,997)","(48,1002)","(1350,673)","(1085,821)","(1335,624)","(529,654)","(320,432)","(82,103)",,,,"(46,334)",
365,"(144,1016)","(437,997)","(48,1002)","(1350,673)","(1085,821)","(1332,624)","(532,654)","(320,433)","(82,103)",,,,,
366,"(144,1016)","(437,997)","(48,1002)","(1349,673)","(1085,821)","(1332,622)","(532,654)","(320,432)","(82,103)",,,,"(46,333)",
367,"(148,1016)","(441,996)","(49,1002)","(1349,673)","(1086,821)","(1333,623)","(530,654)","(320,433)","(82,103)",,,"(1220,58)",,
368,"(144,1016)","(438,998)","(50,1002)","(1349,673)","(1086,822)","(1333,625)","(530,655)","(321,433)","(80,100)",,,,,
369,"(144,1016)","(437,998)","(48,1003)","(1351,674)","(1084,823)","(1332,623)","(533,654)","(321,433)","(83,103)",,,"(1221,58)",,
370,"(145,1016)","(438,998)","(50,1003)","(1349,673)","(1085,821)","(1331,622)","(530,654)","(320,432)","(82,103)",,,"(1221,58)",,
371,"(148,1016)","(438,997)","(49,1002)","(1351,673)","(1085,821)","(1330,621)","(533,654)","(320,433)","(82,103)",,,,,
372,"(149,1016)","(438,998)","(50,1002)","(1351,673)","(1084,822)","(1331,621)","(533,654)","(320,432)","(82,103)",,,,,
373,"(144,1016)","(437,997)","(48,1002)","(1351,674)","(1085,820)","(1330,622)","(530,654)","(320,433)","(82,103)",,,,,
374,"(144,1016)","(438,997)","(49,1002)","(1351,673)","(1085,820)","(1329,619)","(530,654)","(320,432)","(82,103)",,,,,
375,"(144,1016)","(437,998)","(48,1002)","(1351,674)","(1085,821)","(1331,621)","(530,654)","(320,432)","(82,103)",,,,"(46,332)",
376,"(144,1016)","(437,998)","(48,1002)","(1351,673)","(1085,820)","(1328,621)","(533,653)","(320,432)","(82,103)",,,,,
377,"(144,1016)","(437,998)","(48,1002)","(1351,674)","(1085,820)","(1331,621)","(529,653)","(320,432)","(82,103)",,,,"(46,332)",
378,"(144,1015)","(437,998)","(48,1002)","(1351,673)","(1085,820)","(1331,621)","(530,653)","(320,432)","(82,103)",,,"(1220,57)","(46,331)",
379,"(144,1016)","(437,998)","(48,1002)","(1351,674)","(1085,820)","(1331,618)","(530,653)","(320,432)","(82,103)",,,,,
380,"(144,1016)","(437,998)","(48,1002)","(1349,673)","(1085,820)","(1331,618)","(533,654)","(320,433)","(82,103)",,,,,
381,"(144,1016)","(437,998)","(48,1002)","(1349,673)","(1085,822)","(1330,625)","(529,653)","(320,433)","(82,103)",,,,,
382,"(144,1017)","(437,998)","(48,1002)","(1349,674)","(1085,822)","(1330,618)","(530,654)","(320,432)","(82,104)",,,,,
383,"(144,1016)","(438,998)","(48,1003)","(1349,674)","(1085,823)","(1332,621)","(530,654)","(320,433)","(82,103)",,,,,
384,"(144,1016)","(437,998)","(48,1003)","(1349,674)","(1086,821)","(1332,620)","(531,653)","(320,432)","(83,103)",,,"(1221,58)",,
385,"(144,1016)","(437,998)","(48,1003)","(1349,674)","(1083,823)","(1331,620)","(533,654)","(320,433)","(82,104)",,,,,
386,"(144,1017)","(438,998)","(49,1002)","(1349,674)","(1086,822)","(1327,619)","(531,654)","(320,432)","(82,104)",,,,,
387,"(144,1017)","(437,998)","(49,1002)","(1349,674)","(1083,823)","(1332,621)","(531,654)","(320,433)","(83,104)",,,,,
388,"(145,1017)","(438,998)","(49,1003)","(1349,674)","(1086,823)","(1332,620)","(534,655)","(320,433)","(82,104)",,,,,
389,"(144,1016)","(438,998)","(48,1003)","(1349,674)","(1083,823)","(1333,620)","(535,655)","(320,433)","(83,103)",,,,,
390,"(144,1016)","(438,998)","(48,1002)","(1349,674)","(1083,823)","(1332,620)","(534,655)","(320,432)","(82,103)",,,"(1220,57)",,
391,"(144,1016)","(437,998)","(48,1002)","(1349,674)","(1086,822)","(1332,618)","(535,655)","(320,433)","(83,103)",,,,,
392,"(144,1016)","(438,998)","(48,1002)","(1349,674)","(1086,822)","(1331,619)","(534,655)","(320,432)","(82,103)",,,,,
393,"(144,1016)","(437,997)","(48,1002)","(1349,674)","(1085,820)","(1331,621)","(534,655)","(320,432)","(82,103)",,,"(1237,54)","(46,330)",
394,"(144,1015)","(437,997)","(48,1002)","(1349,674)","(1085,820)","(1331,620)","(534,655)","(320,432)","(82,103)",,,"(1236,54)",,
395,"(144,1015)","(437,997)","(48,1002)","(1349,674)","(1085,820)","(1333,619)","(531,656)","(320,432)","(82,103)",,,"(1222,57)",,
396,"(144,1015)","(437,998)","(48,1002)","(1349,674)","(1083,822)","(1333,619)","(531,657)","(320,433)","(82,103)",,,"(1220,57)",,
397,"(143,1015)","(437,997)","(48,1001)","(1349,673)","(1084,820)","(1329,620)","(530,656)","(320,432)","(82,103)",,,,,
398,"(143,1015)","(437,998)","(48,1002)","(1349,673)","(1085,821)","(1329,621)","(530,657)","(320,432)","(82,103)",,,"(1220,58)",,
399,"(144,1016)","(437,998)","(48,1002)","(1349,673)","(1085,821)","(1329,617)","(530,657)","(320,433)","(82,104)",,,,,
400,"(144,1016)","(437,998)","(48,1002)","(1349,673)","(1082,822)","(1331,616)","(530,657)","(320,432)","(82,103)",,,"(1220,57)",,
401,"(144,1016)","(437,998)","(48,1002)","(1349,673)","(1085,822)","(1330,616)","(530,657)","(320,432)","(82,103)",,,,"(46,332)",
402,"(145,1016)","(437,998)","(48,1003)","(1349,673)","(1085,821)","(1330,616)","(531,657)","(320,432)","(82,103)",,,,"(46,332)",
403,"(144,1016)","(437,998)","(48,1002)","(1349,673)","(1085,820)","(1332,619)","(531,657)","(320,433)","(82,103)",,,"(1220,58)",,
404,"(144,1016)","(437,998)","(48,1002)","(1349,674)","(1085,821)","(1330,617)","(534,658)","(320,433)","(82,104)",,,,,
405,"(149,1016)","(438,998)","(49,1002)","(1349,673)","(1086,821)","(1329,614)","(534,659)","(320,433)","(82,104)",,,,,
406,"(149,1016)","(438,998)","(49,1003)","(1349,673)","(1086,820)","(1332,616)","(534,659)","(320,432)","(82,104)",,,,,
407,"(148,1016)","(437,998)","(49,1002)","(1349,673)","(1085,820)","(1329,617)","(530,657)","(320,432)","(82,103)",,,"(1220,58)",,
408,"(144,1016)","(437,998)","(49,1002)","(1349,673)","(1085,820)","(1329,617)","(535,657)","(320,432)","(82,103)",,,"(1237,55)",,
409,"(144,1016)","(437,998)","(49,1002)","(1349,673)","(1085,820)","(1329,617)","(531,657)","(320,432)","(82,104)",,,,,
410,"(148,1016)","(437,998)","(49,1002)","(1349,673)","(1085,820)","(1328,614)","(532,657)","(320,432)","(82,103)",,,,,
411,"(144,1015)","(437,997)","(48,1002)","(1349,672)","(1085,820)",,"(531,657)","(320,432)","(82,103)",,,,,
412,"(144,1015)","(440,996)","(48,1002)","(1349,672)","(1085,822)","(1330,618)","(531,657)","(320,432)","(82,103)",,,,,
413,"(144,1015)","(437,997)","(49,1001)","(1349,673)","(1085,820)","(1331,618)","(535,657)","(320,432)","(82,103)",,,,,
414,"(144,1015)","(437,997)","(48,1002)","(1349,673)","(1082,822)","(1330,618)","(535,657)","(320,432)","(82,103)",,,,,
415,"(144,1015)","(437,997)","(48,1001)","(1349,673)","(1084,820)","(1330,618)","(531,657)","(319,432)","(82,103)",,,,,
416,"(144,1015)","(437,997)","(48,1002)","(1349,676)","(1084,820)","(1330,619)","(531,657)","(319,432)","(82,103)",,,"(1220,57)",,
417,"(144,1015)","(440,996)","(48,1002)","(1348,673)","(1085,820)","(1331,619)","(535,657)","(320,432)","(82,103)",,,,,
418,"(144,1015)","(437,998)","(48,1000)","(1349,673)","(1084,820)","(1331,620)","(538,657)","(320,432)","(82,103)",,,,,
419,"(144,1015)","(440,996)","(48,1000)","(1349,672)","(1084,820)","(1330,621)","(531,657)","(320,432)","(82,103)",,,,,
420,"(144,1016)","(439,996)","(48,1000)","(1349,673)","(1084,821)","(1333,625)","(534,657)","(320,433)","(82,104)",,,,,
421,"(144,1016)","(437,998)","(48,1001)","(1348,675)","(1085,820)","(1332,622)","(532,657)","(320,433)","(82,103)",,,,,
422,"(144,1015)","(440,996)","(48,1002)","(1348,675)","(1085,820)","(1334,624)","(532,657)","(320,433)","(82,104)",,,,,
423,"(144,1016)","(440,997)","(48,1002)","(1347,675)","(1085,820)","(1334,624)","(532,657)","(320,432)","(82,103)",,,,,
424,"(144,1015)","(437,998)","(48,1002)","(1347,675)","(1085,820)","(1334,625)","(532,657)","(320,433)","(82,104)",,,,,
425,"(144,1016)","(440,997)","(48,1002)","(1346,676)","(1085,820)","(1334,626)","(532,657)","(320,432)","(82,103)",,,,,
426,"(144,1016)","(437,997)","(48,1002)","(1346,675)","(1086,820)","(1335,626)","(532,657)","(320,432)","(82,103)",,,,,
427,"(144,1016)","(437,997)","(48,1002)","(1345,675)","(1085,820)","(1335,626)","(532,657)","(320,432)","(82,103)",,,,,
428,"(145,1016)","(438,997)","(48,1002)","(1345,675)","(1086,820)","(1335,626)","(532,657)","(321,432)","(82,103)",,,,,
429,"(145,1015)","(437,998)","(48,1002)","(1345,675)","(1085,820)","(1335,630)","(535,656)","(320,432)","(82,103)",,,,,
430,"(148,1015)","(437,997)","(48,1001)","(1345,675)","(1085,820)","(1335,626)","(535,656)","(320,432)","(82,103)",,,,,
431,"(144,1015)","(437,998)","(48,1002)","(1345,675)","(1085,820)","(1335,625)","(535,656)","(320,432)","(82,103)",,,,,
432,"(144,1015)","(437,998)","(48,1002)","(1345,675)","(1085,820)","(1335,625)","(535,656)","(320,432)","(82,103)",,,,,
433,"(144,1015)","(437,998)","(48,1002)","(1345,676)","(1083,822)","(1335,626)","(535,657)","(320,432)","(82,103)",,,,,
434,"(144,1016)","(437,998)","(48,1001)","(1345,676)","(1085,820)",,"(534,657)","(320,432)","(82,104)",,,,,
435,"(144,1016)","(437,998)","(48,1002)","(1345,676)","(1085,820)","(1335,627)","(534,657)","(320,432)","(82,104)",,,,,
436,"(144,1016)","(437,998)","(48,1002)","(1345,676)","(1085,821)","(1335,628)","(534,657)","(320,432)","(82,104)",,,,,
437,"(144,1016)","(436,998)","(48,1002)","(1345,676)","(1084,821)","(1334,627)","(533,657)","(319,432)","(82,104)",,,,,
438,"(148,1016)","(437,998)","(48,1002)","(1345,676)","(1082,822)","(1335,631)","(531,657)","(320,432)","(82,104)",,,,,
439,"(144,1016)","(437,998)","(48,1002)","(1345,676)","(1085,820)","(1336,628)","(531,657)","(320,433)","(82,104)",,,,,
440,"(148,1017)","(437,998)","(48,1002)","(1345,676)","(1085,821)","(1337,628)","(532,658)","(320,433)","(83,104)",,,,,
441,"(144,1017)","(437,999)","(48,1003)","(1345,677)","(1085,821)","(1338,628)","(534,658)","(320,432)","(82,104)",,,,,
442,"(145,1017)","(437,998)","(48,1002)","(1345,677)","(1086,821)","(1338,621)","(533,658)","(320,433)","(82,104)",,,,,
443,"(145,1017)","(437,998)","(49,1002)","(1345,677)","(1085,821)","(1338,621)","(533,658)","(320,433)","(82,104)",,,,,
444,"(144,1017)","(438,998)","(48,1002)","(1345,676)","(1085,820)","(1337,621)","(535,657)","(320,432)","(82,104)",,,"(1221,58)",,
445,"(144,1017)","(440,996)","(48,1003)","(1345,677)","(1085,821)","(1337,621)","(534,658)","(320,432)","(82,104)",,,,,
446,"(144,1016)","(437,998)","(48,1002)","(1345,676)","(1085,820)","(1338,620)","(534,657)","(320,432)","(82,104)",,,,"(46,387)",
447,"(145,1016)","(437,998)","(48,1002)","(1345,676)","(1086,819)","(1338,620)","(534,657)","(320,432)","(82,104)",,,"(1221,58)",,
448,"(145,1016)","(437,998)","(48,1002)","(1345,676)","(1084,821)","(1338,625)","(535,657)","(320,432)","(82,103)",,,,,
449,"(145,1015)","(437,997)","(48,1002)","(1345,677)","(1084,819)","(1338,625)","(535,657)","(320,432)","(82,104)",,,,,
450,"(144,1016)","(437,998)","(48,1002)","(1345,676)","(1084,819)","(1340,628)","(534,657)","(320,432)","(82,103)",,,,,
451,"(144,1016)","(437,998)","(48,1002)","(1345,675)","(1085,818)","(1338,625)","(534,656)","(320,432)","(82,104)",,,,,
452,"(144,1016)","(437,998)","(48,1001)","(1345,675)","(1087,816)","(1342,625)","(534,657)","(320,432)","(82,104)",,,,,
453,"(148,1016)","(437,998)","(48,1002)","(1345,676)","(1082,818)","(1339,625)","(534,657)","(320,432)","(82,103)",,,,,
454,"(148,1016)","(437,998)","(48,1001)","(1345,676)","(1081,819)","(1339,625)","(534,657)","(320,432)","(82,103)",,,"(1220,57)",,
455,"(148,1016)","(437,998)","(48,1002)","(1345,676)","(1084,818)","(1338,625)","(532,657)","(320,432)","(82,104)",,,,,
456,"(148,1016)","(437,998)","(48,1002)","(1345,676)","(1082,819)","(1339,627)","(532,657)","(320,432)","(82,104)",,,"(1221,58)",,
457,"(148,1016)","(437,997)","(48,1001)","(1345,676)","(1085,817)","(1340,629)","(534,657)","(320,433)","(82,104)",,,"(1221,58)",,
458,"(148,1016)","(437,998)","(48,1001)","(1345,676)","(1087,817)","(1341,627)","(534,657)","(320,432)","(82,104)",,,,,
459,"(148,1016)","(440,997)","(48,1002)","(1345,676)","(1088,817)","(1342,628)","(535,657)","(320,433)","(82,104)",,,,"(46,332)",
460,"(149,1016)","(437,998)","(48,1003)","(1345,676)","(1082,817)","(1339,628)","(535,657)","(320,432)","(82,104)",,,,"(46,332)",
461,"(148,1016)","(440,997)","(48,1002)","(1345,676)","(1088,816)","(1338,629)","(535,657)","(320,433)","(83,104)",,,,,
462,"(149,1016)","(437,998)","(48,1002)","(1345,676)","(1089,816)","(1341,630)","(535,657)","(320,433)","(82,104)",,,,,
463,"(149,1016)","(438,997)","(49,1002)","(1345,677)","(1086,815)","(1341,630)","(535,657)","(320,433)","(83,104)",,,,,
464,"(149,1016)","(441,997)","(49,1002)","(1346,675)","(1087,815)","(1341,630)","(534,657)","(320,432)","(83,103)",,,,,
465,"(145,1016)","(438,997)","(48,1003)","(1345,676)","(1089,815)","(1340,630)","(535,658)","(320,433)","(82,104)",,,"(1222,58)",,
466,"(145,1016)","(438,998)","(49,1002)","(1345,676)","(1087,816)","(1347,630)","(535,657)","(321,433)","(83,104)",,,"(1221,58)",,
467,"(149,1016)","(438,998)","(49,1002)","(1346,676)","(1089,813)","(1341,630)","(536,657)","(320,432)","(82,104)",,,,,
468,"(149,1016)","(438,998)","(49,1003)","(1346,676)","(1090,810)","(1340,630)","(535,657)","(320,432)","(82,103)",,,,,
469,"(149,1016)","(438,997)","(48,1002)","(1345,676)","(1090,810)","(1346,628)","(535,657)","(320,432)","(82,103)",,,,,
470,"(149,1016)","(437,997)","(48,1002)","(1345,676)","(1088,811)","(1341,630)","(534,657)","(320,432)","(82,104)",,,,,
471,"(149,1015)","(437,997)","(48,1002)","(1345,676)","(1088,812)","(1341,630)","(534,657)","(320,432)","(82,103)",,,,,
472,"(149,1016)","(437,998)","(48,1002)","(1345,676)","(1088,812)","(1345,628)","(534,657)","(320,432)","(82,104)",,,,,
473,"(148,1016)","(437,998)","(48,1002)","(1345,676)","(1089,812)","(1345,628)","(534,657)","(320,432)","(80,100)",,,,,
474,"(148,1016)","(437,998)","(48,1002)","(1345,677)","(1089,811)","(1341,629)","(534,657)","(320,432)","(82,104)",,,"(1220,57)",,
475,"(149,1017)","(437,998)","(48,1002)","(1346,676)","(1089,815)","(1341,630)","(535,657)","(320,432)","(82,104)",,,,,
476,"(149,1016)","(437,998)","(49,1001)","(1346,678)","(1092,811)","(1349,629)",,"(321,432)","(82,103)",,,"(1221,58)",,
477,"(144,1016)","(437,998)","(48,1001)","(1345,678)","(1087,814)","(1347,629)",,"(320,432)","(82,103)",,,,,
478,"(149,1016)","(437,998)","(49,1002)","(1346,676)","(1087,814)","(1343,630)","(527,657)","(320,432)","(82,103)",,,"(1221,57)",,
479,"(149,1016)","(437,998)","(48,1002)","(1346,676)","(1088,814)","(1345,629)","(527,657)","(321,432)","(83,103)",,,,,
480,"(149,1016)","(437,998)","(49,1002)","(1346,676)","(1087,814)","(1347,640)","(527,657)","(321,433)","(83,103)",,,"(1221,58)",,
481,"(149,1015)","(437,998)","(49,1002)","(1346,676)","(1087,814)","(1347,630)","(527,657)","(321,432)","(83,103)",,,,,
482,"(149,1016)","(438,998)","(49,1002)","(1346,674)","(1088,814)","(1344,631)","(527,657)","(321,433)","(83,103)",,,"(1221,58)",,
483,"(149,1016)","(438,998)","(49,1002)","(1347,677)","(1087,814)","(1344,631)","(527,657)","(321,432)","(82,103)",,,,,
484,"(145,1016)","(438,998)","(49,1002)","(1347,676)","(1088,813)","(1349,630)",,"(321,432)","(83,103)",,,"(1221,57)",,
485,"(149,1015)","(438,998)","(49,1002)","(1347,675)","(1088,813)","(1349,629)","(531,657)","(321,432)","(83,103)",,,"(1221,57)",,
486,"(145,1016)","(438,998)","(49,1002)","(1348,675)","(1088,813)","(1349,629)","(531,657)","(321,432)","(83,102)",,,,,
487,"(145,1016)","(441,997)","(49,1002)","(1348,675)","(1092,813)","(1349,629)",,"(321,432)","(83,103)",,,"(1221,57)","(48,301)",
488,"(149,1015)","(438,998)","(49,1002)","(1348,671)","(1089,813)","(1349,629)","(527,657)","(321,432)","(83,103)",,,,,
489,"(145,1016)","(438,998)","(49,1002)","(1348,674)","(1092,812)","(1349,629)","(527,656)","(321,432)","(83,103)",,,,,
490,"(149,1015)","(441,997)","(49,1002)","(1348,675)","(1089,813)","(1341,635)",,"(321,432)","(83,103)",,,,,
491,"(145,1015)","(437,998)","(48,1002)","(1348,675)","(1088,813)","(1344,631)","(527,657)","(321,432)","(82,103)",,,,,
492,"(149,1015)","(440,997)","(48,1002)","(1348,675)","(1091,812)",,"(531,657)","(321,432)","(82,103)",,,,,
493,"(149,1016)","(440,997)","(48,1002)","(1348,675)","(1091,813)",,"(531,657)","(320,432)","(82,103)",,,"(1221,58)",,
494,"(144,1016)","(440,997)","(48,1002)","(1348,675)","(1092,813)","(1340,635)","(531,657)","(320,432)","(82,103)",,,,,
495,"(144,1016)","(440,997)","(48,1002)","(1348,675)","(1089,814)","(1340,636)","(531,658)","(321,433)","(82,103)",,,"(1221,58)",,
496,"(144,1016)","(440,997)","(48,1002)","(1348,675)","(1092,813)","(1340,636)","(531,657)","(321,432)","(82,103)",,,,,
497,"(144,1016)","(440,997)","(48,1002)","(1348,675)","(1092,813)","(1344,632)","(531,656)","(321,433)","(82,103)",,,"(1220,58)",,
498,"(145,1016)","(440,997)","(48,1002)","(1348,675)","(1089,814)","(1340,636)","(531,656)","(321,433)","(80,100)",,,"(1221,57)",,
499,"(145,1016)","(440,997)","(48,1002)","(1348,675)","(1089,813)","(1340,636)","(531,657)","(321,432)","(80,99)",,,"(1221,57)",,
500,"(145,1016)","(441,996)","(49,1002)","(1349,675)","(1093,812)","(1342,632)","(531,656)","(321,432)","(82,103)",,,"(1221,57)",,
501,"(145,1016)","(437,998)","(49,1002)","(1348,674)","(1093,811)","(1344,631)","(531,656)","(321,432)","(83,103)",,,,,
502,"(145,1016)","(441,996)","(49,1001)","(1349,674)","(1094,811)","(1344,632)","(531,656)","(321,432)","(82,103)",,,"(1221,57)","(43,345)",
503,"(145,1016)","(440,997)","(49,1002)","(1348,674)","(1094,810)","(1344,632)","(531,656)","(321,432)","(82,103)",,,"(1221,57)",,
504,"(145,1016)","(438,998)","(49,1002)","(1348,674)","(1094,810)","(1341,632)","(531,656)","(321,432)","(83,103)",,,,,
505,"(145,1016)","(440,996)","(49,1002)","(1348,674)","(1095,810)","(1341,632)","(531,656)","(321,432)","(83,103)",,,"(1222,57)",,
506,"(145,1016)","(438,998)","(49,1002)","(1348,674)","(1095,809)","(1340,635)","(531,656)","(321,432)","(82,102)",,,"(1221,57)",,
507,"(145,1016)","(441,997)","(49,1002)","(1348,674)","(1095,809)","(1340,635)","(531,656)","(321,432)","(83,103)",,,"(1221,57)",,
508,"(145,1016)","(441,996)","(49,1002)","(1348,674)","(1092,810)","(1344,632)","(531,656)","(321,432)","(83,103)",,,"(1221,57)",,
509,"(144,1016)","(440,996)","(48,1002)","(1348,674)","(1095,809)","(1344,632)","(531,656)","(321,432)","(83,103)",,,"(1221,57)",,
510,"(145,1016)","(437,998)","(49,1002)","(1348,674)","(1096,809)","(1344,632)","(538,657)","(321,432)","(82,103)",,,,,
511,"(144,1016)","(440,996)","(48,1002)","(1348,674)","(1097,808)","(1344,632)","(538,657)","(320,432)","(82,103)",,,,,
512,"(145,1016)","(440,996)","(49,1002)","(1348,674)","(1094,808)","(1344,632)","(531,656)","(321,432)","(80,100)",,,,,
513,"(149,1017)","(440,996)","(48,1003)","(1348,675)","(1095,808)","(1344,632)","(537,657)","(321,433)","(82,103)",,,,,
514,"(145,1016)","(438,998)","(50,1002)","(1348,674)","(1099,805)","(1344,632)","(537,657)","(321,432)","(80,100)",,,"(1221,57)",,
515,"(145,1016)","(437,998)","(49,1002)","(1348,673)","(1100,804)","(1341,632)","(538,657)","(321,432)","(80,100)",,,"(1221,58)",,
516,"(145,1016)","(440,996)","(49,1002)","(1348,674)","(1100,806)","(1344,633)","(538,657)","(321,433)","(80,100)",,,"(1221,57)",,
517,"(149,1016)","(441,997)","(49,1002)","(1348,674)","(1102,807)","(1344,633)","(538,657)","(321,433)","(82,103)",,,"(1221,57)",,
518,"(145,1016)","(440,996)","(49,1002)","(1348,674)","(1099,807)","(1344,631)","(539,656)","(321,432)","(81,99)",,,"(1221,57)",,
519,"(145,1016)","(440,996)","(49,1002)","(1348,674)","(1099,807)","(1344,632)","(540,657)","(321,432)","(82,103)",,,"(1221,58)",,
520,"(145,1016)","(438,998)","(49,1002)","(1349,674)","(1102,807)","(1344,632)","(540,657)","(321,432)","(83,103)",,,"(1221,57)",,
521,"(145,1016)","(441,995)","(49,1002)","(1349,674)","(1102,807)","(1340,636)","(540,657)","(322,433)","(80,99)",,,"(1221,57)",,
522,"(145,1015)","(438,998)","(49,1001)","(1348,668)","(1099,807)","(1344,631)","(540,657)","(321,432)","(81,99)",,,,,
523,"(145,1016)","(438,998)","(49,1002)","(1349,668)","(1102,806)","(1344,631)","(540,657)","(321,432)","(81,99)",,,"(1221,57)",,
524,"(145,1016)","(438,998)","(49,1002)","(1349,674)","(1100,807)","(1340,636)","(539,658)","(321,432)","(81,99)",,,"(1221,57)",,
525,"(145,1016)","(438,998)","(49,1002)","(1349,674)","(1100,807)","(1340,635)","(536,658)","(322,432)","(81,99)",,,,,
526,"(145,1016)","(441,997)","(49,1002)","(1349,673)","(1103,806)","(1340,636)","(540,657)","(321,432)","(80,99)",,,,,
527,"(145,1016)","(440,997)","(48,1003)","(1349,674)","(1099,808)","(1340,636)","(539,658)","(321,432)","(83,103)",,,,,
528,"(145,1017)","(438,999)","(48,1002)","(1349,673)","(1100,808)","(1339,636)","(539,658)","(321,432)","(82,103)",,,,,
529,"(150,1017)","(437,998)","(48,1002)","(1349,672)","(1100,808)","(1343,633)","(539,658)","(321,433)","(80,99)",,,,,
530,"(149,1017)","(440,997)","(48,1002)","(1349,671)","(1100,808)","(1343,633)","(539,658)","(321,433)","(80,99)",,,"(1220,58)",,
531,"(149,1017)","(440,996)","(48,1002)","(1349,671)","(1099,809)","(1343,634)","(539,658)","(321,433)","(80,100)",,,"(1221,58)",,
532,"(149,1017)","(440,996)","(48,1002)","(1349,670)","(1101,808)","(1343,633)","(539,658)","(321,432)","(82,103)",,,"(1221,58)",,
533,"(149,1016)","(440,996)","(49,1002)","(1349,669)","(1099,808)","(1339,637)","(539,658)","(321,432)","(80,99)",,,"(1220,58)",,
534,"(149,1017)","(440,997)","(48,1002)","(1349,669)","(1099,809)","(1343,633)","(539,658)","(321,432)","(80,100)",,,"(1220,57)",,
535,"(149,1017)","(440,996)","(48,1002)","(1349,669)","(1099,808)","(1343,633)","(539,659)","(321,433)","(80,100)",,,,,
536,"(149,1017)","(440,996)","(48,1002)","(1350,668)","(1100,808)","(1343,633)","(539,658)","(321,433)","(80,99)",,,"(1220,57)",,
537,"(149,1017)","(440,995)","(48,1002)","(1350,664)","(1099,808)","(1343,633)","(539,658)","(321,433)","(80,99)",,,"(1221,57)",,
538,"(150,1017)","(440,996)","(48,1002)","(1349,663)","(1100,808)","(1343,633)","(539,658)","(321,432)","(80,99)",,,"(1221,57)",,
539,"(149,1017)","(440,995)","(48,1002)","(1350,663)","(1102,806)","(1343,633)","(538,658)","(321,432)","(80,99)",,,"(1221,58)",,
540,"(150,1017)","(441,997)","(49,1002)","(1350,666)","(1100,807)","(1343,633)","(539,658)","(321,432)","(81,99)",,,"(1222,58)",,
541,"(150,1017)","(441,997)","(49,1002)","(1349,665)","(1100,807)","(1343,633)","(538,658)","(321,432)","(83,103)",,,,,
542,"(150,1017)","(441,996)","(49,1002)","(1350,666)","(1103,806)","(1342,632)","(538,658)","(321,432)","(82,103)",,,,,
543,"(150,1016)","(441,995)","(49,1002)","(1349,666)","(1103,805)","(1342,632)","(538,658)","(321,432)","(80,99)",,,"(1221,58)",,
544,"(150,1016)","(441,995)","(49,1002)","(1349,666)","(1103,806)","(1343,633)","(539,658)","(321,432)","(81,99)",,,,,
545,"(145,1016)","(441,996)","(49,1002)","(1349,666)","(1103,806)","(1341,632)","(538,658)","(321,433)","(80,99)",,,"(1222,58)",,
546,"(145,1016)","(441,995)","(49,1002)","(1342,651)","(1103,806)",,"(539,658)","(321,433)","(80,100)",,,"(1222,58)",,
547,"(145,1017)","(438,998)","(49,1002)","(1342,651)","(1103,806)",,"(539,658)","(322,433)","(83,104)",,,"(1222,58)",,
548,"(150,1017)","(441,996)","(49,1003)","(1349,665)","(1103,806)","(1341,632)","(539,658)","(321,433)","(81,100)",,,"(1220,58)",,
549,"(150,1017)","(441,996)","(49,1002)","(1349,664)","(1103,806)","(1341,632)","(539,658)","(321,432)","(83,103)",,,,,
550,"(149,1017)","(440,996)","(48,1002)","(1342,651)","(1103,806)",,"(539,658)","(320,433)","(80,100)",,,"(1220,58)",,
551,"(149,1017)","(440,997)","(48,1002)",,"(1103,806)",,"(539,658)","(320,433)","(80,100)",,,"(1220,58)",,
552,"(150,1017)","(440,996)","(49,1002)","(1349,663)","(1103,806)","(1340,631)","(539,658)","(321,433)","(81,100)",,,"(1221,58)",,
553,"(145,1017)","(440,995)","(48,1002)","(1348,649)","(1103,806)","(1339,632)","(539,658)","(321,432)","(82,103)",,,"(1220,57)",,
554,"(150,1017)","(440,997)","(48,1002)","(1349,661)","(1103,806)","(1339,632)","(539,658)","(320,432)","(80,99)",,,,,
555,"(145,1017)","(440,997)","(48,1002)","(1349,662)","(1100,806)","(1339,632)","(539,658)","(321,432)","(82,103)",,,,,
556,"(145,1017)","(440,995)","(48,1002)",,"(1100,806)",,"(539,658)","(321,432)","(82,104)",,,"(1220,58)",,
557,"(149,1016)","(440,996)","(48,1002)","(1341,649)","(1104,805)",,"(539,658)","(320,432)","(82,103)",,,,"(46,338)",
558,"(150,1017)","(440,996)","(48,1002)","(1342,648)","(1104,805)",,"(539,658)","(321,432)","(83,103)",,,,,
559,"(150,1016)","(437,998)","(49,1002)","(1342,648)","(1102,806)",,"(539,658)","(321,432)","(83,103)",,,,,
560,"(150,1016)","(437,998)","(48,1002)","(1342,648)","(1103,807)",,"(539,658)","(321,432)","(82,103)",,,"(1220,57)",,
561,"(150,1016)","(437,998)","(48,1002)","(1342,648)","(1106,806)",,"(539,658)","(321,432)","(82,103)",,,,,
562,"(150,1016)","(438,998)","(49,1002)","(1349,662)","(1106,806)","(1339,629)","(540,658)","(321,432)","(83,103)",,,"(1220,57)",,
563,"(150,1017)","(437,999)","(48,1002)","(1349,663)","(1105,806)","(1338,629)","(539,658)","(321,433)","(83,103)",,,,,
564,"(150,1017)","(437,998)","(48,1002)","(1349,663)","(1105,806)","(1338,629)","(539,658)","(321,432)","(83,103)",,,"(1220,57)",,
565,"(150,1017)","(438,998)","(49,1003)","(1349,663)","(1105,806)","(1338,629)","(539,658)","(321,433)","(83,103)",,,"(1221,58)",,
566,"(150,1017)","(441,997)","(49,1002)","(1349,663)","(1105,806)","(1338,629)","(539,658)","(321,433)","(83,103)",,,,,
567,"(150,1017)","(441,997)","(48,1002)","(1348,663)","(1105,806)","(1338,629)","(539,658)","(321,433)","(80,100)",,,,,
568,"(145,1017)","(440,997)","(48,1002)","(1348,663)","(1102,807)","(1337,628)","(539,658)","(321,433)","(82,103)",,,"(1221,58)",,
569,"(150,1017)","(437,999)","(48,1002)","(1348,663)","(1105,806)","(1337,628)","(539,658)","(321,433)","(82,103)",,,,,
570,"(150,1017)","(440,996)","(48,1002)","(1349,663)","(1106,805)","(1337,628)","(539,658)","(321,432)","(83,103)",,,"(1221,58)",,
571,"(146,1017)","(440,996)","(48,1002)","(1349,663)","(1105,805)","(1337,628)","(539,659)","(321,433)","(82,103)",,,,,
572,"(145,1017)","(437,999)","(48,1002)","(1349,663)","(1106,805)","(1338,628)","(539,659)","(321,433)","(82,103)",,,,,
573,"(145,1017)","(437,999)","(48,1002)","(1349,662)","(1106,806)","(1338,628)","(539,659)","(321,432)","(82,103)",,,"(1221,57)",,
574,"(145,1017)","(440,996)","(48,1002)","(1349,662)","(1106,805)","(1338,628)","(539,658)","(321,432)","(82,103)",,,,,
575,"(150,1017)","(440,995)","(49,1002)","(1349,662)","(1106,805)","(1338,628)","(540,658)","(321,432)","(82,103)",,,,,
576,"(150,1018)","(438,999)","(48,1002)","(1349,662)","(1107,806)","(1338,628)","(540,658)","(321,433)","(82,103)",,,,,
577,"(150,1018)","(440,996)","(48,1002)","(1349,662)","(1107,806)","(1338,628)","(539,658)","(321,432)","(82,103)",,,,,
578,"(150,1018)","(437,998)","(48,1002)","(1349,662)","(1107,807)","(1338,628)","(540,658)","(321,433)","(82,104)",,,,,
579,"(150,1018)","(438,998)","(49,1003)","(1350,662)","(1108,807)","(1338,628)","(540,659)","(321,433)","(83,103)",,,,,
580,"(150,1018)","(438,999)","(49,1003)","(1350,662)","(1108,806)","(1338,628)","(540,658)","(321,433)","(82,103)",,,,,
581,"(150,1018)","(437,998)","(48,1003)","(1350,662)","(1108,806)","(1338,628)","(540,658)","(321,433)","(83,103)",,,,,
582,"(150,1018)","(440,997)","(48,1003)","(1350,662)","(1108,807)","(1337,628)","(540,658)","(321,433)","(83,103)",,,,,
583,"(146,1018)","(437,999)","(48,1003)","(1350,662)","(1108,806)","(1337,629)","(539,658)","(321,433)","(82,103)",,,,,
584,"(146,1018)","(437,999)","(48,1002)","(1350,662)","(1109,806)","(1338,628)","(539,658)","(321,433)","(82,103)",,,,,
585,"(146,1018)","(438,998)","(48,1003)","(1350,662)","(1109,805)","(1338,628)","(540,658)","(321,433)","(82,104)",,,,,
586,"(150,1018)","(438,998)","(48,1003)","(1350,660)","(1108,806)","(1337,628)","(540,658)","(320,433)","(82,104)","(50,84)",,,"(46,328)",
587,"(146,1018)","(440,997)","(48,1003)","(1350,660)","(1108,805)","(1337,628)","(540,658)","(320,433)","(82,104)",,,,,
588,"(150,1018)","(437,999)","(48,1003)","(1351,660)","(1105,805)","(1337,627)","(540,658)","(321,433)","(82,103)",,,,,
589,"(146,1018)","(437,999)","(48,1003)","(1351,659)","(1105,805)","(1337,627)","(540,658)","(321,433)","(82,103)",,,,,
590,"(146,1018)","(437,998)","(48,1003)","(1337,627)","(1108,806)",,"(540,658)","(321,433)","(82,103)",,,,,
591,"(150,1018)","(437,998)","(48,1003)","(1336,627)","(1105,806)","(1351,659)","(540,658)","(320,433)","(82,103)",,,,,
592,"(150,1018)","(440,997)","(48,1002)","(1336,626)","(1105,806)","(1351,660)","(540,658)","(320,433)","(82,104)",,,,,
593,"(150,1018)","(440,997)","(48,1003)","(1336,626)","(1106,807)","(1351,660)","(540,658)","(321,433)","(82,103)",,,"(1221,58)",,
594,"(150,1018)","(437,999)","(48,1002)","(1336,626)","(1110,807)",,"(540,658)","(320,432)","(82,103)",,,"(1221,57)",,
595,"(146,1017)","(440,997)","(48,1002)","(1336,626)","(1110,807)",,"(540,658)","(320,433)","(82,102)",,,"(1221,58)",,
