frame,ID_0,ID_1,ID_2,ID_3,ID_4,ID_5,ID_6,ID_7,ID_8,ID_9,ID_10,ID_12,ID_13,ID_14,ID_15
0,"(181,1018)","(1326,1018)","(729,979)","(1343,919)","(206,772)","(1331,674)","(1104,500)","(65,445)","(56,399)","(508,48)",,,,,
1,,,,,,,,,,,,,,,
2,,,,,,,,,,,,,,,
3,,,,,,,,,,,,,,,
4,"(179,1018)","(1325,1018)","(726,987)","(1343,918)","(209,773)","(1330,674)","(1104,499)","(65,445)",,"(508,48)",,,,,
5,"(182,1017)",,"(726,987)","(1344,918)","(206,771)","(1330,674)","(1104,499)","(65,446)",,"(509,48)",,,,,
6,"(179,1017)","(1325,1017)","(726,989)","(1344,918)","(206,771)","(1330,674)","(1104,501)","(65,445)","(52,397)","(509,47)",,,,,
7,"(178,1016)","(1322,1017)","(726,989)","(1344,917)","(209,772)","(1330,673)","(1104,499)","(65,444)","(55,396)","(508,47)",,,,,
8,"(178,1016)",,"(726,989)","(1344,918)","(209,773)","(1331,673)","(1104,499)","(65,445)","(55,396)","(509,47)",,,,,
9,"(177,1016)",,"(726,985)","(1344,917)","(206,771)","(1330,673)","(1104,501)","(65,444)","(55,396)","(509,47)",,,,,
10,"(177,1016)","(1324,1017)","(726,990)","(1344,917)","(209,772)","(1331,673)","(1105,499)","(65,444)",,"(509,47)",,,,,
11,"(177,1016)","(1324,1017)","(727,987)","(1344,917)","(205,771)","(1331,673)","(1105,499)","(63,447)","(55,400)","(508,47)",,,,,
12,"(181,1017)","(1322,1017)","(726,991)","(1344,917)","(206,771)","(1331,673)","(1105,499)","(66,445)","(56,396)","(509,47)",,,,,
13,"(180,1017)","(1323,1017)","(725,991)","(1344,917)","(205,771)","(1331,673)","(1105,501)","(65,445)","(55,396)","(509,47)",,,,,
14,"(175,1017)","(1327,1017)","(726,991)","(1344,918)","(205,771)","(1331,674)","(1104,501)","(63,447)","(55,396)","(508,47)",,,,,
15,"(175,1018)",,"(726,992)","(1345,918)","(205,771)","(1331,674)","(1104,502)","(63,448)","(55,397)","(508,47)",,,,,
16,"(174,1017)","(1326,1017)","(725,992)","(1345,918)","(205,771)","(1330,674)","(1104,502)","(65,447)","(54,397)","(508,47)",,,,,
17,"(173,1017)","(1326,1017)","(725,993)","(1344,918)","(205,771)","(1331,674)","(1104,502)","(65,446)","(54,397)","(508,47)",,,,,
18,"(172,1017)","(1322,1017)","(725,992)","(1344,918)","(205,771)","(1331,674)","(1104,499)","(65,446)","(55,397)","(508,48)",,,,,
19,"(172,1017)","(1322,1017)","(725,992)","(1344,918)","(209,773)","(1331,674)","(1104,501)","(64,446)","(54,397)","(508,47)",,,,,
20,"(170,1017)",,"(725,993)","(1344,918)","(209,774)","(1331,674)","(1104,500)","(65,446)","(55,397)","(508,47)",,,,,
21,"(169,1017)","(1326,1018)","(725,993)","(1344,918)","(205,772)","(1330,674)","(1104,502)","(64,446)","(54,397)","(508,48)",,,,,
22,"(168,1017)","(1321,1017)","(725,992)","(1344,917)","(209,773)","(1328,674)","(1104,501)","(63,445)","(54,396)","(508,47)",,,,,
23,"(168,1016)","(1321,1017)","(725,992)","(1345,917)","(205,771)","(1328,674)","(1104,502)","(64,445)","(55,396)","(508,47)",,,,,
24,"(168,1017)","(1322,1017)","(725,992)","(1345,917)","(206,771)","(1331,674)","(1104,502)","(64,445)","(55,397)","(508,47)",,,,,
25,"(171,1016)",,"(725,991)","(1345,917)","(206,771)","(1331,673)","(1105,499)","(64,444)","(55,396)","(509,47)",,,,,
26,"(166,1016)","(1322,1017)","(725,991)","(1345,917)","(205,771)","(1330,673)","(1105,499)","(64,444)","(55,396)","(508,47)",,,,,
27,"(170,1017)","(1326,1016)","(725,991)","(1345,917)","(205,771)","(1328,673)","(1105,499)","(64,444)","(55,396)","(509,47)",,,,,
28,"(166,1017)","(1322,1017)","(727,987)","(1344,917)","(206,771)","(1331,673)","(1105,499)","(64,444)","(55,396)","(509,47)",,,,,
29,"(166,1017)","(1328,1017)","(727,987)","(1345,917)","(209,773)","(1328,674)","(1104,501)","(64,444)","(55,396)","(509,47)",,,,,
30,"(166,1017)","(1327,1017)","(727,987)","(1344,917)","(209,773)","(1331,673)","(1105,499)","(64,443)","(55,396)","(509,47)",,,,,
31,"(165,1018)","(1327,1017)","(725,992)","(1344,917)","(205,771)","(1330,673)","(1104,501)","(63,443)","(55,396)","(508,47)",,,,,
32,"(165,1018)","(1327,1018)","(725,992)","(1344,919)","(208,773)","(1327,674)","(1104,501)","(63,444)","(55,397)","(509,47)",,,,,
33,"(165,1017)","(1328,1018)","(725,992)","(1344,918)","(205,771)","(1331,674)","(1104,501)","(63,443)","(55,397)","(508,47)",,,,,
34,"(165,1017)","(1328,1018)","(726,988)","(1345,918)","(205,771)","(1328,674)","(1104,501)","(63,444)","(55,397)","(508,47)",,,,,
35,"(165,1017)","(1328,1018)","(725,993)","(1345,919)","(205,772)","(1331,674)","(1104,501)","(63,444)","(55,397)","(508,47)",,,,,
36,"(165,1018)","(1328,1018)","(726,994)","(1345,920)","(205,772)","(1330,674)","(1105,502)","(63,444)","(55,397)","(508,48)",,,,,
37,"(165,1017)","(1328,1018)","(725,994)","(1345,920)","(205,772)","(1331,674)","(1104,502)","(64,445)","(55,397)","(509,48)",,,,,
38,"(165,1018)","(1328,1019)","(725,996)","(1345,921)","(205,772)","(1331,674)","(1104,502)","(63,444)","(54,397)","(508,48)",,,,,
39,"(165,1018)","(1328,1019)","(725,996)","(1345,921)","(205,772)","(1330,674)","(1103,502)","(62,444)","(54,397)","(508,47)",,,,,
40,"(165,1018)",,"(725,996)","(1345,919)","(205,772)","(1327,674)","(1104,499)","(63,443)","(55,397)","(508,47)",,,,,
41,"(165,1018)","(1329,1019)","(725,997)","(1345,919)","(205,772)","(1331,674)","(1103,499)","(63,444)","(55,397)","(502,47)",,,,,
42,"(165,1017)","(1329,1022)","(725,997)","(1345,919)","(205,771)","(1330,674)","(1103,499)","(63,443)","(51,412)","(508,47)",,,,,
43,"(165,1017)","(1329,1019)","(725,998)","(1345,918)","(205,771)","(1330,674)","(1104,499)",,,"(508,47)",,,,,
44,,"(1329,1022)","(725,998)","(1345,918)","(205,771)","(1330,673)","(1104,499)","(63,443)","(55,396)","(508,47)",,,,,
45,"(166,1017)",,"(725,998)","(1345,918)","(205,771)","(1330,673)","(1104,498)","(63,443)","(55,396)","(508,46)",,,,,
46,"(166,1017)",,"(725,998)","(1345,917)","(205,770)","(1330,673)","(1104,498)","(64,443)","(55,396)","(508,46)",,,,,
47,"(165,1017)",,"(725,999)","(1345,918)","(205,771)","(1330,673)","(1104,498)","(63,443)","(55,396)","(509,47)",,,,,
48,,,"(726,995)","(1345,917)","(205,771)","(1331,673)","(1104,498)","(63,443)","(55,396)","(508,47)",,,,,
49,"(166,1018)",,"(725,1000)","(1345,917)","(205,771)","(1331,674)","(1104,498)","(63,444)","(55,396)","(508,47)",,,,,
50,"(165,1018)",,"(724,1000)","(1345,916)","(205,771)","(1331,674)","(1103,498)","(63,444)",,"(508,47)",,,,,
51,,,"(724,1002)","(1345,916)","(205,771)","(1331,674)","(1104,498)","(64,444)","(53,391)","(508,47)",,,,,
52,"(165,1018)",,"(724,1002)","(1346,913)","(209,773)","(1331,673)","(1104,497)","(51,412)",,"(508,47)",,,,,
53,"(165,1018)",,"(724,1002)","(1346,912)","(209,773)","(1331,673)","(1104,498)","(63,444)",,"(507,47)",,,,,
54,,,"(723,1002)","(1346,912)","(209,774)","(1330,673)","(1104,497)","(63,444)",,"(508,47)",,,,,
55,,,"(723,1003)","(1346,912)","(209,774)","(1331,673)","(1104,497)","(63,444)","(52,397)","(508,47)",,,,,
56,"(166,1018)",,"(724,1004)","(1347,912)","(205,772)","(1331,674)","(1104,498)","(64,445)","(53,399)","(508,48)",,,,,
57,"(165,1018)",,"(724,1004)","(1347,911)","(205,771)","(1331,673)","(1103,499)",,,"(507,47)",,,,,
58,,,"(723,1003)","(1347,911)","(205,771)","(1331,673)","(1104,495)",,"(51,393)","(508,47)",,,,,
59,,,"(723,1003)","(1347,911)","(209,773)","(1331,673)","(1104,495)",,"(52,395)","(508,47)",,,,,
60,"(165,1018)",,"(723,1003)","(1347,910)","(209,773)","(1330,673)","(1099,506)","(63,444)","(52,399)","(508,47)",,,,,
61,"(165,1018)",,"(723,1003)","(1347,909)","(209,773)","(1330,673)","(1099,505)","(63,443)","(52,399)","(508,47)",,,,,
62,"(165,1017)",,"(724,997)","(1347,909)","(209,773)","(1330,673)","(1100,504)",,,"(508,46)",,,,,
63,"(165,1017)",,"(724,997)","(1347,910)","(209,773)","(1331,672)","(1099,506)","(64,443)","(52,391)","(508,47)",,,,,
64,"(166,1017)",,"(723,1002)","(1346,913)","(209,773)","(1331,672)","(1098,506)","(64,443)","(52,396)","(508,46)","(1315,1020)",,,,
65,,,"(723,1002)","(1346,914)","(209,773)","(1330,672)","(1099,513)","(64,443)","(52,391)","(508,46)","(1314,1020)",,,,
66,"(166,1017)",,"(724,1003)","(1347,914)","(209,773)","(1331,673)","(1099,511)","(64,443)","(53,397)","(508,47)","(1315,1020)",,,,
67,"(166,1017)",,"(725,999)","(1346,915)","(206,771)","(1331,673)","(1099,510)","(65,443)","(53,399)","(508,47)","(1315,1020)",,,,
68,"(166,1018)",,"(725,999)","(1346,914)","(209,773)","(1331,673)","(1100,511)","(65,443)",,"(508,47)","(1315,1019)",,"(1107,487)",,
69,"(166,1017)",,"(724,1005)","(1346,914)","(209,773)","(1330,673)","(1102,503)","(65,443)","(52,393)","(508,47)",,,"(1108,487)",,
70,"(166,1018)",,"(723,1004)","(1346,914)","(205,771)","(1331,673)","(1100,503)","(65,444)","(53,393)","(508,47)","(1315,1019)",,"(1108,486)",,
71,"(166,1018)",,"(723,1005)","(1346,915)","(209,773)","(1331,673)","(1099,502)","(64,444)","(53,393)","(508,47)","(1315,1019)",,"(1107,485)",,
72,"(166,1018)",,"(724,1005)","(1346,914)","(209,774)","(1331,673)","(1104,492)","(65,444)","(53,394)","(508,47)","(1314,1019)",,,,
73,"(166,1018)",,"(725,1000)","(1347,914)","(205,771)","(1331,674)","(1105,491)","(64,444)","(53,393)","(507,47)","(1314,1019)",,,,
74,"(165,1018)",,"(725,1000)","(1346,913)","(209,774)","(1331,674)","(1104,490)","(65,444)","(53,394)","(508,47)","(1314,1019)",,,,
75,,,"(725,1000)","(1346,912)","(208,774)","(1330,673)","(1108,478)","(65,444)","(52,396)","(508,47)","(1314,1019)",,,,
76,"(166,1017)",,"(725,1000)","(1346,912)","(205,771)","(1331,673)","(1107,487)","(65,444)","(53,393)","(508,47)","(1314,1019)",,,,
77,"(166,1017)",,"(725,1000)","(1348,908)","(205,771)","(1331,673)","(1107,487)","(65,444)","(53,396)","(508,48)",,,,,
78,"(166,1017)",,"(725,1000)","(1348,907)","(209,773)","(1331,673)","(1108,486)","(65,443)","(52,394)","(508,47)","(1315,1019)",,,,
79,"(166,1016)","(1253,1033)","(725,1000)","(1348,907)","(209,773)","(1331,672)","(1109,485)","(65,443)","(52,394)","(508,47)","(1315,1018)",,,,
80,,,"(725,1000)","(1347,906)","(209,773)","(1331,672)","(1109,484)","(65,443)","(52,393)","(508,47)",,,,,
81,"(166,1016)",,"(725,999)","(1347,905)","(209,772)","(1330,672)","(1113,470)","(65,443)","(53,392)","(508,47)",,,,,
82,"(166,1016)",,,"(1347,905)","(209,771)","(1330,672)","(1116,469)","(65,443)","(53,383)","(508,47)",,,"(1104,494)",,
83,"(166,1016)",,,"(1347,905)","(205,770)","(1330,672)","(1114,479)","(65,443)","(53,392)","(508,46)",,,,,
84,"(166,1017)",,,"(1346,904)","(205,770)","(1331,672)","(1113,478)","(65,443)","(53,392)","(507,46)",,,,,
85,"(166,1017)",,"(725,1004)","(1346,904)","(208,771)","(1331,672)","(1113,475)","(65,443)","(53,389)","(508,46)",,,,,
86,"(166,1017)",,,"(1347,904)","(208,772)","(1331,673)","(1116,475)","(65,444)","(53,392)","(508,47)",,,,,
87,"(166,1017)",,,"(1347,903)","(205,771)","(1331,673)","(1116,474)","(65,444)",,"(508,47)",,,,,
88,"(166,1018)",,,"(1347,904)","(207,772)","(1331,673)","(1116,472)","(65,444)",,"(508,47)",,,,,
89,"(165,1018)",,,"(1346,904)","(207,772)","(1330,674)","(1117,471)","(65,445)",,"(506,47)",,,,,
90,,,,"(1346,903)","(207,772)","(1330,673)","(1118,469)","(65,444)",,"(508,47)",,,,,
91,"(166,1018)",,,"(1346,903)","(205,771)","(1330,674)","(1118,469)","(65,445)",,"(508,47)","(1315,1019)",,,,
92,"(166,1018)",,"(724,1005)","(1346,900)","(206,771)","(1330,674)","(1119,468)","(65,444)",,"(507,47)","(1316,1019)",,,,
93,"(166,1017)",,"(725,1004)","(1345,899)","(209,771)","(1331,673)","(1122,460)","(64,444)","(52,395)","(508,47)","(1316,1019)",,,,
94,"(166,1018)",,"(725,1005)","(1345,897)","(208,771)","(1330,673)","(1119,466)","(64,444)",,"(508,47)",,,,,
95,"(165,1017)",,"(725,1006)","(1345,896)","(208,773)","(1330,673)","(1121,466)","(64,443)",,"(507,46)","(1317,1019)",,,,
96,"(165,1017)",,,"(1349,886)","(205,770)","(1330,673)","(1119,467)","(63,445)","(51,393)","(506,47)",,,,,
97,"(165,1017)",,,"(1349,885)","(209,773)","(1329,672)","(1123,459)","(63,443)",,"(507,47)","(1317,1019)",,,,
98,"(165,1016)",,,"(1347,893)","(209,772)","(1330,672)","(1123,459)","(64,443)","(52,393)","(507,47)","(1317,1019)",,,,
99,"(165,1017)",,,"(1347,893)","(209,773)","(1330,672)","(1123,459)","(65,443)","(53,392)","(508,47)","(1317,1019)",,,,
100,"(165,1016)",,"(725,1005)","(1347,892)","(210,772)","(1330,672)","(1123,458)","(64,443)","(53,393)","(507,47)",,,,,
101,"(165,1016)",,"(724,1005)","(1347,892)","(210,773)","(1330,672)","(1123,458)","(64,443)","(52,392)","(508,47)","(1317,1019)",,,,
102,"(165,1016)",,"(724,1005)","(1350,887)","(209,772)","(1330,672)","(1125,456)","(64,443)","(52,392)","(507,47)",,,,,
103,"(165,1016)",,"(725,1005)","(1349,887)","(209,772)","(1330,672)","(1126,455)","(64,443)",,"(507,47)",,,,,
104,"(165,1017)",,"(725,1006)","(1349,884)","(206,771)","(1330,672)","(1126,455)","(64,443)","(53,392)","(507,47)",,,,,
105,"(165,1017)",,"(726,1001)","(1347,887)","(206,770)","(1330,672)","(1127,454)","(64,443)","(53,392)","(508,47)",,,,,
106,"(165,1018)",,"(725,1002)","(1348,881)","(209,773)","(1330,673)","(1128,454)","(64,443)","(53,393)","(507,47)",,,,,
107,"(165,1018)",,"(726,1002)","(1349,881)","(206,771)","(1330,673)","(1129,454)","(64,444)","(53,393)","(507,47)","(1318,1019)",,,,
108,"(165,1018)",,"(725,1008)","(1349,884)","(209,773)","(1330,673)","(1129,453)","(60,454)",,"(508,47)",,,,,
109,"(166,1018)",,"(725,1008)","(1347,884)","(206,771)","(1330,673)","(1127,454)","(62,450)",,"(508,47)",,,,,
110,"(165,1017)",,"(725,1007)","(1346,881)","(206,771)","(1330,673)","(1129,452)","(64,444)",,"(508,47)",,,,,
111,"(165,1018)",,"(725,1008)","(1346,882)","(209,773)","(1330,673)","(1127,454)","(62,450)",,"(508,48)",,,,,
112,"(165,1018)",,"(725,1008)","(1348,880)","(206,771)","(1331,673)","(1127,455)","(62,450)",,"(508,47)","(1318,1019)",,,,
113,"(165,1017)",,"(724,1008)","(1348,880)","(206,770)","(1328,673)","(1127,454)",,"(52,392)","(508,47)",,,,,
114,,,"(725,1008)","(1348,879)","(206,770)","(1330,672)","(1127,454)","(64,443)","(53,392)","(508,47)",,,,,
115,"(165,1017)",,"(724,1007)","(1348,876)","(206,770)","(1330,672)","(1127,453)","(64,444)",,"(508,47)",,,,,
116,"(165,1017)","(1253,1033)","(725,1002)","(1348,874)","(209,772)","(1330,672)","(1127,453)","(64,443)",,"(508,47)","(1337,1014)",,,,
117,"(165,1017)","(1254,1033)","(725,1002)","(1348,874)","(206,770)","(1330,672)","(1127,453)",,,"(507,47)","(1337,1014)",,,,
118,"(165,1016)","(1254,1033)","(724,1007)","(1347,873)","(206,770)","(1330,671)","(1126,453)","(64,444)",,"(507,47)","(1341,1011)",,,,
119,"(164,1016)",,"(724,1007)","(1347,871)","(207,770)","(1330,672)","(1127,453)","(64,443)",,"(508,47)","(1338,1014)",,,,
120,"(165,1016)",,"(724,1007)","(1348,870)","(207,770)","(1330,672)","(1127,453)","(65,444)",,"(508,47)","(1338,1014)",,,,
121,"(165,1016)",,"(725,1003)","(1349,870)","(206,770)","(1331,672)","(1128,453)","(65,444)",,"(507,47)","(1338,1014)",,,,
122,"(165,1017)",,"(725,1003)","(1349,867)","(209,772)","(1330,672)","(1127,453)","(65,444)",,"(507,47)","(1338,1014)",,,,
123,"(165,1017)",,"(724,1009)","(1348,869)","(206,770)","(1330,672)","(1128,453)","(65,444)",,"(507,47)","(1339,1014)",,,,
124,"(164,1017)",,"(724,1009)","(1349,869)","(206,770)","(1330,672)","(1127,453)","(63,444)",,"(507,47)","(1338,1014)",,,,
125,"(165,1017)",,"(725,1005)","(1349,867)","(208,770)","(1330,673)","(1128,454)","(63,444)",,"(507,47)","(1338,1014)",,,,
126,"(164,1017)",,"(725,1005)","(1347,867)","(206,770)","(1330,673)","(1127,454)","(64,444)",,"(507,47)","(1338,1014)",,,,
127,"(164,1017)",,"(724,1010)","(1347,867)","(205,770)","(1330,673)","(1127,454)","(64,444)",,"(507,47)","(1342,1013)",,,,
128,"(165,1017)",,"(724,1010)","(1348,867)","(206,770)","(1330,673)","(1127,454)","(64,444)",,"(507,47)","(1340,1014)",,,,
129,"(165,1017)",,"(725,1006)","(1348,867)","(205,770)","(1330,672)","(1127,454)","(63,444)",,"(507,47)","(1339,1013)",,,,
130,"(165,1017)",,"(724,1006)","(1349,863)","(205,771)","(1331,673)","(1128,454)","(63,444)",,"(508,47)","(1339,1013)",,,,
131,"(164,1017)",,"(725,1006)","(1348,863)","(205,770)","(1330,672)","(1128,453)","(65,444)",,"(508,47)","(1339,1013)",,,,
132,"(165,1017)",,"(724,1011)","(1347,865)","(206,770)","(1330,672)","(1128,453)","(64,444)",,"(507,47)","(1339,1013)",,,,
133,"(164,1017)",,"(725,1006)","(1348,861)","(209,772)","(1330,672)","(1128,453)","(62,446)",,"(507,47)","(1343,1012)",,,,
134,"(165,1017)",,"(725,1006)","(1349,861)","(208,772)","(1330,672)","(1128,453)","(64,444)",,"(508,47)","(1340,1012)",,,,
135,"(164,1017)",,"(724,1007)","(1348,861)","(209,772)","(1330,672)","(1128,453)","(64,444)",,"(508,47)",,,,,
136,"(164,1017)",,"(723,1012)","(1348,859)","(206,770)","(1330,672)","(1128,453)","(64,444)",,"(508,47)","(1340,1012)",,,,
137,"(164,1017)",,"(725,1008)","(1349,860)","(209,772)","(1330,672)","(1128,453)","(65,443)",,"(507,47)","(1344,1011)",,,,
138,"(164,1017)","(1257,1031)","(725,1007)","(1349,860)","(206,770)","(1331,672)","(1128,453)","(64,443)",,"(508,47)","(1341,1010)",,,,
139,"(164,1017)",,"(725,1008)","(1348,859)","(209,772)","(1330,672)","(1128,453)","(64,443)",,"(508,47)",,,,,
140,"(164,1016)",,"(724,1008)","(1348,858)","(206,770)","(1330,672)","(1128,453)","(64,444)",,"(508,47)",,,,,
141,"(164,1017)",,"(725,1008)","(1349,857)","(207,770)","(1331,672)","(1128,453)","(65,444)",,"(508,47)","(1342,1011)",,,,
142,"(164,1017)",,"(724,1009)","(1349,853)","(210,772)","(1330,672)","(1128,453)","(64,443)",,"(508,47)","(1341,1010)",,,,
143,"(164,1017)",,"(724,1010)","(1349,855)","(206,771)","(1330,673)","(1128,454)","(64,443)",,"(508,47)","(1342,1010)",,,,
144,"(164,1017)",,"(724,1010)","(1349,854)","(207,771)","(1330,673)","(1128,454)","(63,444)",,"(508,47)",,,,,
145,"(165,1017)","(1257,1032)","(725,1010)","(1349,854)","(207,771)","(1330,673)","(1128,454)","(64,444)",,"(508,48)","(1342,1009)",,,,
146,"(165,1017)","(1257,1032)","(725,1011)","(1349,853)","(206,771)","(1330,673)","(1127,454)","(64,444)",,"(508,48)","(1342,1009)",,,,
147,"(165,1018)","(1254,1034)","(724,1012)","(1347,852)","(207,771)","(1330,673)","(1128,454)","(64,443)",,"(508,48)","(1342,1008)",,,,
148,"(165,1017)",,"(724,1012)","(1346,849)","(207,771)","(1330,672)","(1128,454)","(63,443)",,"(508,47)","(1343,1008)",,,,
149,"(164,1017)",,"(724,1013)","(1347,849)","(207,771)","(1330,672)","(1128,454)","(64,443)",,"(508,47)","(1344,1008)",,,,
150,"(164,1017)",,"(724,1014)","(1349,848)","(206,770)","(1330,672)","(1128,454)","(64,443)",,"(508,47)","(1345,1006)",,,,
151,"(165,1017)",,"(723,1014)","(1348,847)","(207,770)","(1330,672)","(1128,453)","(64,443)",,"(508,47)",,,,,
152,"(165,1017)",,"(723,1015)","(1348,847)","(207,770)","(1331,672)","(1128,453)","(64,443)",,"(508,47)","(1347,1004)",,,,
153,"(165,1017)",,,"(1348,846)","(207,770)","(1330,671)","(1128,453)","(65,443)",,"(508,47)",,,,,
154,"(165,1017)",,,"(1349,844)","(207,770)","(1331,671)","(1128,453)","(64,443)",,"(508,47)","(1347,1003)",,,,
155,"(165,1016)",,,"(1350,845)","(207,770)","(1331,671)","(1128,453)","(64,443)",,"(509,47)","(1348,1004)",,,,
156,"(165,1017)",,,"(1349,844)","(207,770)","(1330,672)","(1128,453)","(64,443)",,"(508,47)",,,,,
157,"(166,1017)",,,"(1349,844)","(207,770)","(1330,672)","(1128,453)","(64,443)",,"(508,47)",,,,,
158,"(166,1017)",,,"(1349,843)","(209,772)","(1330,672)","(1128,453)","(64,443)",,"(508,48)","(1345,1004)",,,,
159,,,,"(1349,842)","(207,770)","(1330,672)","(1127,454)","(64,444)",,"(508,48)",,,,,
160,"(168,1020)","(1257,1032)",,"(1349,843)","(207,771)","(1330,672)","(1128,453)","(64,444)",,"(508,47)",,,,,
161,"(171,1020)",,,"(1349,841)","(207,770)","(1330,672)","(1128,453)","(64,444)",,"(508,48)","(1345,1004)",,,,
162,"(172,1020)",,,"(1349,840)","(206,771)","(1330,672)","(1128,453)","(64,444)",,"(508,48)",,,,,
163,"(174,1019)",,,"(1349,839)","(207,771)","(1330,673)","(1128,452)","(64,444)",,"(508,48)",,,,,
164,"(173,1019)",,,"(1349,837)","(207,771)","(1330,673)","(1128,450)","(64,444)",,"(508,48)",,,,,
165,"(172,1018)","(1257,1032)",,"(1349,837)","(207,771)","(1330,672)","(1128,449)","(64,444)",,"(508,48)",,,,,
166,"(173,1020)",,,"(1350,835)","(207,771)","(1330,672)","(1128,448)","(64,444)",,"(508,47)",,,,,
167,"(174,1018)",,,"(1349,834)","(207,771)","(1330,672)","(1128,447)","(63,446)",,"(508,48)","(1346,1001)",,,,
168,"(175,1018)",,,"(1349,832)","(207,771)","(1330,672)","(1127,445)","(62,446)",,"(508,47)","(1346,1001)",,,,
169,"(175,1021)",,,"(1348,833)","(206,771)","(1330,672)","(1127,440)","(64,444)","(52,390)","(508,47)","(1346,1000)",,,,
170,"(174,1020)",,,"(1349,832)","(207,770)","(1330,672)","(1127,442)","(62,446)","(52,391)","(508,47)","(1346,999)",,,,
171,"(177,1019)","(1254,1033)",,"(1349,828)","(207,770)","(1331,671)","(1125,445)","(64,444)","(55,395)","(508,47)","(1346,998)",,,,
172,"(176,1018)","(1254,1033)",,"(1350,827)","(207,769)","(1331,671)","(1123,444)","(64,443)","(55,395)","(508,47)","(1346,997)",,,,
173,,,,"(1350,829)","(209,771)","(1330,671)","(1125,442)","(64,443)","(55,395)","(507,47)","(1346,996)",,,,
174,"(177,1018)",,,"(1350,825)","(207,770)","(1331,672)","(1125,441)","(65,443)","(55,395)","(508,47)","(1346,997)",,,,
175,"(178,1019)","(1254,1033)",,"(1350,827)","(209,770)","(1330,671)","(1125,439)","(62,446)","(55,395)","(508,47)","(1350,995)",,,,
176,"(178,1018)","(1254,1033)",,"(1348,821)","(210,770)","(1330,672)","(1125,438)","(64,444)","(55,395)","(508,47)","(1350,996)",,,,
177,"(178,1018)",,,"(1349,819)","(207,770)","(1330,672)","(1125,438)","(62,446)","(54,395)","(508,47)","(1348,992)",,,,
178,"(178,1019)",,,"(1348,819)","(207,770)","(1330,672)","(1125,436)","(64,444)","(56,395)","(508,47)","(1348,985)",,,,
179,"(179,1019)",,,"(1348,818)","(206,770)","(1330,672)","(1123,435)","(62,446)","(54,395)","(507,48)","(1350,993)",,,,
180,"(179,1020)",,,"(1348,815)","(207,771)","(1330,672)","(1124,433)","(63,444)","(54,395)","(507,47)","(1350,993)",,,,
181,"(180,1019)",,,"(1349,814)","(206,771)","(1330,673)","(1124,431)","(64,445)","(55,395)","(507,48)","(1350,993)","(935,1030)",,,
182,"(180,1019)",,,"(1348,813)","(207,771)","(1330,673)","(1124,429)","(64,444)",,"(507,47)","(1350,992)","(934,1030)",,,
183,"(180,1020)",,,"(1348,811)","(207,771)","(1331,672)","(1124,427)","(64,444)","(53,394)","(507,47)","(1347,992)",,,,
184,"(179,1019)",,,"(1348,810)","(206,771)","(1330,672)","(1122,427)","(63,444)","(54,395)","(507,48)","(1350,998)",,,,
185,"(180,1019)",,,"(1349,812)","(207,770)","(1330,672)","(1124,425)","(63,444)","(55,395)","(508,48)","(1347,990)",,,,
186,"(180,1019)",,,"(1348,809)","(207,770)","(1331,672)","(1125,424)","(64,444)","(54,395)","(508,47)","(1347,988)",,,,
187,,,,"(1349,808)","(207,771)","(1330,672)","(1125,424)","(64,444)","(54,395)","(507,47)","(1350,997)",,,,
188,"(179,1019)",,,"(1348,808)","(207,770)","(1330,672)","(1125,424)","(64,444)","(54,395)","(507,47)","(1347,982)",,,,
189,,,,"(1349,808)","(207,770)","(1331,672)","(1127,423)","(64,443)","(54,395)","(508,47)","(1349,982)",,,,
190,"(179,1019)",,,"(1348,809)","(207,770)","(1330,672)","(1127,422)","(64,443)","(55,394)","(507,47)","(1347,987)",,,,
191,"(180,1018)",,,"(1349,805)","(207,770)","(1330,672)","(1127,422)","(64,444)","(55,395)","(507,47)","(1349,982)",,,,
192,"(179,1018)",,,"(1348,804)","(207,770)","(1330,672)","(1129,422)","(64,443)","(55,395)","(507,47)","(1349,982)",,,,
193,"(179,1018)",,,"(1348,805)","(209,772)","(1330,672)","(1128,421)","(64,443)","(55,395)","(507,47)","(1346,985)",,,,
194,"(180,1018)",,,"(1349,805)","(210,770)","(1330,672)","(1128,419)","(64,444)","(55,395)","(507,47)","(1348,981)",,,,
195,"(179,1018)",,,"(1348,806)","(206,770)","(1330,672)","(1128,418)","(63,444)","(55,395)","(507,47)","(1348,981)",,,,
196,"(178,1018)",,,"(1348,803)","(206,770)","(1327,672)","(1129,416)","(63,444)","(55,395)","(508,47)",,,,,
197,"(179,1018)",,,"(1349,804)","(207,770)","(1331,672)","(1129,414)","(64,444)","(54,395)","(507,47)","(1348,979)","(1005,1033)",,,
198,"(179,1017)",,,"(1348,803)","(207,770)","(1330,672)","(1130,413)","(63,444)","(55,395)","(507,47)","(1348,982)",,,,
199,"(180,1019)",,,"(1349,797)","(207,771)","(1328,672)","(1130,412)","(64,444)","(54,395)","(507,48)","(1349,978)",,,,
200,"(180,1020)",,,"(1349,799)","(207,771)","(1328,672)","(1131,412)","(65,444)","(56,395)","(508,48)","(1349,979)",,,,
201,"(181,1019)",,,"(1348,799)","(207,770)","(1331,672)","(1133,410)","(64,444)","(56,395)","(508,48)","(1347,974)",,,,
202,"(182,1017)",,,"(1348,798)","(207,771)","(1330,672)","(1133,410)","(65,444)","(55,395)","(508,47)","(1347,977)",,,,
203,"(183,1017)",,,"(1349,801)","(207,770)","(1330,672)","(1133,409)","(63,444)","(54,395)","(507,48)","(1348,977)",,,,
204,,,,"(1349,805)","(207,770)","(1327,672)","(1134,408)","(63,445)","(55,395)","(507,48)","(1347,976)",,,,
205,,,"(721,1020)","(1348,801)","(206,770)","(1327,672)","(1136,407)","(64,444)","(54,395)","(507,47)","(1348,974)",,,,
206,,,"(722,1019)","(1348,801)","(206,770)","(1330,672)","(1136,406)","(65,444)",,"(507,47)","(1348,973)",,,,
207,,,"(723,1019)","(1349,801)","(206,771)","(1327,671)","(1140,404)","(63,446)","(55,394)","(507,47)","(1348,973)",,,,
208,,,"(723,1019)","(1348,801)","(206,770)","(1330,671)","(1138,402)","(63,444)","(55,394)","(507,47)","(1349,972)",,,,
209,"(184,1016)",,"(722,1019)","(1348,801)",,"(1330,671)","(1140,400)","(64,444)","(56,394)","(507,47)","(1347,971)",,,,
210,"(185,1017)",,"(721,1020)","(1348,800)","(207,770)","(1331,672)","(1140,399)","(64,444)","(56,395)","(507,47)","(1347,970)",,,,
211,,,"(721,1019)","(1348,800)","(206,770)","(1330,672)","(1140,398)","(64,444)","(55,395)","(507,47)","(1347,970)",,,,
212,,,"(721,1020)","(1348,800)","(206,770)","(1326,672)","(1143,396)","(63,446)","(55,395)","(507,47)","(1347,971)",,,,
213,,,"(718,1021)","(1348,801)","(210,772)","(1327,672)","(1143,394)","(64,444)","(55,395)","(507,48)","(1347,969)",,,,
214,,,"(718,1020)","(1348,801)","(206,770)","(1327,672)","(1146,392)","(63,444)","(53,394)","(507,47)","(1347,969)",,,,
215,,,"(718,1020)","(1347,805)","(206,771)","(1330,672)","(1147,390)","(64,444)",,"(507,48)","(1348,968)",,,,
216,,,"(717,1021)","(1347,801)","(206,770)","(1327,673)","(1149,387)","(64,445)",,"(507,48)","(1348,968)",,,,
217,,,"(717,1020)","(1347,801)","(206,771)","(1327,673)","(1151,387)","(64,444)",,"(507,48)","(1348,967)",,,,
218,,,"(718,1021)","(1348,801)","(206,770)","(1327,672)","(1152,385)","(64,444)",,"(507,48)","(1348,966)",,,,
219,,,"(716,1021)","(1348,801)","(207,771)","(1331,672)","(1153,384)","(64,444)","(55,395)","(508,48)","(1349,964)",,,,
220,,,"(718,1021)","(1348,803)","(206,770)","(1330,672)","(1155,384)","(64,444)","(55,395)","(507,47)","(1348,963)",,,,
221,,,"(716,1020)","(1348,801)","(207,771)","(1331,672)","(1157,383)","(65,444)","(55,395)","(507,48)","(1347,959)",,,,
222,,,"(715,1021)","(1348,800)","(206,770)","(1330,672)","(1158,380)","(64,444)",,"(507,48)","(1349,960)",,,,
223,,,,"(1348,799)","(207,770)","(1330,672)","(1159,378)","(64,444)",,"(508,47)","(1349,960)",,,,
224,"(192,1018)",,,"(1348,797)","(207,770)","(1330,672)","(1160,377)","(64,444)",,"(507,47)","(1349,958)",,,,
225,,,,"(1349,797)","(207,770)","(1331,672)","(1161,379)","(63,443)","(55,394)","(507,47)","(1349,958)",,,,
226,,,,"(1349,797)","(210,772)","(1331,671)","(1162,379)","(65,443)","(55,394)","(507,47)","(1349,957)",,,,
227,,,"(714,1019)","(1348,796)","(207,770)","(1331,671)","(1164,378)","(64,443)","(54,394)","(507,47)","(1350,955)",,,,
228,,,,"(1348,797)","(207,770)","(1330,672)","(1166,377)","(64,444)","(54,394)","(508,47)","(1348,956)",,,,
229,,,"(714,1020)","(1345,795)","(210,772)","(1330,671)","(1169,376)","(64,443)",,"(508,47)","(1349,955)",,,,
230,,,"(713,1020)","(1348,794)","(207,770)","(1331,671)","(1170,375)","(64,444)",,"(508,47)","(1349,954)",,,,
231,,,,"(1348,794)","(207,770)","(1330,672)","(1173,374)","(64,444)",,"(508,47)","(1349,954)",,,,
232,,,,"(1346,801)","(207,770)","(1330,672)","(1173,373)","(65,444)",,"(508,47)","(1349,953)",,,,
233,,,"(711,1020)","(1348,796)","(207,771)","(1330,673)","(1174,372)","(65,445)",,"(508,47)","(1349,954)",,,,
234,,,"(711,1020)","(1346,801)","(207,771)","(1330,672)","(1176,372)","(65,445)",,"(508,48)","(1348,952)",,,,
235,,,,"(1346,800)","(207,770)","(1328,672)","(1176,369)","(65,445)","(55,395)","(508,48)","(1347,949)",,,,
236,"(194,1020)",,,"(1346,801)","(207,770)","(1328,672)","(1177,371)","(65,445)","(55,395)","(508,48)","(1349,949)",,,,
237,"(194,1020)",,"(703,1019)","(1346,801)","(207,770)","(1328,672)","(1177,370)","(65,444)","(54,395)","(508,48)","(1346,946)",,,,
238,"(195,1019)",,"(698,1021)","(1346,800)","(207,770)","(1330,672)","(1177,370)","(66,444)",,"(508,49)","(1347,947)",,,,
239,"(195,1020)",,"(698,1021)","(1346,802)","(207,771)","(1330,673)","(1177,371)","(65,445)",,"(508,49)","(1348,946)",,,,
240,"(196,1019)",,"(697,1021)","(1346,801)","(207,770)","(1330,672)","(1177,370)","(66,445)",,"(508,48)","(1348,942)",,,,
241,"(198,1019)",,"(698,1020)","(1346,801)","(207,770)","(1331,672)","(1178,370)","(66,444)",,"(508,47)","(1347,942)",,,,
242,"(198,1018)",,"(696,1020)","(1346,801)","(207,770)","(1331,672)","(1178,370)","(66,444)","(56,395)","(508,47)","(1347,942)",,,,
243,"(198,1018)",,"(697,1021)","(1346,801)","(207,770)","(1331,672)","(1179,369)","(66,444)",,"(508,47)","(1347,942)",,,,
244,"(203,1017)",,"(695,1019)",,"(207,770)","(1331,672)","(1179,368)","(66,444)",,"(508,48)","(1347,942)",,,,
245,"(204,1017)",,"(697,1021)",,"(207,770)","(1331,672)","(1180,368)","(66,444)",,"(508,48)","(1346,942)",,,,
246,"(199,1016)",,"(701,1021)",,"(206,770)","(1330,672)","(1180,368)","(65,445)",,"(508,47)","(1347,940)",,,,
247,,,"(697,1021)",,"(207,770)","(1330,672)","(1180,368)","(65,445)",,"(508,48)","(1346,934)",,,,
248,"(199,1016)",,"(697,1021)",,"(209,771)","(1330,672)","(1181,368)","(65,445)",,"(508,48)","(1348,938)",,,,
249,"(199,1016)",,"(698,1022)",,"(206,770)","(1330,672)","(1181,367)","(65,445)",,"(508,48)","(1346,932)",,,,
250,"(199,1016)",,,,"(208,770)","(1330,672)","(1181,368)","(65,445)",,"(508,48)","(1346,933)",,,,
251,"(200,1016)",,"(695,1020)",,"(209,770)","(1330,672)","(1181,368)","(65,444)",,"(508,48)","(1346,931)",,,,
252,,,"(706,1020)",,"(207,770)","(1330,672)","(1182,367)","(65,444)",,"(508,48)","(1346,929)",,,,
253,"(202,1016)",,"(707,1020)",,"(207,770)","(1330,672)","(1181,368)","(65,444)",,"(507,48)","(1346,928)",,,,
254,"(202,1016)",,,"(1346,801)","(207,770)","(1330,672)","(1182,368)","(65,444)",,"(508,48)","(1346,927)",,,,
255,"(202,1016)",,"(695,1021)",,"(207,770)","(1330,672)","(1182,368)","(65,444)",,"(508,48)","(1346,927)",,,,
256,"(203,1016)",,,"(1345,801)","(208,770)","(1330,672)","(1182,368)","(65,445)",,"(508,48)","(1346,926)","(1004,1033)",,,
257,"(203,1016)",,"(693,1020)",,"(207,770)","(1330,672)","(1182,367)","(63,446)",,"(508,48)","(1346,924)",,,,
258,"(204,1016)",,"(694,1021)",,"(208,770)","(1330,672)","(1182,367)","(65,444)",,"(508,48)","(1346,923)",,,,
259,,,"(694,1021)",,"(207,770)","(1330,672)","(1182,367)","(65,444)",,"(508,48)","(1346,922)",,,,
260,"(205,1016)",,"(694,1020)",,"(208,770)","(1330,672)","(1182,367)","(65,444)",,"(508,47)","(1346,921)",,,,
261,"(206,1016)",,"(694,1021)","(1346,801)","(207,770)","(1330,672)","(1182,367)","(65,444)",,"(508,48)","(1346,920)",,,,
262,,,,"(1346,801)","(207,770)","(1330,672)","(1182,367)","(65,444)",,"(508,48)","(1346,919)",,,,
263,,,,,"(209,770)","(1330,671)","(1182,367)","(65,444)",,"(508,48)","(1346,918)",,,,
264,,,"(706,1019)","(1346,801)","(207,770)","(1330,672)","(1182,367)","(65,444)","(53,395)","(508,48)","(1346,917)",,,,
265,,,,"(1346,801)","(208,770)","(1330,671)","(1182,367)","(65,445)",,"(508,48)","(1346,916)",,,,
266,,,"(705,1020)","(1345,801)","(207,770)","(1330,672)","(1182,367)","(65,444)","(53,395)","(508,48)","(1346,915)",,,,
267,,,"(705,1019)","(1346,801)","(209,771)","(1330,671)","(1182,367)","(65,444)",,"(507,47)","(1346,914)",,,,
268,,,"(704,1024)","(1345,801)","(207,770)","(1330,672)","(1182,367)","(65,445)",,"(507,48)","(1346,913)",,,,
269,,,"(705,1024)","(1345,802)","(207,770)","(1330,672)","(1182,367)","(65,445)","(53,395)","(508,48)","(1347,913)",,,,
270,,,"(704,1020)","(1346,802)","(210,771)","(1330,672)","(1182,367)","(65,444)","(51,412)","(508,48)","(1347,911)",,,,
271,,,"(694,1018)","(1345,802)","(206,771)","(1330,672)","(1182,368)","(65,445)","(51,412)","(507,48)","(1347,910)",,,,
272,,,"(702,1020)","(1345,802)","(206,771)","(1330,673)","(1182,368)","(65,445)",,"(508,48)","(1347,909)",,,,
273,"(215,1020)",,,"(1345,802)","(208,770)","(1330,672)","(1182,368)","(65,445)",,"(507,48)","(1347,908)",,,,
274,,,"(692,1021)","(1346,802)","(207,771)","(1330,672)","(1182,368)","(65,444)",,"(508,48)","(1347,907)",,,,
275,"(214,1020)",,"(693,1021)","(1346,802)","(209,771)","(1330,672)","(1182,367)","(65,444)",,"(508,48)","(1347,906)",,,,
276,"(213,1020)",,"(693,1021)","(1345,802)","(207,770)","(1330,672)","(1182,367)","(65,444)",,"(508,47)","(1347,905)",,,,
277,"(215,1019)",,"(693,1020)","(1346,802)","(209,770)","(1330,672)","(1182,367)","(65,444)",,"(508,48)","(1347,903)",,,,
278,"(215,1019)",,"(691,1020)","(1345,802)","(207,770)","(1330,672)","(1182,367)","(65,444)",,"(508,47)","(1347,902)",,,,
279,"(215,1019)",,"(691,1020)","(1346,801)","(209,771)","(1330,671)","(1182,367)","(65,445)",,"(508,47)","(1347,901)",,,,
280,"(215,1018)",,"(689,1020)","(1346,801)","(206,770)","(1330,671)","(1183,367)","(65,444)",,"(508,47)","(1347,900)",,,,
281,"(218,1018)",,"(689,1021)","(1346,802)","(207,770)","(1330,672)","(1184,367)","(67,446)",,"(508,48)","(1347,899)",,,,
282,"(218,1018)",,"(688,1021)","(1345,802)","(207,770)","(1330,672)","(1188,365)","(65,450)",,"(508,47)","(1347,897)",,,,
283,,,"(693,1021)","(1345,802)","(207,770)","(1330,672)","(1188,365)","(65,451)",,"(508,47)","(1347,897)",,,,
284,"(219,1017)",,"(690,1021)","(1345,801)","(207,770)","(1330,672)","(1188,363)","(65,452)",,"(508,48)","(1347,896)",,,,
285,"(220,1017)",,"(693,1022)","(1346,802)","(207,770)","(1330,672)","(1190,362)","(64,450)",,"(508,47)","(1347,895)",,,,
286,"(220,1017)",,"(698,1020)","(1346,802)","(206,770)","(1330,672)","(1186,364)","(65,449)",,"(508,48)","(1347,893)",,,,
287,"(221,1018)",,"(689,1021)","(1346,802)","(210,773)","(1330,672)","(1186,364)","(65,449)",,"(508,48)","(1346,892)",,,,
288,"(222,1018)",,"(690,1021)","(1345,802)","(207,770)","(1330,672)","(1186,364)","(65,449)",,"(508,48)","(1346,890)",,,,
289,"(224,1018)",,"(690,1021)","(1345,802)","(206,771)","(1330,673)","(1186,364)","(65,449)",,"(507,49)","(1346,889)",,,,
290,"(224,1017)",,"(692,1021)","(1345,802)","(207,771)","(1330,672)","(1186,364)","(68,448)",,"(508,48)","(1349,882)",,,,
291,"(228,1017)",,"(696,1021)","(1346,802)","(210,773)","(1330,673)","(1186,364)","(70,446)",,"(507,48)","(1347,887)",,,,
292,"(226,1016)",,"(689,1021)","(1345,802)","(210,773)","(1330,672)","(1186,364)","(65,446)",,"(508,48)","(1349,882)",,,,
293,"(228,1016)",,"(695,1019)","(1345,802)","(206,770)","(1330,672)","(1186,364)","(69,446)","(51,414)","(507,48)","(1347,880)",,,,
294,"(228,1014)",,"(694,1019)","(1345,802)","(210,773)","(1330,672)","(1186,364)","(69,447)",,"(507,48)","(1349,880)",,,,
295,"(231,1017)",,"(694,1019)","(1345,802)","(210,773)","(1330,672)","(1186,364)","(69,447)","(51,414)","(508,48)","(1348,881)",,,,
296,"(231,1016)",,"(694,1018)","(1345,802)","(210,772)","(1330,672)","(1186,364)","(66,448)","(55,395)","(508,48)","(1347,879)",,,,
297,"(231,1015)",,"(693,1018)","(1345,802)","(210,772)","(1330,672)","(1186,364)","(68,448)","(55,395)","(508,47)","(1345,880)",,,,
298,"(231,1016)",,"(693,1019)","(1345,802)","(210,773)","(1330,672)","(1186,364)","(66,447)",,"(508,48)","(1345,878)",,,,
299,"(231,1015)",,"(697,1019)","(1346,802)","(210,772)","(1330,672)","(1186,363)","(65,447)","(55,395)","(508,47)","(1345,877)",,,,
300,"(231,1016)",,"(692,1019)","(1345,802)","(210,772)","(1330,671)","(1186,363)","(67,446)","(55,395)","(508,47)","(1347,876)","(1003,1033)",,,
301,"(232,1015)",,"(692,1019)","(1345,801)","(206,770)","(1330,672)","(1186,363)","(66,446)",,"(508,48)","(1347,876)",,,,
302,"(233,1017)",,"(691,1019)","(1345,802)","(206,770)","(1330,672)","(1186,363)","(66,445)",,"(508,48)","(1347,876)",,,,
303,"(233,1018)",,"(691,1019)","(1345,802)","(206,770)","(1330,672)","(1186,364)","(64,447)",,"(504,48)","(1347,875)",,,,
304,"(234,1016)",,"(691,1019)","(1345,802)","(210,773)","(1330,672)","(1186,364)","(64,446)",,"(509,48)","(1347,875)",,,,
305,"(234,1018)",,"(690,1019)","(1345,802)","(206,770)","(1330,672)","(1186,364)","(65,446)",,"(509,48)","(1347,874)",,,,
306,"(234,1019)",,"(690,1020)","(1345,802)","(206,771)","(1330,672)","(1186,364)","(64,447)","(55,395)","(507,48)","(1348,873)",,,,
307,"(235,1019)",,"(690,1020)","(1345,802)","(207,771)","(1330,672)","(1186,364)","(66,447)","(55,394)","(507,48)","(1347,872)",,,,
308,"(235,1019)",,"(690,1020)","(1345,802)","(207,771)","(1330,673)","(1186,364)","(65,447)","(55,394)","(508,48)","(1349,869)",,,,
309,"(235,1019)",,"(689,1020)","(1345,802)","(207,771)","(1330,673)","(1186,364)","(65,447)","(55,395)","(508,48)","(1349,868)",,,,
310,"(235,1019)",,"(686,1016)","(1345,802)","(207,771)","(1330,673)","(1186,364)","(65,447)","(55,395)","(508,48)","(1348,868)",,,,
311,"(237,1019)",,"(689,1020)","(1345,802)","(210,773)","(1330,673)","(1186,364)","(65,446)","(56,395)","(508,48)","(1347,867)",,,,
312,"(237,1016)",,"(689,1020)","(1345,802)","(210,773)","(1330,672)","(1186,364)","(65,446)","(55,395)","(508,48)","(1348,864)",,,,
313,"(243,1019)",,"(685,1020)","(1346,802)","(207,770)","(1330,672)","(1186,364)","(65,446)","(55,394)","(508,48)","(1350,864)",,,,
314,"(243,1018)",,"(688,1019)","(1345,801)","(210,772)","(1330,672)","(1186,364)","(65,446)","(55,395)","(508,48)","(1348,863)",,,,
315,"(244,1019)",,"(688,1019)","(1346,802)","(210,772)","(1330,672)","(1186,364)","(63,447)","(55,394)","(508,48)","(1349,861)",,,,
316,"(244,1018)",,"(688,1019)","(1345,800)","(210,772)","(1330,672)","(1186,364)","(65,446)",,"(508,48)","(1349,861)",,,,
317,"(246,1018)",,"(688,1020)","(1346,802)","(207,770)","(1330,672)","(1186,363)","(65,446)",,"(508,48)","(1348,860)",,,,
318,"(245,1017)",,"(687,1019)","(1345,802)","(206,771)","(1330,672)","(1186,364)","(65,446)","(55,394)","(508,48)","(1349,859)",,,,
319,"(245,1018)",,"(687,1019)","(1346,802)","(207,770)","(1331,672)","(1186,364)","(64,447)","(55,395)","(508,48)","(1346,857)",,,,
320,"(245,1018)",,"(686,1019)","(1345,802)","(206,771)","(1330,672)","(1186,364)","(66,446)","(56,395)","(508,48)","(1346,857)",,,,
321,"(246,1018)",,"(686,1019)","(1345,802)","(210,773)","(1330,672)","(1186,364)","(65,446)","(55,395)","(508,48)","(1346,856)",,,,
322,"(248,1018)",,"(686,1019)","(1345,802)","(207,770)","(1330,672)","(1186,363)","(65,446)","(55,395)","(508,48)","(1346,855)","(1002,1033)",,,
323,"(249,1018)",,"(686,1019)","(1345,802)","(207,770)","(1330,672)","(1186,363)","(65,446)","(55,395)","(508,48)","(1344,856)",,,,
324,"(251,1018)",,"(685,1019)","(1345,802)","(210,773)","(1330,672)","(1186,364)","(65,446)",,"(508,48)","(1346,857)",,,,
325,"(252,1017)",,"(686,1019)","(1345,802)","(207,771)","(1330,673)","(1186,364)","(64,447)","(55,395)","(508,48)","(1347,855)",,,,
326,"(252,1017)",,"(685,1019)","(1345,802)","(207,771)","(1330,673)","(1186,364)","(63,448)","(55,395)","(508,48)","(1347,854)",,,,
327,"(254,1017)",,"(686,1019)","(1345,802)","(207,770)","(1330,672)","(1186,364)","(63,447)","(55,395)","(507,48)","(1346,853)",,,,
328,"(255,1017)",,"(686,1019)","(1345,802)","(207,771)","(1330,673)","(1186,364)",,"(55,395)","(508,48)","(1346,849)",,,,
329,"(257,1017)",,"(686,1019)","(1345,802)","(210,773)","(1330,672)","(1186,364)","(66,450)","(55,394)","(508,48)","(1346,852)",,,,
330,"(257,1017)",,"(686,1019)","(1345,802)","(207,770)","(1330,672)","(1186,364)","(64,451)","(55,395)","(508,48)","(1347,851)",,,,
331,"(259,1016)",,"(686,1019)","(1346,802)","(207,771)","(1331,672)","(1187,363)","(66,447)","(55,395)","(508,47)","(1349,850)",,,,
332,"(259,1016)",,"(686,1018)","(1345,802)","(210,772)","(1330,672)","(1186,363)","(66,447)","(55,394)","(508,47)","(1349,849)",,,,
333,"(260,1017)",,"(686,1018)","(1346,802)","(210,773)","(1331,672)","(1186,363)","(66,448)","(56,395)","(509,48)","(1347,844)",,,,
334,"(261,1016)",,"(686,1018)","(1346,802)","(211,772)","(1331,672)","(1187,363)","(66,447)","(56,394)","(508,47)","(1349,844)",,,,
335,"(261,1017)",,"(686,1018)","(1346,802)","(211,772)","(1330,672)","(1186,363)","(67,447)","(56,395)","(509,47)","(1347,846)","(1005,1033)",,,
336,"(262,1016)",,"(686,1018)","(1345,801)","(206,769)","(1330,671)","(1186,363)","(67,446)","(55,394)","(508,47)","(1349,842)",,,,
337,"(264,1017)",,"(686,1018)","(1345,800)","(210,772)","(1328,672)","(1187,363)","(67,446)","(56,394)","(508,47)","(1349,842)",,,,
338,"(264,1017)",,"(687,1018)","(1346,802)","(207,770)","(1331,672)","(1187,363)","(66,446)","(55,394)","(509,47)","(1349,841)",,,,
339,"(265,1016)",,"(687,1018)","(1346,802)","(207,770)","(1330,672)","(1187,362)","(66,446)","(56,395)","(508,48)","(1349,840)",,,,
340,"(265,1016)",,"(687,1018)","(1345,802)","(210,772)","(1330,672)","(1188,360)","(65,445)","(55,395)","(508,48)","(1349,841)",,,,
341,"(265,1017)",,"(687,1018)","(1345,802)","(207,770)","(1330,672)","(1189,359)","(65,445)","(56,395)","(508,48)","(1349,840)",,,,
342,"(269,1016)",,"(687,1019)","(1346,802)","(210,773)","(1330,672)","(1190,358)","(65,445)","(55,395)","(508,47)","(1349,838)",,,,
343,"(269,1017)",,"(687,1019)","(1345,802)","(210,773)","(1330,672)","(1192,358)","(64,446)","(55,395)","(508,49)","(1347,838)",,,,
344,"(268,1017)",,"(687,1019)","(1345,802)","(206,770)","(1330,672)","(1192,356)","(65,445)","(55,395)","(509,49)","(1347,837)",,,,
345,"(271,1017)",,"(686,1019)","(1345,802)","(207,770)","(1330,672)","(1194,355)","(64,446)","(55,395)","(508,49)","(1347,836)",,,,
346,"(268,1017)",,"(687,1019)","(1346,802)","(210,773)","(1330,672)","(1191,353)","(65,446)","(55,395)","(509,49)","(1349,835)",,,,
347,"(269,1017)",,"(686,1019)","(1346,802)","(206,770)","(1330,672)","(1193,352)","(64,446)",,"(508,48)","(1349,835)",,,,
348,"(269,1017)",,"(686,1019)","(1346,802)","(210,773)","(1330,672)","(1196,353)","(65,445)",,"(508,48)","(1348,835)","(1003,1033)",,,
349,"(271,1016)",,"(686,1019)","(1346,802)","(210,772)","(1330,672)","(1197,351)","(64,446)",,"(508,47)","(1348,835)",,,,
350,"(272,1015)",,"(686,1018)","(1346,801)","(207,769)","(1330,671)","(1198,350)","(64,445)",,"(508,47)","(1348,838)",,,,
351,"(273,1016)",,"(686,1019)","(1346,802)","(207,770)","(1330,672)","(1200,349)","(65,446)",,"(508,47)","(1350,837)",,,,
352,"(271,1015)",,"(686,1018)","(1346,802)","(207,770)","(1331,672)","(1201,346)","(65,446)",,"(509,47)","(1350,836)",,,,
353,"(272,1015)",,"(686,1018)","(1346,802)","(207,770)","(1331,671)","(1203,346)","(66,445)",,"(509,47)","(1350,836)",,,,
354,"(271,1014)",,"(686,1018)","(1346,801)","(207,770)","(1330,672)","(1205,346)","(65,445)",,"(509,48)","(1350,832)",,,,
355,"(272,1015)",,"(686,1018)","(1346,801)","(207,769)","(1328,671)","(1206,344)","(65,445)",,"(508,47)","(1350,836)",,,,
356,"(275,1014)",,"(686,1019)","(1346,802)","(207,770)","(1327,672)","(1209,343)","(65,446)",,"(508,47)","(1350,832)",,,,
357,"(276,1014)",,"(686,1019)","(1346,802)","(209,772)","(1327,671)","(1211,342)","(62,447)",,"(507,47)","(1349,835)",,,,
358,"(277,1014)",,"(685,1019)","(1346,802)","(207,770)","(1327,671)","(1212,341)","(63,447)",,"(508,48)","(1349,837)",,,,
359,"(277,1015)",,"(685,1019)","(1346,802)","(208,772)","(1327,672)","(1213,338)","(62,447)",,"(507,47)","(1348,832)",,,,
360,"(277,1014)",,"(686,1020)",,"(209,772)","(1328,672)","(1215,336)","(62,447)",,"(507,48)","(1349,834)",,,,
361,"(276,1016)",,"(686,1019)",,"(206,770)","(1327,672)","(1215,337)","(62,448)",,"(507,47)","(1348,831)",,,,
362,"(278,1015)",,"(686,1019)",,"(210,770)","(1327,672)","(1216,336)","(61,448)",,"(504,47)","(1346,819)",,,,
363,"(277,1015)",,"(686,1019)",,"(206,770)","(1327,672)","(1217,336)","(61,449)",,"(504,47)","(1346,819)",,,,
364,"(278,1015)",,"(686,1019)",,"(210,772)","(1327,671)","(1218,333)","(60,449)",,"(507,47)","(1346,819)",,,,
365,"(278,1012)",,"(686,1019)",,"(209,770)","(1330,672)","(1218,333)","(63,447)",,"(503,47)","(1349,829)",,,,
366,"(278,1013)",,"(685,1019)",,"(207,770)","(1327,672)","(1219,333)","(64,446)",,"(504,48)","(1349,830)",,,,
367,"(278,1014)",,"(686,1019)",,"(210,772)","(1327,671)","(1220,331)","(65,446)",,"(508,47)","(1349,830)",,,,
368,"(280,1013)",,"(686,1019)",,"(209,772)","(1327,671)","(1221,331)","(65,446)",,"(508,48)","(1349,829)",,,,
369,"(277,1012)",,"(685,1019)",,"(209,772)","(1327,671)","(1221,329)","(65,446)",,"(503,48)","(1349,828)",,,,
370,"(280,1012)",,"(685,1019)",,"(210,772)","(1328,671)","(1223,330)","(65,446)",,"(507,48)","(1347,830)",,,,
371,"(280,1011)",,"(685,1019)",,"(210,772)","(1327,671)","(1223,328)","(65,446)",,"(508,47)","(1346,816)",,,,
372,"(279,1013)",,"(685,1019)",,"(206,769)","(1327,671)","(1223,327)","(65,446)",,"(507,48)",,,,,
373,"(279,1012)",,"(685,1019)",,"(210,772)","(1327,671)","(1225,328)","(65,446)",,"(504,47)","(1346,815)",,,,
374,"(279,1012)",,"(685,1019)",,"(209,772)","(1327,671)","(1226,327)","(66,446)",,"(503,47)","(1346,815)",,,,
375,"(279,1012)",,"(685,1019)",,"(209,772)","(1327,671)","(1225,326)","(65,446)",,"(508,48)",,,,,
376,"(279,1012)",,"(685,1019)",,"(210,770)","(1327,672)","(1226,326)","(65,446)",,"(508,47)","(1345,814)",,,,
377,"(280,1012)",,"(685,1019)",,"(207,770)","(1327,672)","(1228,325)","(62,452)",,"(503,48)","(1346,813)",,,,
378,"(279,1012)",,"(684,1019)",,"(206,770)","(1330,672)","(1227,325)","(63,449)",,"(507,47)","(1345,813)",,,,
379,"(280,1013)",,"(684,1020)",,"(209,772)","(1330,672)","(1229,324)","(66,447)",,"(508,48)","(1345,813)","(1005,1033)",,,
380,"(279,1013)",,"(684,1020)",,"(206,770)","(1330,672)","(1229,324)","(66,447)",,"(508,47)","(1345,813)","(1005,1033)",,,
381,"(279,1013)",,,,"(209,773)","(1329,672)","(1229,323)","(65,447)",,"(507,48)",,,,,
382,"(278,1012)",,"(684,1019)",,"(210,772)","(1329,672)","(1230,323)","(65,447)",,"(508,48)",,,,,
383,"(279,1010)",,"(684,1019)",,"(209,772)","(1330,672)","(1229,323)","(65,447)",,"(508,48)",,,,,
384,"(278,1012)",,"(685,1019)",,"(210,772)","(1327,672)","(1230,322)","(65,447)",,"(508,48)",,,,,
385,"(278,1012)",,,,"(209,772)",,"(1231,322)","(64,447)",,"(508,48)",,,,,
386,"(280,1012)",,"(685,1019)",,"(210,772)",,"(1231,322)","(64,446)",,"(508,48)",,,,,
387,"(278,1012)",,"(685,1019)",,"(210,772)","(1327,672)","(1230,322)","(64,446)",,"(508,48)",,,,,
388,"(279,1012)",,,,"(209,772)","(1330,671)","(1230,321)","(64,445)",,"(507,47)",,,,,
389,"(281,1012)",,"(685,1019)",,"(209,772)",,"(1230,321)","(63,447)",,"(508,48)",,,,,
390,"(281,1012)",,"(685,1019)",,"(209,772)","(1330,671)","(1230,322)","(64,446)",,"(508,48)",,,,,
391,"(279,1012)",,"(685,1019)",,"(210,772)",,"(1230,321)","(64,446)",,"(508,48)",,,,,
392,"(279,1012)",,"(685,1019)",,"(209,772)",,"(1230,321)","(64,446)",,"(508,48)",,,,,
393,"(280,1012)",,"(686,1018)",,"(206,770)",,"(1230,321)","(63,447)",,"(508,48)",,,,,
394,"(282,1013)",,"(686,1019)",,"(210,773)","(1328,672)","(1230,322)","(62,452)",,"(508,48)",,,,,
395,"(269,1016)",,"(686,1019)",,"(206,770)","(1330,672)","(1230,322)","(64,446)",,"(508,48)",,,,,
396,"(269,1019)",,"(686,1019)","(1346,807)","(210,772)","(1330,672)","(1230,322)","(62,452)",,"(508,49)",,,,,
397,"(270,1017)",,"(687,1020)",,"(210,772)","(1330,672)","(1230,322)","(62,453)",,"(508,48)",,,,,
398,"(270,1019)",,"(687,1019)",,"(206,770)","(1330,672)","(1230,322)",,,"(508,48)",,,,,
399,"(269,1017)",,"(687,1019)",,"(206,770)","(1330,672)","(1230,321)","(62,451)",,"(508,49)",,"(1005,1033)",,,
400,,,"(687,1019)",,"(206,770)","(1327,672)","(1230,322)","(63,448)",,"(508,49)",,,,"(1311,1034)",
401,,,"(687,1019)","(1345,804)","(208,772)","(1330,672)","(1230,322)",,,"(508,49)",,,,,
402,,,"(687,1019)","(1345,804)","(206,770)","(1330,672)","(1231,322)",,,"(508,49)",,,,,
403,,,"(687,1019)","(1345,804)","(208,773)","(1327,672)","(1231,321)","(62,447)",,"(508,49)",,,,,
404,,,"(687,1018)","(1345,803)","(208,772)","(1330,672)","(1231,321)","(64,446)",,"(508,49)",,,,,
405,,,"(687,1018)","(1345,803)","(207,771)","(1330,672)","(1230,321)","(64,446)",,"(508,49)",,,,,
406,,,"(687,1018)",,"(208,771)","(1330,672)","(1230,321)","(64,446)",,"(505,49)",,,,,
407,,,"(687,1018)","(1346,801)","(208,772)",,"(1230,321)","(63,446)",,"(505,50)",,,,,
408,,,"(687,1018)","(1346,800)","(208,772)",,"(1231,321)","(65,446)",,"(507,47)",,,,,
409,"(277,1016)",,"(688,1018)","(1346,800)","(209,772)","(1330,671)","(1230,321)","(64,446)",,"(508,48)",,,,,
410,"(277,1015)",,"(688,1018)","(1345,798)","(208,772)","(1330,672)","(1230,321)","(64,446)",,"(508,48)",,,,,
411,"(278,1015)",,"(688,1018)","(1346,798)","(205,772)","(1330,672)","(1230,321)",,,"(508,49)",,,,,
412,"(278,1015)",,"(688,1018)","(1346,798)","(204,771)","(1330,672)","(1231,321)","(65,447)",,"(508,49)",,,,,
413,"(279,1016)",,"(688,1018)","(1346,797)","(203,772)","(1330,672)","(1230,319)",,,"(509,49)",,,,,
414,"(279,1017)",,"(688,1018)","(1346,798)","(206,773)","(1330,672)","(1231,317)","(65,447)",,"(508,48)",,,,,
415,"(279,1017)",,"(689,1018)","(1346,797)","(205,773)","(1330,672)","(1231,317)","(65,447)",,"(508,48)",,,,,
416,"(279,1017)",,"(688,1018)","(1345,796)","(205,773)","(1330,672)","(1232,317)","(65,447)",,"(508,48)",,,,,
417,"(279,1017)",,"(688,1018)","(1345,796)","(204,772)","(1330,672)","(1232,316)","(63,448)",,"(508,50)",,,,,
418,"(280,1018)",,"(688,1018)","(1345,795)","(196,769)","(1330,672)","(1233,316)","(65,448)",,"(508,50)",,,,,
419,"(286,1019)",,"(688,1018)","(1346,794)","(195,769)","(1330,672)","(1234,314)","(65,447)",,"(508,49)",,,,,
420,"(287,1018)",,"(688,1018)","(1345,794)","(195,769)","(1330,672)","(1235,317)","(64,446)",,"(508,49)",,,,,
421,"(280,1019)",,"(688,1018)","(1345,794)","(199,772)","(1330,671)","(1235,318)","(65,447)",,"(508,48)",,,,,
422,,,"(692,1017)","(1346,793)","(199,770)","(1330,671)","(1236,317)","(64,446)",,"(508,48)",,,,,
423,,,"(686,1017)","(1349,782)","(197,769)","(1330,670)","(1236,318)","(65,446)",,"(508,48)",,,,,
424,"(283,1018)",,"(686,1017)","(1346,792)","(196,771)","(1330,670)","(1236,318)","(64,446)",,"(508,48)",,,,,
425,"(283,1018)",,"(689,1017)","(1349,778)","(204,773)","(1330,670)","(1235,318)","(64,446)",,"(508,48)",,,,,
426,"(284,1018)",,"(689,1017)","(1349,778)","(198,774)","(1330,672)","(1235,318)","(64,446)",,"(508,48)",,,,,
427,"(284,1018)",,,"(1349,778)","(204,773)","(1330,671)","(1235,318)","(64,446)",,"(508,49)",,,,,
428,"(287,1018)",,"(688,1017)","(1350,779)","(204,773)","(1331,671)","(1236,318)","(65,446)",,"(508,48)",,,,,
429,"(288,1018)",,"(689,1017)","(1349,779)","(199,774)","(1330,671)","(1235,317)","(64,445)",,"(508,48)",,,,,
430,"(289,1018)",,"(687,1016)","(1350,779)",,"(1330,671)","(1235,318)","(64,446)",,"(508,49)",,,,,
431,"(289,1019)",,"(687,1017)","(1349,778)","(203,774)","(1330,672)","(1236,317)","(64,446)",,"(508,48)",,,,,
432,"(291,1018)",,"(688,1017)","(1349,778)","(203,773)","(1330,672)","(1236,318)","(64,446)",,"(508,48)",,,,,
433,"(291,1018)",,"(688,1017)","(1349,779)","(195,774)","(1330,672)","(1235,318)","(65,446)","(53,396)","(508,49)",,,,,
434,"(292,1018)",,"(688,1017)","(1350,776)","(203,773)","(1330,673)","(1235,318)","(65,447)",,"(508,49)",,"(1004,1033)",,,
435,"(289,1018)",,"(688,1017)","(1349,775)","(193,774)","(1330,672)","(1235,318)","(65,447)","(53,397)","(508,49)",,,,,
436,"(289,1017)",,"(688,1017)","(1349,774)","(194,775)","(1330,672)","(1235,318)","(65,447)","(54,394)","(508,49)",,,,,
437,"(291,1017)",,"(687,1017)","(1349,774)","(201,776)","(1330,672)","(1235,318)","(66,447)",,"(508,49)",,,,,
438,"(292,1017)",,"(688,1017)","(1349,770)","(201,772)","(1330,672)","(1235,318)","(65,447)",,"(508,49)",,,,,
439,"(292,1017)",,"(688,1016)","(1347,773)","(191,773)","(1330,672)","(1235,318)","(66,447)","(53,397)","(509,50)",,,,,
440,"(292,1018)",,"(687,1016)","(1349,772)","(201,774)","(1330,672)","(1235,318)","(66,448)","(55,395)","(508,50)",,,,,
441,"(291,1017)",,"(687,1017)","(1347,770)","(202,773)","(1330,672)","(1235,317)","(66,447)",,"(508,49)",,,,,
442,"(293,1016)",,"(688,1017)","(1347,769)","(201,776)","(1330,672)","(1235,317)","(66,447)",,"(508,48)",,,,,
443,"(295,1017)",,"(688,1016)","(1347,768)","(201,773)","(1330,671)","(1236,317)","(66,447)",,"(508,48)",,,,,
444,"(295,1017)",,"(688,1016)","(1349,767)","(201,773)","(1330,671)","(1236,317)","(66,447)",,"(508,48)",,,,,
445,"(294,1017)",,"(687,1017)","(1349,767)","(191,772)","(1330,671)","(1235,317)","(66,446)",,"(508,48)",,,,,
446,"(298,1017)",,"(687,1016)","(1349,766)","(201,773)","(1330,671)","(1235,317)","(66,447)",,"(509,48)",,,,,
447,"(293,1017)",,"(688,1017)","(1349,766)","(201,777)","(1330,671)","(1235,317)","(66,447)",,"(508,48)",,,,,
448,"(297,1017)",,"(688,1016)","(1347,765)","(201,777)","(1329,670)","(1235,318)","(66,446)",,"(508,48)",,,,,
449,"(297,1017)",,"(687,1017)","(1348,764)","(201,773)","(1329,672)","(1235,318)","(66,447)",,"(507,48)",,,,,
450,"(297,1017)",,"(687,1017)","(1348,763)","(201,772)","(1330,672)","(1235,318)","(66,447)",,"(507,48)","(1345,800)",,,,
451,"(297,1017)",,"(687,1017)","(1349,762)","(213,776)","(1330,672)","(1236,318)","(66,447)",,"(508,49)","(1345,801)",,,,
452,"(298,1017)",,"(688,1017)","(1349,762)","(191,772)","(1330,672)","(1235,318)","(66,447)",,"(507,49)","(1345,801)",,,,
453,"(298,1017)",,"(688,1017)","(1350,759)","(187,771)","(1330,672)","(1235,318)","(67,448)",,"(507,50)","(1346,801)",,,"(1313,1030)",
454,"(298,1017)",,"(688,1017)","(1350,759)","(187,770)","(1330,672)","(1235,318)","(67,448)","(55,394)","(507,49)","(1346,800)",,,"(1312,1030)",
455,"(298,1017)",,"(688,1017)","(1349,760)","(187,774)","(1330,672)","(1235,318)","(67,448)",,"(508,49)","(1346,801)",,,,
456,"(300,1016)",,"(688,1017)","(1349,757)","(187,772)","(1330,672)","(1235,318)","(67,448)",,"(508,48)","(1346,800)",,,,
457,"(302,1014)",,"(688,1017)","(1349,757)","(185,771)","(1330,672)","(1235,318)","(66,448)",,"(507,48)","(1346,800)",,,,"(216,776)"
458,"(300,1018)",,"(688,1017)","(1349,757)","(186,774)","(1330,672)","(1235,318)","(66,448)",,"(507,48)","(1346,800)",,,,
459,"(300,1017)",,"(688,1017)","(1349,756)","(184,770)","(1330,672)","(1235,318)","(66,447)",,"(508,48)","(1345,800)",,,,
460,"(302,1016)",,"(688,1017)","(1349,751)","(184,774)","(1330,672)","(1236,318)","(67,448)",,"(508,49)","(1345,800)",,,,
461,"(304,1016)",,"(688,1016)","(1349,750)","(186,771)","(1330,672)","(1235,318)","(67,447)",,"(507,48)","(1346,800)",,,,
462,"(303,1016)",,"(689,1016)","(1350,750)","(185,770)","(1330,672)","(1235,318)","(67,447)",,"(508,48)","(1346,800)",,,,
463,"(306,1017)",,"(689,1017)","(1350,752)","(186,771)","(1330,672)","(1236,317)","(67,447)",,"(508,48)","(1346,800)",,,,
464,"(304,1014)",,"(689,1016)","(1348,751)","(187,771)","(1331,671)","(1236,318)","(67,447)",,"(508,48)","(1346,800)",,,,
465,"(305,1016)",,"(688,1016)","(1348,751)","(184,771)","(1330,672)","(1236,317)","(67,448)",,"(508,48)","(1346,800)",,,,
466,"(304,1016)",,"(688,1017)","(1350,749)","(183,775)","(1330,672)","(1235,317)","(67,448)",,"(508,48)","(1346,800)",,,,
467,"(305,1016)",,"(689,1016)","(1350,749)","(183,776)","(1330,671)","(1236,317)","(67,447)",,"(507,48)","(1346,801)",,,,
468,"(305,1017)",,"(689,1017)","(1350,748)","(184,775)","(1330,671)","(1236,317)","(68,448)",,"(507,48)","(1346,801)",,,,
469,"(305,1017)",,"(687,1017)","(1350,748)","(183,773)","(1330,672)","(1236,318)","(68,449)",,"(508,49)","(1346,800)",,,,
470,"(306,1016)",,"(687,1017)","(1350,748)","(184,775)","(1330,672)","(1235,317)","(68,448)","(53,396)","(507,48)","(1346,800)",,,,
471,"(306,1017)",,"(688,1017)","(1349,748)","(182,774)","(1330,672)","(1236,318)","(69,448)","(54,394)","(507,48)","(1346,800)",,,,
472,"(306,1018)",,"(688,1016)","(1348,746)","(180,773)","(1331,672)","(1236,318)","(70,448)","(56,394)","(508,48)","(1347,801)",,,,
473,"(306,1018)",,"(688,1017)","(1348,746)","(181,775)","(1330,671)","(1236,318)","(70,448)","(56,395)","(507,48)","(1346,800)",,,,
474,"(306,1018)",,"(687,1017)","(1350,746)","(179,773)","(1330,671)","(1236,318)","(70,447)","(55,394)","(507,47)","(1346,800)",,,,
475,"(307,1016)",,"(688,1017)","(1350,745)","(179,774)","(1330,671)","(1236,318)","(70,448)",,"(506,47)","(1346,800)",,,,
476,"(307,1016)",,"(689,1016)","(1350,741)","(186,772)","(1326,672)","(1235,318)","(70,448)",,"(507,47)",,,,,
477,"(307,1016)",,"(689,1016)","(1350,741)","(186,772)","(1326,672)","(1235,319)","(70,448)",,"(507,47)",,,,,
478,"(306,1017)",,"(690,1015)","(1350,740)","(177,771)","(1329,671)","(1236,318)","(70,447)",,"(503,47)",,,,,
479,"(309,1016)",,"(689,1016)","(1349,743)","(185,772)","(1330,672)","(1235,318)","(70,447)","(53,392)","(506,47)",,,,,
480,"(310,1016)",,"(687,1016)","(1350,740)","(185,771)","(1325,672)","(1236,318)","(70,448)",,"(506,47)",,,,,
481,"(310,1016)",,"(687,1016)","(1349,740)","(190,770)","(1325,672)","(1236,317)","(70,446)","(54,393)","(503,47)",,,,,
482,"(309,1016)",,"(689,1016)","(1348,740)","(181,772)","(1327,673)","(1235,318)","(71,447)",,"(506,47)",,,,,
483,"(309,1016)",,"(690,1017)","(1350,740)","(185,772)","(1329,673)","(1236,318)","(71,448)",,"(506,48)",,,,,
484,"(309,1016)",,"(689,1015)","(1349,741)","(174,772)","(1327,671)","(1235,317)","(71,447)",,"(503,47)",,,,,
485,"(308,1017)",,"(690,1017)","(1349,738)","(185,772)","(1326,673)","(1236,319)","(71,448)",,"(503,49)",,,,,
486,"(310,1016)",,"(689,1016)","(1348,740)","(188,771)","(1326,671)","(1235,317)","(70,446)",,"(506,47)",,,,,"(174,772)"
487,"(309,1016)",,,"(1349,741)","(184,772)","(1327,672)","(1236,318)","(71,448)","(54,393)","(506,47)",,,,,
488,"(309,1016)",,"(689,1016)","(1350,737)","(187,772)","(1326,672)","(1235,318)","(71,447)",,"(506,47)",,,,,
489,"(309,1016)",,"(689,1017)","(1349,737)","(184,770)","(1325,672)","(1235,318)","(70,447)",,"(505,48)",,,,,
490,"(307,1016)",,"(689,1017)","(1350,738)","(188,772)","(1326,672)","(1236,317)","(71,447)",,"(506,47)",,,,,
491,"(313,1015)",,"(690,1017)","(1348,738)","(185,772)","(1327,672)","(1235,319)","(71,447)","(53,393)","(505,48)",,,,,
492,"(308,1016)",,"(689,1017)","(1350,738)","(187,770)","(1326,672)","(1235,318)","(71,445)",,"(505,47)",,,,,
493,,,"(689,1017)","(1350,732)","(186,771)","(1328,672)","(1235,317)","(72,445)",,"(503,47)",,,,,
494,,,"(689,1017)","(1350,735)","(187,771)","(1327,672)","(1236,318)","(72,445)","(54,391)","(506,47)",,,,,
495,,,"(689,1016)","(1348,735)","(191,769)","(1327,672)","(1236,317)","(72,445)","(54,393)","(506,47)",,,,,
496,,,"(690,1016)","(1348,734)",,"(1327,671)","(1235,318)","(71,444)","(54,393)","(503,47)",,,,,
497,,,"(689,1017)","(1347,733)","(188,769)","(1328,672)","(1236,318)","(72,445)","(54,391)","(506,47)",,,,,
498,,"(1253,1033)","(689,1016)","(1347,730)",,"(1327,671)","(1235,317)","(73,443)","(53,391)","(506,47)","(1346,795)",,,,
499,,"(1253,1033)","(689,1017)","(1347,732)",,"(1327,672)","(1236,318)","(73,444)",,"(503,47)","(1346,794)",,,,
500,"(308,1015)","(1252,1033)","(689,1017)","(1349,731)",,"(1327,671)","(1235,318)","(72,443)",,"(506,47)","(1344,792)",,,,
501,,,"(689,1017)","(1347,732)",,"(1327,672)","(1236,318)","(72,444)","(54,392)","(503,47)","(1345,792)",,,,
502,"(308,1015)",,"(689,1017)","(1348,731)","(187,771)","(1327,672)","(1235,318)","(72,444)",,"(505,47)","(1344,793)",,,,
503,,,"(689,1017)","(1349,731)","(185,771)","(1327,672)","(1235,318)","(73,443)",,"(505,47)","(1344,794)",,,,
504,"(307,1015)",,"(689,1017)","(1349,729)",,"(1326,672)","(1235,318)","(73,442)",,"(505,47)","(1346,793)",,,,
505,"(308,1016)",,"(690,1017)","(1349,730)","(186,772)","(1327,672)","(1236,319)","(74,443)",,"(502,49)","(1348,795)",,,,
506,"(307,1015)",,"(688,1017)","(1349,726)",,"(1326,672)","(1235,318)","(74,442)","(53,391)","(502,47)","(1346,794)",,,,
507,,,"(689,1017)","(1348,726)",,"(1326,672)","(1235,318)","(75,443)",,"(502,48)","(1347,795)",,,,
508,"(307,1017)",,"(690,1018)","(1348,730)","(182,772)","(1327,673)","(1235,319)","(75,445)",,"(503,49)","(1348,798)",,,,
509,"(308,1015)",,"(688,1016)","(1349,727)","(188,770)","(1327,672)","(1235,317)","(74,443)",,"(502,47)","(1347,794)",,,,
510,,,"(690,1018)","(1348,726)","(181,772)","(1327,673)","(1235,319)","(76,444)",,"(502,49)","(1348,797)",,,,
511,"(309,1013)",,"(689,1016)","(1347,725)","(187,770)","(1326,671)","(1235,317)","(76,442)",,"(505,47)","(1348,795)",,,,
512,"(310,1015)",,"(689,1017)","(1349,727)","(181,772)","(1327,673)","(1236,319)","(75,444)","(53,392)","(504,48)","(1348,795)",,,,
513,"(310,1014)",,"(689,1016)","(1349,728)","(192,770)","(1327,672)","(1235,317)","(74,443)",,"(505,47)","(1348,796)",,,,
514,"(309,1014)",,"(688,1016)","(1348,728)","(184,770)","(1327,672)","(1235,317)","(74,443)",,"(506,47)","(1348,796)",,,,
515,"(310,1013)",,"(688,1016)","(1348,728)","(183,770)","(1330,672)","(1235,317)","(75,443)","(53,392)","(504,47)","(1348,795)",,,,
516,"(310,1014)",,"(689,1016)","(1348,725)",,"(1326,672)","(1235,317)","(75,442)",,"(502,47)","(1348,795)",,,,
517,"(310,1014)",,"(690,1017)","(1350,726)",,"(1327,672)","(1236,317)","(75,443)","(53,392)","(502,47)","(1348,795)",,,,
518,"(310,1014)",,"(689,1016)","(1348,725)","(185,769)","(1327,672)","(1236,316)","(75,442)",,"(502,47)","(1348,795)",,,,
519,"(311,1014)",,"(690,1017)","(1348,725)","(186,770)","(1327,672)","(1236,316)","(75,442)",,"(505,47)","(1348,795)",,,,
520,"(311,1014)",,"(689,1016)","(1349,725)","(185,770)","(1327,672)","(1237,316)","(76,442)",,"(506,47)","(1348,794)",,,,
521,"(311,1014)",,"(689,1016)","(1348,724)","(185,770)","(1327,671)","(1237,315)","(76,441)",,"(504,47)","(1348,795)",,,,
522,"(312,1014)",,"(689,1017)","(1349,723)","(185,771)","(1328,672)","(1239,315)","(76,442)",,"(506,47)","(1348,795)",,,,
523,"(312,1013)",,"(690,1017)","(1348,723)","(181,770)","(1327,672)","(1239,314)","(76,442)",,"(503,47)","(1348,795)",,,,
524,"(312,1014)",,"(689,1017)","(1349,722)","(189,771)","(1327,672)","(1240,314)","(75,443)",,"(503,48)","(1348,794)",,,,
525,"(313,1013)",,"(690,1016)","(1350,722)","(181,769)","(1327,672)","(1240,313)","(76,442)",,"(504,47)","(1348,795)",,,,
526,"(312,1013)",,"(689,1017)","(1347,725)","(181,770)","(1327,672)","(1242,313)","(76,443)",,"(504,47)","(1348,796)",,,,
527,"(312,1013)",,"(689,1017)","(1348,722)","(181,769)","(1328,672)","(1242,311)","(76,443)",,"(506,48)","(1348,795)",,,,
528,"(313,1013)",,"(690,1017)","(1349,722)","(182,770)","(1327,672)","(1243,311)","(76,443)","(53,393)","(504,47)","(1349,796)",,,,
529,"(313,1013)",,"(689,1017)","(1347,721)","(181,768)","(1327,672)","(1243,311)","(77,443)",,"(506,47)","(1349,796)",,,,
530,"(312,1013)",,"(689,1017)","(1349,721)","(180,769)","(1330,672)","(1243,309)","(75,443)",,"(506,47)","(1349,794)",,,,
531,"(314,1013)",,"(689,1017)","(1350,720)","(184,770)","(1328,672)","(1244,309)","(78,444)","(54,393)","(506,47)","(1350,794)",,,,
532,"(313,1013)",,"(690,1016)","(1346,720)","(176,762)","(1330,671)","(1245,308)","(79,442)",,"(503,47)","(1349,795)",,,,
533,"(313,1014)",,"(690,1017)","(1348,720)","(184,768)","(1327,672)","(1246,309)","(79,443)","(54,393)","(506,48)","(1350,796)",,,,
534,"(313,1013)",,"(690,1016)","(1348,717)","(181,766)","(1330,671)","(1240,311)","(79,442)",,"(506,47)","(1349,794)",,,,
535,"(313,1015)",,"(689,1017)","(1347,716)","(180,766)","(1327,672)","(1247,308)","(77,445)","(53,393)","(506,48)","(1350,796)",,,,
536,"(314,1014)",,"(690,1016)","(1350,714)","(180,764)","(1328,671)","(1247,306)","(79,443)","(53,392)","(506,47)","(1349,795)",,,,
537,"(314,1015)",,"(690,1017)","(1350,716)","(176,759)","(1327,672)","(1241,312)","(80,444)",,"(506,47)","(1349,795)",,,,
538,"(315,1015)",,"(689,1016)","(1347,713)","(176,760)","(1327,671)","(1242,312)","(80,444)",,"(506,47)","(1349,795)",,,,
539,"(316,1017)",,"(689,1017)","(1348,714)","(175,762)","(1327,672)","(1247,306)","(78,446)",,"(506,47)","(1350,795)",,,,
540,"(315,1016)",,"(688,1016)","(1349,709)","(177,757)","(1327,671)","(1243,310)","(81,443)",,"(506,47)","(1348,794)",,,,
541,"(316,1017)",,"(689,1018)","(1350,715)","(181,765)","(1327,673)","(1248,306)","(81,445)","(53,393)","(506,47)","(1348,796)",,,,
542,,,"(689,1017)","(1349,708)","(178,758)","(1327,672)","(1251,305)","(78,444)",,"(506,47)","(1349,796)",,,,
543,,,"(689,1017)","(1348,706)","(183,764)","(1330,672)","(1261,293)","(78,446)",,"(505,47)","(1349,796)",,,,
544,"(315,1018)",,"(689,1017)","(1347,706)","(181,763)","(1327,672)","(1278,279)","(82,444)","(54,394)","(506,48)","(1349,798)",,,,
545,"(315,1017)",,"(689,1017)","(1349,705)","(181,763)","(1327,672)","(1286,270)","(81,444)","(53,393)","(506,47)","(1349,796)",,,,
546,"(316,1017)",,"(689,1017)","(1347,707)","(178,760)","(1327,672)","(1304,261)","(81,445)",,"(506,48)","(1349,796)",,,,
547,"(317,1017)",,"(689,1016)","(1347,704)","(180,762)","(1327,672)","(1314,255)","(81,444)","(53,393)","(506,47)","(1349,796)",,,,
548,"(318,1018)",,"(689,1017)","(1349,707)","(180,762)","(1327,672)","(1314,257)","(83,444)","(53,393)","(506,47)","(1349,796)",,,,
549,"(317,1018)",,"(689,1017)","(1349,703)","(177,762)","(1327,672)","(1314,256)","(80,446)",,"(505,47)","(1349,795)",,,,
550,"(318,1019)",,"(689,1017)","(1349,703)","(178,761)","(1327,672)","(1310,259)","(81,446)",,"(506,47)","(1348,796)",,,"(1312,1032)",
551,"(318,1019)",,"(689,1017)","(1349,703)","(179,762)","(1327,672)","(1310,260)","(84,444)","(52,393)","(506,47)","(1348,801)",,,"(1312,1032)",
552,"(320,1019)",,"(689,1017)","(1349,702)","(178,761)","(1326,671)","(1310,262)","(81,445)",,"(506,47)","(1348,795)",,,,
553,"(319,1019)",,"(689,1017)","(1349,701)","(178,760)","(1327,672)","(1311,263)","(84,445)","(55,395)","(506,47)","(1348,796)",,,"(1313,1032)",
554,"(318,1019)",,"(689,1017)","(1348,704)","(177,759)","(1326,671)","(1311,261)","(82,445)",,"(506,47)","(1348,795)",,,,
555,"(319,1020)",,"(688,1017)","(1349,701)","(178,761)","(1326,671)","(1311,260)","(82,445)",,"(506,47)","(1348,795)",,,,
556,,,"(689,1017)","(1347,700)","(177,760)","(1326,672)","(1312,260)","(82,446)",,"(506,47)","(1348,796)",,,"(1312,1033)",
557,"(326,1019)","(1253,1033)","(689,1017)","(1348,698)","(177,759)","(1331,689)","(1312,260)","(82,445)",,"(505,47)","(1348,794)",,,,
558,"(323,1019)",,"(689,1017)","(1347,699)","(177,759)","(1331,690)","(1312,261)","(84,445)","(53,393)","(506,48)","(1348,795)",,,,
559,"(322,1018)",,"(689,1017)","(1348,698)","(177,758)","(1331,689)","(1312,261)","(83,445)",,"(505,47)","(1347,795)",,,,
560,"(326,1019)",,"(689,1017)","(1348,698)","(177,758)","(1331,689)","(1311,261)","(82,446)",,"(505,47)","(1347,800)",,,,
561,"(327,1019)",,"(688,1017)","(1347,698)","(177,760)","(1331,689)","(1312,261)","(83,444)",,"(506,48)","(1347,800)",,,,
562,"(325,1020)",,"(688,1017)","(1349,698)","(177,758)","(1331,689)","(1312,262)","(83,446)",,"(505,47)","(1347,795)",,,,
563,"(325,1020)",,"(688,1017)","(1347,698)","(178,761)","(1331,688)","(1312,262)","(82,445)","(53,396)","(505,48)","(1347,795)",,,,
564,"(328,1020)",,"(689,1017)","(1349,694)","(178,761)","(1331,687)","(1312,262)","(83,445)",,"(505,47)","(1347,802)",,,,
565,"(329,1019)",,"(689,1017)","(1348,692)","(181,763)","(1331,686)","(1312,262)","(83,445)","(53,393)","(506,47)","(1347,802)",,,,
566,"(327,1019)",,"(689,1017)","(1349,693)","(181,762)","(1331,686)","(1312,262)","(82,445)","(54,395)","(505,47)","(1347,801)",,,,
567,"(327,1018)",,"(689,1016)","(1348,688)","(178,759)","(1331,685)","(1313,262)","(83,445)","(54,394)","(506,47)","(1347,795)",,,,
568,"(329,1019)","(1254,1033)","(688,1017)","(1349,690)","(177,760)","(1331,685)","(1313,262)","(83,445)","(53,393)","(506,47)","(1347,802)",,,,
569,"(330,1019)",,"(690,1016)","(1349,690)","(181,762)","(1331,684)","(1313,258)","(83,445)","(53,393)","(505,47)","(1347,802)",,,,
570,"(333,1018)",,"(689,1017)","(1350,689)","(177,760)","(1331,684)","(1314,258)","(82,446)","(54,394)","(506,47)","(1348,796)",,,,
571,"(333,1018)",,"(689,1017)","(1350,688)","(176,759)","(1331,683)","(1314,258)","(82,446)","(53,394)","(505,47)","(1347,797)",,,,
572,"(334,1018)",,"(689,1017)","(1350,687)","(180,762)","(1331,683)","(1313,258)","(82,446)","(54,395)","(505,47)","(1347,802)",,,"(1312,1031)",
573,"(334,1019)",,"(689,1017)","(1348,684)","(180,762)","(1331,683)","(1321,264)","(82,446)","(54,395)","(505,47)","(1347,803)",,,"(1312,1034)",
574,"(335,1019)",,"(689,1017)","(1348,685)","(179,761)","(1331,683)","(1315,262)","(82,445)","(53,393)","(506,47)","(1347,796)",,,,
575,"(335,1017)",,"(688,1017)","(1349,687)","(179,761)","(1331,682)","(1324,266)","(83,445)","(53,393)","(506,47)","(1347,796)",,,,
576,"(337,1018)",,"(689,1017)","(1349,684)","(179,761)","(1331,682)","(1325,266)","(82,445)","(54,394)","(506,47)","(1347,797)",,,,
577,"(336,1018)",,"(689,1017)","(1349,683)","(177,761)","(1330,681)","(1319,267)","(83,445)","(54,395)","(505,48)","(1347,803)",,,,
578,"(337,1017)",,"(689,1017)","(1349,682)","(176,762)","(1330,682)","(1320,265)","(82,445)","(53,393)","(505,47)","(1346,796)",,,,
579,"(337,1017)",,"(689,1017)","(1349,682)","(176,761)","(1331,681)","(1321,265)","(82,446)","(53,394)","(505,48)","(1347,796)",,,,
580,"(338,1017)",,"(689,1017)","(1349,681)","(176,761)","(1331,678)","(1322,265)","(83,445)","(53,393)","(504,47)","(1346,796)",,,,
581,"(338,1019)",,"(689,1017)","(1347,680)","(176,762)","(1331,677)","(1322,265)","(85,444)","(54,395)","(505,48)","(1347,797)",,,,
582,,,"(689,1017)","(1349,678)","(176,760)","(1330,676)","(1322,266)","(82,444)","(54,395)","(505,47)","(1347,796)",,,,
583,"(337,1019)",,"(689,1017)","(1350,678)","(171,758)","(1330,675)","(1323,266)","(82,445)","(53,394)",,"(1346,803)",,,,
584,"(337,1020)",,"(689,1017)","(1349,676)","(171,758)","(1330,674)","(1323,266)","(85,443)","(53,394)","(505,47)","(1346,801)",,,,
585,"(337,1019)",,"(689,1017)","(1348,672)","(171,757)","(1330,672)","(1323,266)","(82,444)","(53,393)","(505,47)","(1346,796)",,,,
586,"(342,1018)","(1258,1032)","(689,1017)","(1349,674)","(174,760)","(1331,671)","(1323,266)","(82,445)","(53,394)","(505,47)","(1346,802)",,,,
587,,,"(689,1017)","(1348,673)","(171,757)","(1331,670)","(1324,266)","(85,443)","(53,393)","(505,47)","(1347,802)",,,,
588,"(339,1019)",,"(688,1016)","(1345,671)","(170,756)",,"(1324,266)","(85,443)","(53,393)","(506,47)","(1346,802)",,,,
589,"(340,1019)",,"(688,1017)","(1345,671)","(174,758)",,"(1324,266)","(85,443)","(54,393)","(505,47)","(1346,796)",,,,
590,"(341,1018)",,"(688,1017)","(1345,668)","(174,758)",,"(1324,265)","(85,442)","(53,393)","(505,47)","(1346,797)",,,,
591,"(341,1019)",,"(688,1017)","(1347,668)","(174,758)",,"(1323,266)","(85,443)","(53,392)","(505,47)","(1346,803)",,,,
592,"(343,1018)",,"(688,1017)","(1348,666)","(174,758)","(1330,666)","(1324,266)","(85,443)","(53,392)","(505,48)","(1346,796)",,,,
593,"(340,1018)",,"(688,1016)","(1347,665)","(170,756)","(1330,665)","(1324,266)","(85,443)","(53,393)","(505,48)","(1347,796)",,,,
594,"(345,1019)",,"(689,1017)","(1347,664)","(170,756)","(1330,664)","(1323,266)","(86,443)","(53,393)","(505,47)","(1347,796)",,,,
595,"(344,1018)",,"(690,1018)","(1350,661)","(170,757)",,"(1325,267)","(86,443)",,,"(1347,802)",,,,
