frame,ID_0,ID_1,ID_2,ID_3,ID_4,ID_5,ID_6,ID_7,ID_8,ID_9,ID_10,ID_11,ID_12,ID_13,ID_14,ID_16,ID_18,ID_19,ID_20,ID_21,ID_22
0,"(1366,1013)","(830,1015)","(1353,993)","(1123,278)","(833,199)","(1354,130)","(394,125)","(1198,94)","(1356,67)","(669,62)","(1033,57)",,,,,,,,,,
1,,,,,,,,,,,,,,,,,,,,,
2,,,,,,,,,,,,,,,,,,,,,
3,,,,,,,,,,,,,,,,,,,,,
4,"(1353,992)","(831,1014)",,"(1121,277)","(833,199)","(1353,130)","(392,126)","(1198,94)","(1357,66)",,"(1033,57)",,,,,,,,,,
5,"(1353,992)","(831,1015)",,"(1121,278)","(836,203)","(1354,131)","(391,127)","(1198,94)","(1357,67)","(668,62)","(1033,57)",,,,,,,,,,
6,"(1353,992)","(831,1015)","(1368,1011)","(1122,278)","(837,203)","(1354,131)","(391,127)","(1199,95)","(1357,68)","(669,63)","(1034,57)",,,,,,,,,,
7,"(1354,992)","(831,1015)",,"(1122,278)","(833,201)","(1355,131)","(394,124)","(1199,94)","(1357,67)","(669,62)","(1034,57)",,,,,,,,,,
8,"(1353,992)","(831,1016)",,"(1122,278)","(837,203)","(1356,132)","(391,127)","(1199,95)","(1357,67)","(669,63)","(1034,57)",,,,,,,,,,
9,"(1353,992)","(832,1016)",,"(1124,279)","(838,203)","(1355,132)","(392,127)","(1199,95)","(1358,68)","(669,64)",,,,,,,,,,,
10,"(1353,992)","(832,1016)",,"(1122,278)","(833,201)","(1355,132)","(392,128)","(1199,95)","(1358,68)","(669,63)","(1034,58)",,,,,,,,,,
11,"(1353,993)","(832,1017)",,"(1121,278)","(833,200)","(1355,132)","(394,125)","(1198,95)","(1357,68)","(669,63)","(1033,57)",,,,,,,,,,
12,"(1353,993)","(832,1017)",,"(1121,279)","(833,201)","(1355,133)","(393,128)","(1199,95)","(1357,68)","(669,63)","(1034,58)",,,,,,,,,,
13,"(1353,993)","(832,1017)",,"(1121,279)","(838,203)","(1355,132)","(393,128)","(1198,95)","(1357,68)","(669,63)","(1034,58)",,,,,,,,,,
14,"(1353,993)","(831,1016)",,"(1122,279)","(837,203)","(1355,132)","(396,126)","(1199,95)","(1357,68)","(669,63)","(1034,57)",,,,,,,,,,
15,"(1353,993)","(831,1016)",,"(1122,279)","(837,203)","(1355,132)","(393,128)","(1199,95)","(1357,68)","(669,63)","(1033,57)",,,,,,,,,,
16,"(1352,993)","(832,1016)",,"(1122,278)","(837,203)","(1355,132)","(394,129)","(1198,94)","(1358,68)","(669,62)","(1033,57)",,,,,,,,,,
17,"(1353,993)","(831,1016)","(1367,1011)","(1122,278)","(833,200)","(1355,132)","(396,126)","(1198,94)","(1357,68)","(669,62)","(1033,57)",,,,,,,,,,
18,"(1352,993)","(832,1015)",,"(1122,278)","(833,200)","(1354,131)","(394,128)","(1198,94)","(1362,62)","(669,62)","(1034,57)",,,,,,,,,,
19,"(1352,994)","(832,1016)",,"(1122,278)","(837,202)","(1354,131)","(394,128)","(1198,93)","(1362,61)","(668,61)","(1033,57)",,,,,,,,,,
20,"(1352,995)","(831,1016)",,"(1121,279)","(836,202)","(1354,131)","(396,127)","(1198,94)","(1357,68)","(668,62)","(1033,57)",,,,,,,,,,
21,"(1352,995)","(831,1016)",,"(1122,278)","(836,202)","(1354,132)","(394,128)","(1198,94)","(1357,68)","(668,62)","(1033,57)",,,,,,,,,,
22,"(1352,994)","(832,1016)",,"(1122,278)","(836,202)","(1354,131)","(394,128)","(1197,93)","(1357,68)","(668,62)","(1033,57)",,,,,,,,,,
23,"(1353,994)","(831,1017)",,"(1122,279)","(833,201)","(1354,132)","(394,128)","(1198,95)","(1362,62)","(668,63)","(1033,58)",,,,,,,,,,
24,"(1353,995)","(832,1016)",,"(1122,279)","(837,203)","(1354,132)","(394,128)","(1197,94)","(1362,62)","(668,62)","(1034,57)",,,,,,,,,,
25,"(1353,995)","(831,1016)",,"(1125,280)","(832,201)","(1355,132)","(394,128)","(1197,94)","(1357,69)","(668,63)","(1034,57)",,,,,,,,,,
26,"(1353,995)","(831,1016)",,"(1126,280)","(832,201)","(1355,132)","(394,128)","(1197,94)","(1357,68)","(668,63)","(1033,58)",,,,,,,,,,
27,"(1353,996)","(832,1016)",,"(1126,281)","(837,203)","(1355,132)","(395,127)","(1198,95)","(1357,69)","(669,63)","(1034,58)",,,,,,,,,,
28,,"(832,1016)",,"(1123,280)","(837,203)","(1356,132)","(396,127)","(1198,95)","(1357,69)","(669,63)",,,,,,,,,,,
29,,"(832,1017)",,"(1127,281)","(838,203)","(1356,132)","(396,127)","(1198,94)","(1358,69)","(669,63)","(1034,58)",,,,,,,,,,
30,,"(832,1016)",,"(1123,280)","(833,201)","(1356,132)","(398,126)","(1198,94)","(1357,69)","(669,63)",,,,,,,,,,,
31,"(1354,997)","(832,1016)",,"(1123,280)","(837,203)","(1356,133)","(399,124)","(1198,94)","(1357,69)","(669,63)",,,,,,,,,,,
32,"(1354,998)","(832,1016)",,"(1123,280)","(833,201)","(1355,132)","(399,123)","(1198,94)","(1362,63)","(669,63)","(1034,57)",,,,,,,,,,
33,"(1353,998)","(833,1016)",,"(1126,281)","(833,201)","(1355,132)","(400,122)","(1198,94)","(1358,68)","(669,63)","(1034,58)",,,,,,,,,,
34,"(1353,998)","(832,1016)",,"(1126,280)","(837,203)","(1355,132)","(400,122)","(1198,94)","(1362,62)","(669,63)","(1034,58)",,,,,,,,,,
35,"(1353,999)","(832,1017)",,"(1126,280)","(837,203)","(1355,132)","(400,122)","(1198,93)","(1358,69)","(669,63)",,,,,,,,,,,
36,"(1353,999)","(832,1016)",,"(1126,280)","(833,201)","(1355,132)","(400,122)","(1197,93)","(1357,69)","(669,63)",,,,,,,,,,,
37,"(1353,999)","(832,1016)",,"(1125,279)","(833,200)","(1355,132)","(400,122)","(1198,94)","(1358,68)","(669,63)","(1034,58)",,,,,,,,,,
38,"(1353,1000)","(832,1016)",,"(1125,280)","(837,203)","(1356,131)","(401,122)","(1198,93)","(1358,68)","(669,62)","(1034,58)",,,,,,,,,,
39,"(1352,1001)","(832,1017)","(1366,1013)","(1126,280)","(833,201)","(1355,132)","(401,122)","(1197,93)","(1358,68)","(669,63)","(1034,58)",,,,,,,,,,
40,"(1353,1001)","(832,1017)",,"(1123,279)","(837,203)","(1355,132)","(401,122)","(1197,93)","(1358,68)","(669,63)","(1034,58)",,,,,,,,,,
41,"(1352,1001)","(832,1017)",,"(1126,280)","(832,201)","(1355,133)","(401,122)","(1197,93)","(1358,68)","(668,64)","(1033,58)",,,,,,,,,,
42,"(1353,1001)","(832,1017)",,"(1123,279)","(837,204)","(1355,132)","(401,122)","(1197,94)","(1357,68)","(668,63)",,,,,,,,,,,
43,"(1352,1001)","(832,1017)",,"(1127,280)","(837,204)","(1355,132)","(402,122)","(1197,94)","(1357,69)","(668,63)",,,,,,,,,,,
44,"(1353,1002)","(833,1017)",,"(1123,279)","(833,201)","(1355,132)","(403,122)","(1197,93)","(1358,69)","(669,64)","(1034,59)",,,,,,,,,,
45,"(1353,1002)","(833,1017)",,"(1127,281)","(832,202)","(1355,133)","(403,122)","(1197,93)","(1358,69)","(669,64)","(1034,58)",,,,,,,,,,
46,"(1352,1003)","(832,1017)",,"(1128,282)","(833,202)","(1355,133)","(404,122)","(1197,93)","(1357,69)","(669,64)","(1034,59)",,,,,,,,,,
47,"(1353,1001)","(833,1017)",,"(1125,281)","(833,202)","(1355,133)","(405,121)","(1197,93)","(1357,69)","(669,64)","(1034,58)",,,,,,,,,,
48,"(1353,1002)","(833,1017)",,"(1128,281)","(833,202)","(1355,132)","(406,121)","(1198,93)","(1357,69)","(669,64)","(1034,59)",,,,,,,,,,
49,"(1353,1002)","(832,1018)",,"(1125,281)","(833,202)","(1355,133)","(407,121)","(1198,93)","(1358,68)","(669,63)","(1034,59)",,,,,,,,,,
50,"(1353,1002)","(833,1017)",,"(1126,281)","(833,202)","(1355,132)","(406,121)","(1197,93)","(1358,69)","(669,64)","(1034,59)",,,,,,,,,,
51,"(1353,1003)","(832,1018)",,"(1126,281)","(837,204)","(1355,133)","(406,121)","(1198,93)","(1358,68)","(669,64)","(1034,59)",,,,,,,,,,
52,"(1353,1002)","(833,1017)",,"(1126,281)","(837,204)","(1355,133)","(406,121)","(1197,93)","(1357,68)","(669,64)","(1034,58)",,,,,,,,,,
53,"(1353,1002)","(832,1018)",,"(1130,281)","(832,202)","(1355,133)","(406,120)","(1197,93)","(1357,69)","(669,63)","(1034,58)",,,,,,,,,,
54,"(1353,1002)","(832,1017)",,"(1128,281)","(837,204)","(1355,133)","(406,120)","(1198,92)","(1357,69)","(669,64)",,,,,,,,,,,
55,"(1352,1002)","(832,1017)",,"(1131,281)","(836,204)","(1355,132)","(406,119)","(1197,92)","(1357,69)","(668,63)",,,,,,,,,,,
56,"(1353,1002)","(832,1016)",,"(1131,281)","(836,204)","(1354,132)","(406,119)","(1197,92)","(1357,68)","(668,63)","(1033,58)",,,,,,,,,,
57,"(1352,1003)","(832,1017)",,"(1131,282)","(836,204)","(1354,132)","(406,119)","(1197,93)","(1357,68)","(668,63)",,,,,,,,,,,
58,"(1352,1003)","(832,1017)",,"(1133,282)","(836,204)","(1355,132)","(406,119)","(1197,92)","(1357,68)","(668,63)",,,,,,,,,,,
59,"(1352,1003)","(832,1017)",,"(1133,282)","(836,204)","(1354,132)","(406,120)","(1197,94)","(1362,63)","(668,63)",,"(964,1077)",,,,,,,,,
60,"(1352,1003)","(832,1018)",,"(1133,282)","(832,202)","(1354,133)","(406,120)","(1197,93)","(1357,69)","(668,63)","(1033,59)",,,"(603,1076)",,,,,,,
61,"(1352,1003)","(831,1018)",,"(1133,283)","(836,204)","(1354,133)","(407,120)","(1197,93)","(1357,69)","(668,64)","(1033,59)",,,,,,,,,,
62,"(1352,1004)","(832,1018)",,"(1134,283)","(836,204)","(1354,133)","(408,121)","(1198,93)","(1357,69)","(669,64)",,,,,,,,,,,
63,"(1352,1004)","(832,1018)",,"(1131,282)","(836,204)","(1354,133)","(408,121)","(1197,93)","(1356,69)","(668,64)",,,,,,,,,,,
64,"(1352,1005)","(832,1019)",,"(1134,283)","(836,204)","(1354,133)","(408,121)","(1197,93)","(1356,69)","(668,64)","(1033,59)",,,"(603,1076)",,,,,,,
65,"(1352,1005)","(832,1018)",,"(1131,282)","(836,204)","(1355,133)","(408,121)","(1197,93)","(1357,69)","(668,64)","(1033,59)",,,"(603,1077)",,,,,,,
66,"(1352,1004)","(832,1018)",,"(1135,283)","(836,204)","(1354,133)","(408,122)","(1197,94)","(1356,69)","(669,64)","(1033,59)",,,"(603,1077)",,,,,,,
67,"(1353,1004)","(832,1019)",,"(1136,284)","(833,202)","(1355,133)","(409,121)","(1198,94)","(1357,69)","(669,64)","(1034,59)",,,"(603,1077)",,,,,,,
68,"(1353,1004)","(833,1019)",,"(1137,285)","(837,204)","(1355,133)","(410,121)","(1198,94)","(1357,69)","(669,64)","(1034,59)",,,"(604,1077)",,,,,,,
69,"(1352,1004)","(833,1019)",,"(1137,285)","(833,202)","(1355,133)","(410,120)","(1198,94)","(1358,69)","(669,63)","(1034,59)",,,"(603,1076)",,,,,,,
70,"(1352,1004)","(833,1019)",,"(1137,285)","(837,204)","(1355,133)","(410,120)","(1198,94)","(1358,68)","(669,64)","(1034,59)",,,"(602,1077)",,,,,,,
71,"(1352,1004)","(833,1019)",,"(1138,286)","(837,204)","(1355,133)","(410,120)","(1198,94)","(1358,69)","(669,64)","(1034,59)",,,,,,,,,,
72,"(1353,1004)","(833,1019)",,"(1138,287)","(837,204)","(1355,133)","(410,121)","(1198,93)","(1358,69)","(669,64)","(1034,59)",,,"(603,1077)",,,,,,,
73,"(1352,1005)","(833,1019)",,"(1135,285)","(837,203)","(1355,132)","(409,120)","(1198,93)","(1357,69)","(669,63)","(1034,58)",,,"(602,1076)",,,,,,,
74,"(1352,1005)","(833,1019)",,"(1138,287)","(837,204)","(1355,133)","(410,121)","(1198,93)","(1357,69)","(669,63)","(1034,59)","(964,1077)",,,,,,,,,
75,"(1352,1005)","(833,1019)",,"(1138,286)","(836,204)","(1355,133)","(410,121)","(1198,93)","(1357,69)","(669,63)","(1034,59)",,,,,,,,,,
76,"(1352,1005)","(833,1019)",,"(1139,287)","(837,204)","(1354,133)","(409,121)","(1198,93)","(1357,69)","(668,63)","(1034,59)",,,,,,,,,,
77,"(1352,1006)","(833,1020)",,"(1139,287)","(837,203)","(1354,133)","(409,120)","(1198,94)","(1357,69)","(668,63)","(1034,59)",,,"(602,1076)",,,,,,,
78,"(1352,1006)","(833,1019)",,"(1139,288)","(836,204)","(1354,133)","(408,121)","(1198,93)","(1357,69)","(668,63)","(1034,58)",,,"(603,1077)",,,,,,,
79,"(1352,1006)","(833,1020)",,"(1139,287)","(837,204)","(1354,133)","(408,121)","(1198,94)","(1357,69)","(668,63)","(1034,58)",,,"(604,1076)",,,,,,,
80,"(1352,1007)","(833,1020)",,"(1140,288)","(832,202)","(1354,133)","(408,121)","(1198,94)","(1357,69)","(668,63)","(1033,58)",,,"(604,1077)",,,,,,,
81,,"(833,1021)",,"(1140,288)","(836,204)","(1354,133)","(408,121)","(1198,94)","(1357,69)","(668,64)","(1033,59)",,,,,,,,,,
82,"(1352,1008)","(834,1021)",,"(1140,288)","(837,204)","(1355,134)","(409,121)","(1198,94)","(1357,69)","(668,64)","(1034,59)",,,,,,,,,,
83,"(1352,1008)","(834,1021)",,"(1141,288)","(836,204)","(1355,134)","(408,121)","(1198,94)","(1356,69)","(668,64)",,,,,,,,,,,
84,,"(834,1021)",,"(1141,288)","(837,205)","(1356,134)","(409,121)","(1199,94)","(1358,69)","(670,64)","(1034,59)",,,"(603,1077)",,,,,,,
85,"(1353,1007)","(835,1021)",,"(1141,287)","(833,202)","(1355,133)","(408,121)","(1198,93)","(1357,69)","(669,64)","(1034,59)",,,,,,,,,,
86,"(1353,1007)","(835,1021)",,"(1142,288)","(833,202)","(1355,134)","(408,121)","(1198,95)","(1357,69)","(669,65)","(1034,60)",,,,,,,,,,
87,,"(836,1021)",,"(1143,288)","(837,205)","(1355,134)","(408,121)","(1198,95)","(1357,69)","(669,64)","(1034,60)",,,"(604,1076)",,,,,,,
88,,"(834,1021)",,"(1143,287)","(837,204)","(1355,133)","(408,121)","(1198,93)","(1357,69)","(669,64)","(1034,59)",,,,,,,,,,
89,"(1352,1006)","(836,1022)",,"(1142,286)","(833,201)","(1355,133)","(409,121)","(1198,94)","(1357,69)","(669,63)","(1034,58)",,,"(604,1077)",,,,,,,
90,,"(836,1023)",,"(1141,286)","(832,201)","(1354,133)","(409,121)","(1198,93)","(1357,69)","(669,63)","(1034,58)",,,,,,,,,,
91,"(1352,1006)","(836,1023)",,"(1142,287)","(833,201)","(1355,133)","(410,121)","(1198,94)","(1357,69)","(669,63)","(1034,58)",,,,,,,,,,
92,,"(833,1015)",,"(1142,286)","(833,201)","(1354,132)","(409,121)","(1198,93)","(1357,68)","(669,63)","(1034,58)",,,,,,,,,,
93,,"(837,1024)",,"(1143,286)","(833,201)","(1354,132)","(409,121)","(1198,93)","(1357,69)","(669,63)","(1034,59)",,,,,,,,,,
94,,"(837,1024)",,"(1143,287)","(836,204)","(1354,132)","(410,122)","(1197,94)","(1356,69)","(669,63)","(1033,59)",,"(84,57)","(602,1076)",,,,,,,
95,"(1351,1006)","(849,1027)",,"(1144,286)","(832,202)","(1354,133)","(410,122)","(1197,94)","(1356,69)","(669,64)","(1034,59)",,,,,,,,,,
96,"(1351,1006)","(842,1020)",,"(1143,287)","(836,204)","(1354,132)","(413,122)","(1198,94)","(1356,69)","(669,64)","(1002,44)",,,"(601,1076)",,,,,,,
97,"(1351,1007)","(842,1021)",,"(1143,287)","(836,204)","(1354,133)","(413,122)","(1198,94)","(1356,69)","(669,64)",,,,,,,,,,,
98,"(1351,1007)","(834,1017)",,"(1143,287)",,"(1354,133)","(413,122)","(1198,94)","(1356,69)",,,,,,,,,,,,
99,"(1351,1006)","(833,1017)",,"(1143,287)",,"(1354,133)","(414,122)","(1198,94)","(1356,69)",,"(1002,44)",,,"(604,1077)",,,,,,,
100,"(1351,1006)","(844,1023)",,"(1140,286)","(835,204)","(1354,133)","(414,122)","(1197,94)","(1356,69)",,"(1002,44)",,,,,,,,,,
101,"(1351,1006)","(844,1020)",,"(1141,286)","(835,205)","(1353,133)","(415,122)","(1197,95)","(1356,70)",,,,,"(603,1077)",,,,,,,
102,"(1351,1006)","(844,1025)",,"(1144,288)",,"(1354,133)","(416,121)","(1197,95)","(1356,69)","(669,64)",,,,,,,,,,,
103,"(1351,1007)","(844,1024)",,"(1145,288)","(836,204)","(1354,133)","(415,122)","(1197,94)","(1356,69)","(669,64)","(1002,44)",,,,,,,,,,
104,"(1351,1006)","(844,1024)",,"(1145,287)","(836,204)","(1354,133)","(417,121)","(1197,95)","(1356,69)","(669,64)",,,,,,,,,,,
105,"(1351,1007)","(833,1026)",,"(1145,288)","(832,202)","(1354,133)","(416,123)","(1198,94)","(1357,70)","(668,64)",,,,,,,,,,,
106,"(1351,1007)","(844,1023)",,"(1142,287)","(832,202)","(1354,133)","(412,125)","(1198,95)","(1356,70)","(668,64)",,,,,,,,,,,
107,"(1351,1006)","(844,1023)",,"(1145,288)","(832,202)","(1354,133)","(412,123)","(1197,94)","(1356,69)","(668,64)","(1003,44)",,,"(603,1077)",,,,,,,
108,"(1351,1006)","(844,1023)",,"(1146,288)","(832,202)","(1354,133)","(413,122)","(1198,94)","(1357,69)","(668,63)",,,"(84,58)","(603,1076)",,,,,,,
109,"(1351,1007)","(852,1027)",,"(1145,288)","(836,204)","(1354,133)","(411,122)",,"(1357,69)","(668,64)",,,,,,,,,,,
110,"(1351,1006)","(832,1024)",,"(1142,287)","(836,204)","(1354,133)","(411,122)","(1198,95)","(1357,69)","(668,64)","(1003,44)",,,"(603,1077)",,,,,,,
111,"(1351,1006)","(844,1023)",,"(1142,287)","(832,202)","(1354,133)","(414,121)","(1197,95)","(1356,69)","(668,63)","(1002,44)",,,"(604,1077)",,,,,,,
112,"(1351,1006)","(852,1025)",,"(1146,289)","(835,204)","(1353,133)","(411,122)","(1197,95)","(1356,69)","(668,64)","(1002,44)",,,"(602,1077)",,"(832,1024)",,,,,
113,"(1351,1006)","(838,1030)",,"(1146,289)",,"(1353,133)","(411,122)","(1197,94)","(1356,69)","(668,64)",,,,,,,,,,,
114,"(1351,1006)","(837,1030)",,,"(836,204)","(1353,133)",,"(1198,95)","(1356,69)","(668,64)",,,,,,,,,,,
115,"(1351,1006)","(838,1030)",,,"(832,202)","(1353,133)",,,"(1356,69)","(668,64)",,,,,,,,,,,
116,"(1351,1007)","(837,1030)",,"(1146,303)","(835,205)","(1352,134)","(414,123)","(1197,96)","(1356,70)","(668,65)",,,,,,,,,,,
117,"(1350,1007)","(837,1030)",,"(1143,290)","(835,204)","(1352,134)","(414,122)","(1197,95)","(1356,69)","(667,64)",,,,,,,,,,,
118,"(1351,1008)","(837,1030)",,"(1148,300)","(831,202)","(1352,134)","(414,123)","(1197,96)","(1356,70)","(668,64)",,,,,,,,,,,
119,"(1351,1008)",,,"(1148,292)","(835,205)","(1354,134)","(415,123)","(1197,95)","(1356,70)","(668,64)",,,,,,,,,,,
120,"(1351,1008)","(838,1031)",,"(1149,292)","(835,205)","(1354,134)","(415,123)","(1197,95)","(1356,70)","(668,64)",,,,,,,,,,,
121,"(1351,1007)","(838,1032)",,"(1150,293)","(836,205)","(1354,134)","(416,123)","(1197,96)","(1356,70)","(668,64)",,,,,,,,,,,
122,"(1352,1007)","(838,1032)",,"(1150,293)",,"(1353,133)",,"(1198,95)","(1356,70)","(668,64)","(1033,59)",,,,,,,,,,
123,"(1351,1007)","(838,1031)",,"(1148,291)","(836,205)","(1354,134)",,"(1196,90)","(1356,70)","(668,64)",,,,,,,,,,,
124,"(1351,1007)","(838,1032)",,"(1149,291)","(832,202)","(1354,134)",,"(1198,95)","(1357,70)","(668,64)",,,,,,,,,,,
125,"(1351,1007)","(838,1032)",,"(1149,291)","(836,204)","(1354,133)",,"(1196,90)","(1356,69)","(668,64)","(1001,44)",,,,,,,,,,
126,"(1353,1007)","(838,1032)",,"(1153,292)","(836,204)","(1354,133)",,"(1198,95)","(1357,69)","(668,63)",,,,,,,,,,,
127,"(1351,1007)","(838,1032)",,"(1153,293)",,"(1355,134)","(414,122)","(1199,96)","(1357,70)","(668,64)",,,,,,,,,,,
128,"(1351,1007)","(840,1029)",,"(1153,293)","(832,202)","(1355,133)","(414,122)","(1198,96)","(1356,69)","(668,63)",,,,,,,,,,,
129,"(1351,1007)","(839,1029)",,"(1154,293)","(832,202)","(1355,133)",,"(1199,95)","(1357,70)","(668,64)","(1034,59)",,"(81,57)",,,,,,,,
130,"(1351,1007)","(839,1030)",,"(1155,294)","(836,205)","(1354,133)","(418,122)","(1198,95)","(1356,69)","(668,64)","(1001,44)",,"(82,57)",,,,,,,,
131,"(1351,1007)","(840,1031)",,"(1155,294)","(836,204)","(1354,134)","(427,124)","(1198,96)","(1356,70)","(668,64)",,,,,,,,,,,
132,"(1351,1008)","(840,1031)",,"(1156,294)","(836,205)","(1355,134)","(430,126)","(1198,96)","(1357,69)","(669,64)",,,,,,,,,,,
133,"(1351,1007)","(839,1031)",,"(1155,294)","(831,202)","(1354,134)","(414,123)","(1198,96)","(1356,70)","(668,64)",,,,,,,,,,,
134,"(1350,1008)","(838,1032)",,"(1156,295)","(831,203)","(1354,134)","(423,125)","(1197,97)","(1356,70)","(667,64)",,,,,,,,,,,
135,"(1352,1008)","(839,1032)",,"(1156,296)","(835,205)","(1354,134)","(418,124)",,"(1356,70)","(668,65)",,,,,,,,,,,
136,"(1352,1008)","(840,1033)",,"(1157,302)","(835,204)","(1354,134)","(417,124)","(1198,96)","(1356,70)","(667,64)",,,,,,,,,,,
137,"(1351,1009)","(840,1031)",,"(1156,302)","(835,205)","(1354,134)","(414,124)",,"(1356,70)","(668,65)","(1033,60)",,,,,,,,,,
138,"(1351,1009)","(840,1032)",,"(1157,302)","(836,205)","(1354,134)","(415,124)",,"(1356,70)","(668,65)","(1033,59)",,,,,,,,,,
139,"(1350,1008)","(840,1033)",,"(1157,302)","(835,205)","(1354,134)","(429,127)","(1198,97)","(1356,70)","(667,62)",,,,,,,,,,,
140,"(1351,1009)","(840,1033)",,"(1156,302)","(835,204)","(1354,134)","(414,125)",,"(1356,70)","(668,64)","(1033,59)",,,,,,,,,,
141,"(1352,1008)","(839,1033)",,"(1156,296)","(832,202)","(1354,134)","(414,125)","(1198,97)","(1357,70)","(668,64)","(1034,59)",,,,,,,,,,
142,"(1352,1008)","(840,1033)",,"(1161,294)","(832,202)","(1354,134)","(414,125)","(1198,97)","(1357,69)","(668,64)","(1034,59)",,,,,,,,,,
143,"(1352,1008)","(840,1035)",,"(1159,296)","(832,203)","(1355,134)","(414,125)","(1199,96)","(1357,70)","(668,64)","(1034,59)",,"(84,58)",,,,,,,,
144,"(1352,1008)","(841,1035)",,"(1160,296)","(832,202)","(1355,133)","(414,124)","(1199,96)","(1357,69)","(668,64)","(1034,58)",,,,,,,,,,
145,"(1351,1008)","(842,1035)",,"(1159,295)","(836,204)","(1355,133)","(414,124)","(1198,96)","(1357,69)","(668,63)","(1034,58)",,,,,,,,,,
146,"(1351,1008)","(841,1036)",,"(1160,295)","(832,202)","(1355,133)","(414,124)",,"(1357,69)","(668,64)","(1034,58)",,,,,,,,,,
147,"(1352,1009)",,,"(1161,297)","(836,204)","(1355,134)","(414,124)","(1199,97)","(1357,69)","(668,64)","(1034,58)",,,,,,,,,,
148,"(1351,1009)","(841,1038)",,"(1161,297)","(836,204)","(1355,134)","(414,124)","(1199,96)","(1357,69)","(668,64)","(1034,59)",,"(80,58)",,,,,,,,
149,"(1351,1009)",,,"(1161,297)","(836,204)","(1355,133)","(414,124)",,"(1357,69)","(668,64)",,,"(80,58)",,,,,,,,
150,"(1351,1009)",,,"(1161,297)","(831,203)","(1355,133)","(414,124)","(1198,96)","(1362,63)","(668,64)",,,,,,,,,,,
151,"(1350,1009)",,,"(1161,297)","(836,204)",,"(417,125)","(1198,96)","(1357,69)","(668,64)","(1033,59)",,,,,,,,,,
152,"(1350,1009)","(841,1033)",,"(1157,297)","(836,204)","(1354,134)","(413,125)","(1198,96)","(1356,70)","(667,64)",,,,,,,,,,,
153,"(1350,1010)","(842,1035)",,"(1158,296)","(836,204)","(1354,134)","(416,124)","(1196,92)","(1356,69)","(667,65)",,,,,,,,,,,
154,"(1350,1010)","(840,1034)",,"(1157,296)","(835,205)","(1354,134)","(413,125)","(1195,92)","(1356,70)","(667,65)",,,,,,,,,,,
155,"(1350,1010)","(841,1033)",,"(1161,298)","(835,205)","(1353,134)","(413,124)","(1195,92)","(1356,70)","(667,65)",,,,,,,,,,,
156,"(1350,1010)","(841,1033)",,"(1161,298)","(835,205)","(1353,134)","(413,125)","(1197,96)","(1356,70)","(667,65)","(1033,59)",,,,,,,,,,
157,"(1350,1010)","(841,1033)",,"(1161,298)","(835,205)","(1353,134)","(413,125)","(1198,96)","(1356,70)","(668,65)",,,,,,,,,,,
158,"(1350,1010)","(841,1033)",,"(1158,297)","(835,205)","(1353,134)","(412,125)","(1198,96)","(1356,70)","(668,65)",,,,,,,,,,,
159,"(1350,1010)",,,"(1161,298)","(835,205)","(1354,134)","(412,125)","(1198,96)","(1356,70)","(668,65)",,,,,,,,,,,
160,"(1350,1011)",,,"(1163,299)","(836,205)","(1353,134)","(415,124)","(1198,96)","(1356,70)","(668,65)",,,,,,,,,,,
161,"(1350,1010)",,,"(1159,298)","(835,204)","(1354,134)","(411,123)","(1198,95)","(1361,63)","(668,64)","(1033,58)",,,,,,,,,,
162,"(1351,1010)",,,"(1161,298)","(835,204)","(1354,134)","(415,123)","(1198,95)","(1357,69)","(668,64)",,,,,,,,,,,
163,"(1351,1010)",,,"(1162,298)","(835,204)","(1354,134)","(412,124)","(1198,95)","(1361,63)","(668,64)",,,,,,,,,,,
164,"(1350,1011)",,,"(1162,298)","(832,203)","(1354,134)","(415,123)","(1198,96)","(1362,62)","(668,64)",,,,,,,,,,,
165,"(1351,1011)",,,"(1162,298)","(832,202)","(1354,134)","(415,123)","(1198,95)","(1362,63)","(668,64)",,,,,,,,,,,
166,"(1350,1012)",,,"(1163,298)","(832,203)","(1354,134)","(415,122)","(1198,96)","(1357,69)","(668,64)",,,,,,,,,,,
167,"(1350,1012)",,,"(1163,299)","(836,204)",,"(416,123)","(1199,96)","(1362,64)","(668,64)","(1033,59)",,,,,,,,,,
168,"(1350,1012)",,,"(1163,299)","(836,204)",,"(413,123)","(1198,96)","(1357,69)","(668,64)","(1033,59)",,,,,,,,,,
169,"(1351,1011)",,,"(1163,299)","(836,204)",,"(415,122)","(1198,95)","(1357,70)","(668,64)","(1033,59)",,,,,,,,,,
170,"(1351,1011)",,,"(1167,300)",,,"(412,123)","(1198,95)","(1362,63)","(668,64)","(1033,60)",,,,,,,,,,
171,"(1351,1011)",,,"(1168,305)","(836,205)",,"(412,124)","(1196,92)","(1362,64)","(668,65)","(996,45)",,,,,,,,,,
172,"(1350,1012)",,,"(1164,300)","(836,205)",,"(412,124)","(1198,95)","(1357,70)","(668,64)","(1033,59)",,,,,,,,,,
173,"(1351,1012)",,,"(1168,300)","(836,205)","(1354,134)","(412,123)","(1198,96)","(1362,63)","(668,64)",,,,,,,,,,,
174,"(1352,1012)",,,"(1164,301)","(835,205)","(1354,134)","(412,124)","(1196,92)","(1362,63)","(668,65)","(1033,60)",,,,,,,,,,
175,"(1355,1012)",,,"(1168,301)","(836,205)","(1354,134)","(412,123)","(1198,96)","(1362,63)","(668,65)",,,,,,,,,,,
176,"(1352,1012)",,,"(1167,301)","(836,205)","(1354,135)","(412,124)","(1198,96)","(1357,70)","(667,65)","(1033,59)",,,,,,"(150,1064)",,,,
177,"(1352,1011)",,,"(1164,300)","(836,205)",,"(412,123)","(1198,96)","(1357,70)","(668,64)","(1033,59)",,,,,,,,,,
178,"(1353,1011)",,,"(1167,301)","(831,202)","(1354,133)","(412,123)","(1198,95)","(1362,63)","(668,64)","(1033,59)",,,,,,"(150,1064)",,,,
179,"(1356,1010)",,,"(1165,300)","(832,202)",,"(411,122)","(1198,95)","(1362,63)","(668,64)",,,,,,,,,,,
180,"(1356,1009)",,,"(1165,300)","(832,202)",,"(411,122)","(1198,95)","(1362,63)","(668,64)",,,,,,,,,,,
181,"(1357,1010)",,,"(1165,300)","(832,202)",,"(411,122)","(1198,95)","(1362,62)","(668,64)",,,,,,,,,,,
182,"(1357,1010)",,,"(1166,300)","(832,202)",,"(411,122)","(1198,95)","(1362,62)","(668,64)",,,,,,,,,,,
183,"(1358,1010)",,,"(1167,300)","(832,202)",,"(411,122)","(1198,95)","(1357,69)","(668,64)",,,,,,,,,,,
184,"(1358,1011)",,,"(1167,300)","(836,204)","(1354,133)","(412,122)","(1198,95)","(1362,63)","(668,64)",,,,,,,,,,,
185,"(1358,1012)",,,"(1170,301)","(832,202)","(1354,134)","(412,122)","(1199,95)","(1362,63)","(668,64)",,,,,,,,,,,
186,"(1358,1012)",,,"(1171,301)","(836,204)","(1354,134)","(412,122)","(1198,95)","(1357,69)","(668,64)",,,,,,,,,,,
187,,,,,"(836,204)","(1354,134)","(412,123)","(1198,95)","(1357,70)","(668,65)",,,,,,,,,,,
188,,,,,"(836,204)",,"(412,123)","(1198,95)","(1362,63)","(668,64)",,,,,,,,,,,
189,,"(844,1039)",,"(1171,307)","(836,205)",,"(415,122)","(1199,96)",,"(668,65)",,,,,,,,,,,
190,,,,"(1169,301)","(836,205)",,"(411,122)","(1198,96)","(1362,63)","(668,65)",,,,,,,,,,,
191,"(1358,1013)",,,"(1183,307)","(836,204)",,"(411,122)","(1198,95)","(1362,63)","(668,65)","(1033,59)",,,,,,,,,,
192,"(1354,1017)",,,,"(836,205)",,"(411,122)","(1196,91)","(1356,70)","(668,64)",,,"(81,58)",,,,,,,,
193,"(1354,1018)",,,"(1177,304)","(836,205)","(1354,135)","(412,122)","(1198,96)","(1357,70)","(668,65)",,,,,,,,,,,
194,"(1353,1018)",,,,"(835,205)","(1354,134)","(411,121)","(1198,96)",,"(668,65)",,,,,,,,,,,
195,"(1357,1016)",,,,"(836,205)","(1354,134)","(412,122)","(1196,92)","(1357,70)","(668,65)","(1001,45)",,,,,,,,,,
196,"(1357,1016)",,,"(1182,306)","(836,205)","(1354,134)","(411,121)","(1198,95)","(1357,69)","(668,65)","(1001,45)",,,,,,,,,,
197,"(1358,1016)",,,"(1177,301)","(835,204)","(1354,134)","(411,122)","(1196,91)","(1357,70)","(668,64)","(1033,59)",,,,,,,,,,
198,,,,"(1177,303)","(832,202)","(1354,133)","(411,122)","(1196,91)","(1357,69)","(668,64)",,,,,,,,,,,
199,"(1358,1017)",,,"(1179,305)","(836,204)","(1354,133)","(412,121)","(1196,91)","(1357,69)","(668,64)",,,,,,,,,,,
200,"(1358,1017)",,,"(1179,305)","(836,204)","(1354,133)","(412,121)","(1196,91)","(1357,69)","(668,64)",,,,,,,,,,,
201,"(1358,1017)",,,"(1180,302)","(836,204)","(1354,132)","(415,121)","(1198,95)","(1357,69)","(668,64)",,,,,,,,,,,
202,"(1358,1017)",,,"(1180,302)","(836,204)","(1354,133)","(415,121)","(1198,95)","(1357,69)","(668,64)",,,,,,,,,,,
203,"(1358,1019)",,,"(1181,306)","(836,204)","(1354,134)","(415,121)","(1198,95)","(1357,69)","(669,64)","(1034,59)",,,,,,,,,,
204,"(1359,1018)",,,"(1181,304)","(836,204)","(1354,134)","(415,122)","(1198,95)","(1357,70)","(668,65)","(1034,60)",,,,,,,,,,
205,"(1355,1019)",,,"(1182,300)","(836,204)","(1355,134)","(415,122)","(1199,95)","(1357,69)","(668,64)","(1034,60)",,,,,,,,"(1001,44)",,
206,"(1355,1020)",,,"(1183,301)","(836,204)","(1355,134)","(415,122)","(1199,96)","(1357,69)","(668,65)","(1033,60)",,"(83,58)",,,,,,,,
207,"(1355,1022)",,,"(1184,302)","(832,202)","(1355,134)","(415,121)","(1197,91)","(1357,69)","(668,65)",,,"(85,58)",,,,,,,,
208,"(1355,1022)",,,"(1184,301)","(835,204)","(1354,134)","(411,122)","(1196,91)","(1357,69)","(668,65)","(1033,59)",,,,,,,,"(1001,45)",,
209,"(1355,1022)",,,"(1185,301)","(832,203)","(1354,133)","(412,123)","(1198,95)","(1357,69)","(668,65)","(1033,60)",,,,,,,,"(996,45)",,
210,"(1355,1022)",,,"(1185,301)","(836,205)","(1354,134)","(411,123)","(1198,96)","(1357,69)","(668,65)","(1033,60)",,,,,,,,"(1001,45)",,
211,"(1354,1021)",,,"(1187,304)","(832,202)","(1354,134)","(412,122)","(1196,91)","(1357,70)","(668,65)","(1033,60)",,,,,,,,,,
212,"(1355,1022)",,,"(1188,302)","(835,204)","(1354,134)","(412,122)","(1196,91)","(1357,69)","(668,64)","(1033,60)",,,,,,,,,,
213,"(1354,1021)",,,"(1189,302)","(831,203)",,"(412,122)","(1196,91)","(1357,70)","(668,64)","(1033,60)",,,,,,,,,,
214,"(1354,1022)",,,"(1192,303)","(831,202)",,"(412,122)","(1198,96)","(1357,69)","(668,64)",,,,,,,,,,,
215,"(1354,1023)",,,"(1192,299)","(832,202)",,"(412,123)","(1196,91)","(1357,69)","(668,64)","(1033,59)",,,,,,,,,,
216,"(1354,1022)",,,"(1192,300)","(832,202)","(1354,133)","(415,121)","(1198,95)","(1357,69)","(668,64)","(1033,59)",,,,,,,,,,
217,"(1359,1020)",,,"(1193,300)","(836,203)",,"(412,123)","(1198,95)","(1357,69)","(668,64)","(1033,59)",,,,,,,,,,
218,"(1354,1021)",,,"(1193,300)","(836,204)","(1355,133)","(412,122)","(1196,91)","(1358,69)","(668,64)","(1034,59)",,,,,,,,"(997,44)",,
219,"(1358,1020)",,,"(1193,299)","(836,203)",,"(415,121)","(1198,95)","(1357,69)","(668,63)",,,,,,,,,,,
220,"(1355,1020)",,,"(1193,299)","(835,203)",,"(415,121)","(1198,95)","(1357,69)","(668,64)","(1033,59)",,,,,,,,,"(45,819)",
221,"(1354,1022)",,,"(1195,300)","(836,204)",,"(412,122)","(1196,91)","(1357,69)","(668,64)",,,,,,,,,,,
222,"(1353,1022)",,,"(1196,302)","(836,204)",,"(412,122)","(1197,91)","(1357,69)","(668,64)","(1034,59)",,,,,,,,,,
223,"(1354,1023)",,,"(1195,302)","(836,203)",,"(412,122)","(1196,91)","(1357,69)","(668,64)",,,,,,,,,,"(45,819)",
224,"(1354,1024)",,,"(1195,302)","(836,203)","(1354,133)","(411,122)","(1196,91)","(1357,69)","(668,64)","(1033,59)",,"(81,58)",,,,,,,,
225,"(1354,1023)",,,"(1196,301)","(836,204)","(1354,133)","(412,123)","(1196,91)","(1357,69)","(668,64)","(1033,59)",,,,,,,,,"(45,820)",
226,"(1354,1024)",,,"(1197,301)","(835,204)","(1354,133)","(415,122)","(1198,96)","(1357,69)","(668,64)",,,"(83,58)",,,,,,,"(45,820)",
227,"(1353,1023)",,,"(1197,301)","(836,204)","(1354,133)","(412,123)","(1198,95)","(1357,69)","(668,64)","(1033,59)",,"(81,58)",,,,,,,,
228,"(1354,1026)",,,"(1198,300)","(836,204)","(1354,133)","(411,123)","(1196,91)","(1357,69)","(668,64)","(1033,59)",,"(81,57)",,,,,,,"(45,821)",
229,"(1352,1024)",,,"(1199,301)","(831,202)","(1354,133)","(411,123)","(1198,95)","(1357,69)","(668,64)","(1033,59)",,"(80,58)",,,,,,,"(44,822)",
230,"(1352,1024)",,,"(1201,300)","(835,204)","(1354,134)","(411,123)","(1196,91)","(1357,69)","(668,64)","(1033,59)",,"(80,58)",,,,,,,"(45,822)",
231,"(1352,1024)",,,"(1202,303)","(835,204)","(1354,133)","(415,121)","(1196,91)","(1357,69)","(668,64)","(1033,59)",,,,,,,,,"(45,822)",
232,"(1352,1024)",,,"(1203,303)","(835,204)","(1354,133)","(411,123)","(1198,95)","(1357,69)","(668,64)","(1033,59)",,"(81,57)",,,,,,"(996,44)",,
233,"(1353,1024)",,,"(1203,299)","(831,201)","(1354,133)","(415,121)","(1198,94)","(1357,69)","(668,63)","(1033,59)",,"(80,57)",,,,,,,"(45,822)",
234,"(1352,1024)",,,"(1205,298)","(836,203)","(1354,133)","(415,121)","(1196,90)","(1357,69)","(668,63)","(1033,58)",,"(80,57)",,,,,,,,
235,"(1352,1024)",,,"(1205,303)","(835,204)","(1354,133)","(415,121)","(1198,95)","(1357,69)","(668,63)","(1033,59)",,,,,,,,,,
236,"(1352,1024)",,,"(1205,298)","(835,204)","(1354,133)","(411,122)","(1198,94)","(1357,69)","(668,63)",,,,,,,,,,"(45,821)",
237,"(1353,1023)",,,"(1207,300)","(836,203)","(1354,133)","(415,121)","(1196,90)","(1357,69)","(668,63)",,,,,,,,,,,
238,"(1354,1022)",,,"(1208,299)","(831,202)","(1354,133)","(412,122)","(1198,94)","(1356,69)","(668,64)","(1033,59)",,"(84,57)",,,,,,"(1002,44)",,
239,"(1354,1023)",,,"(1208,297)","(835,203)","(1354,133)","(412,122)","(1198,94)","(1356,69)","(668,63)","(1033,59)",,,,,,,,,,
240,"(1353,1022)",,,"(1209,297)","(832,201)","(1354,133)","(412,122)","(1198,94)","(1356,69)","(668,63)","(1033,59)",,,,,,,,,,
241,,,,"(1209,297)","(832,202)","(1355,133)","(412,122)","(1198,94)","(1356,69)","(668,64)","(1033,59)",,,,,,,,,,
242,"(1353,1022)",,,"(1210,297)","(836,204)","(1355,134)","(412,123)","(1199,96)","(1357,70)","(669,65)","(1033,60)",,,,,,,,,,
243,"(1352,1022)",,,"(1210,297)","(832,202)","(1355,133)","(412,122)","(1198,96)","(1357,69)","(668,64)","(1033,59)",,"(83,57)",,,,,,,,
244,,,,"(1210,297)","(836,204)","(1354,133)","(412,122)","(1198,96)","(1357,69)","(668,64)","(1033,60)",,"(84,57)",,"(500,49)",,,,,,
245,,,,"(1210,298)","(836,204)","(1354,133)","(415,121)","(1198,96)","(1357,69)","(668,64)","(1033,59)",,"(84,57)",,,,,,,,
246,"(1357,1021)",,,"(1212,299)","(836,205)","(1355,134)","(412,123)","(1198,96)","(1357,69)","(668,64)","(1033,60)",,"(84,57)",,,,,,,,
247,"(1352,1021)",,,"(1211,299)","(836,204)","(1354,133)","(415,121)","(1198,95)","(1357,69)","(668,64)","(1033,59)",,,,,,,,,,
248,"(1352,1021)",,,"(1211,299)","(832,202)","(1354,134)","(415,122)","(1198,96)","(1357,69)","(668,64)","(1033,60)",,,,,,,,,,
249,"(1357,1019)",,,"(1212,303)","(835,204)","(1354,134)","(415,121)","(1198,94)","(1357,69)","(668,64)","(1033,59)",,"(84,57)",,,,,,,,
250,"(1356,1020)",,,"(1214,300)","(835,204)","(1354,133)","(411,122)","(1198,95)","(1356,69)","(668,64)","(1033,59)",,,,,,,,,,
251,"(1356,1020)",,,"(1214,300)","(835,204)","(1354,133)","(411,122)","(1198,94)","(1356,69)","(668,64)","(1033,59)",,,,,,,,,,
252,"(1352,1021)",,,"(1214,299)","(835,204)","(1354,133)","(415,121)","(1198,95)","(1356,69)","(668,64)","(1033,59)",,,,,,,,,,
253,"(1353,1021)",,,"(1215,301)","(835,204)","(1354,133)","(415,121)","(1198,94)","(1357,69)","(668,64)","(1033,59)",,,,,,,,,,
254,"(1352,1020)",,,"(1216,300)","(836,204)","(1354,133)","(411,122)","(1198,94)","(1356,69)","(668,64)","(1033,58)",,,,,,,,,,
255,"(1353,1020)",,,"(1216,297)","(836,204)","(1355,134)","(415,121)","(1198,95)","(1357,69)","(668,64)","(1033,59)",,,,,,,,,,
256,"(1352,1021)",,,"(1215,300)","(836,204)","(1354,133)","(411,122)","(1198,94)","(1357,69)","(668,64)","(1033,59)",,,,,,,,,,
257,"(1357,1020)",,,"(1215,302)","(835,204)","(1354,133)","(415,121)","(1198,95)","(1356,69)","(668,64)","(1033,59)",,"(84,57)",,,,,,,,
258,"(1357,1019)",,,"(1216,301)","(835,204)","(1354,133)","(411,122)","(1198,94)","(1357,69)","(668,64)","(1033,59)",,,,,,,,,,
259,"(1354,1021)",,,"(1217,302)","(835,204)","(1354,133)","(411,122)","(1198,94)","(1362,63)","(668,64)","(1033,59)",,"(83,56)",,,,,,,,
260,"(1353,1021)",,,"(1218,299)","(836,205)","(1354,133)","(411,123)","(1198,95)","(1357,69)","(668,64)","(1033,59)",,"(84,57)",,,,,,"(996,44)",,
261,"(1357,1020)",,,"(1219,299)","(835,204)","(1354,133)","(415,121)","(1198,95)","(1357,69)","(668,64)","(1033,59)",,"(84,57)",,,,,,"(996,44)",,
262,"(1357,1020)",,,"(1219,297)","(831,203)","(1354,134)","(411,123)","(1198,95)","(1356,69)","(668,64)","(1033,59)",,"(84,57)",,,,,,,,
263,"(1357,1021)",,,"(1220,300)","(831,202)","(1354,134)","(411,122)","(1198,95)","(1356,69)","(668,65)","(1033,60)",,,,,,,,,,
264,"(1352,1020)",,,"(1220,298)","(834,205)","(1354,134)","(411,123)","(1198,95)","(1357,70)","(668,64)","(1033,60)",,,,,,,,,,
265,"(1352,1021)",,,"(1221,299)","(835,205)","(1354,134)","(411,122)","(1198,95)","(1357,70)","(668,64)","(1033,59)",,,,,,,,,,
266,"(1352,1017)",,,"(1222,297)","(831,203)","(1354,134)","(411,123)","(1198,95)","(1357,70)","(668,64)","(1033,59)",,,,,,,,"(996,45)",,
267,"(1352,1017)",,,"(1222,299)","(835,204)","(1354,133)","(411,123)","(1198,95)","(1357,70)","(668,64)","(1033,59)",,,,,,,,"(996,44)",,
268,"(1352,1017)",,,"(1223,298)","(835,204)","(1354,134)","(415,121)","(1196,91)","(1357,69)","(668,64)","(1033,59)",,"(85,57)",,,,,,,,
269,"(1351,1020)",,,"(1223,301)","(835,204)","(1354,133)","(411,122)","(1196,90)","(1357,69)","(668,64)","(1033,59)",,"(85,57)",,,,,,,,
270,"(1351,1020)",,,"(1223,300)","(835,204)","(1354,133)","(415,121)","(1198,94)","(1357,69)","(668,64)","(1033,59)",,,,,,,,,,
271,"(1352,1016)",,,"(1225,296)","(835,204)","(1354,133)","(415,121)","(1198,94)","(1357,70)","(668,64)","(1033,59)",,,,,,,,,,
272,"(1352,1020)",,,"(1225,300)","(831,202)","(1354,133)","(415,121)","(1198,94)","(1357,69)","(668,64)","(1033,59)",,,,,,,,,,
273,"(1352,1016)",,,"(1225,301)","(835,203)","(1354,133)","(416,120)","(1198,94)","(1357,69)","(668,63)","(1033,58)",,,,,,,,"(996,44)",,
274,"(1352,1016)",,,"(1225,296)","(831,202)","(1354,133)","(415,121)","(1198,94)","(1356,69)","(668,64)","(1033,58)",,,,,,,,,,
275,"(1352,1016)",,,"(1226,299)","(835,204)","(1354,133)","(415,120)","(1198,94)","(1356,69)","(668,63)","(1033,58)",,,,,,,,"(995,44)",,
276,"(1352,1020)",,,"(1227,296)","(835,204)","(1354,133)","(415,121)","(1197,94)","(1356,69)","(668,63)","(1033,58)",,,,,,,,,,
277,"(1352,1020)",,,"(1228,298)","(835,204)","(1354,132)","(415,121)","(1198,94)","(1357,69)","(668,64)","(1033,58)",,,,"(419,53)",,,,,,
278,"(1352,1020)",,,"(1227,299)","(835,204)","(1354,133)","(415,121)","(1198,94)","(1357,69)","(668,63)",,,,,,,,,,,
279,"(1352,1020)",,,"(1228,300)","(835,204)","(1354,133)","(415,121)","(1198,95)","(1356,69)","(668,64)",,,,,,,,,,,
280,"(1353,1020)",,,"(1228,298)","(835,204)","(1355,133)","(415,121)","(1198,95)","(1357,69)","(668,64)","(1033,59)",,"(86,57)",,,,,,,,
281,"(1352,1020)",,,"(1229,298)","(835,204)","(1354,133)","(412,123)","(1198,95)","(1357,69)","(668,64)",,,,,,,,,,,
282,"(1353,1020)",,,"(1229,296)","(835,204)","(1354,133)","(415,121)","(1198,95)","(1357,69)","(668,64)",,,,,,,,,,,
283,"(1353,1020)","(855,1030)",,"(1229,296)","(835,204)","(1354,133)","(415,121)","(1198,94)","(1356,69)","(668,64)",,,,,,,,,,,
284,"(1353,1020)","(855,1029)",,"(1229,296)","(835,204)","(1354,133)","(411,122)","(1198,94)","(1356,69)","(668,64)",,,,,,,,,,,
285,"(1353,1020)","(855,1029)",,"(1231,298)","(835,204)","(1354,133)","(411,122)","(1198,94)","(1356,69)","(667,64)",,,,,,,,,,,
286,"(1357,1019)",,,"(1231,295)","(835,204)","(1354,133)","(414,121)","(1198,94)","(1356,69)","(668,64)",,,"(85,56)",,,,,,,,
287,"(1353,1019)","(856,1028)",,"(1232,294)","(835,203)","(1354,133)","(415,121)","(1198,94)","(1356,69)","(668,63)",,,,,,,,,,,
288,"(1357,1019)","(856,1028)",,"(1236,296)","(835,204)","(1354,133)","(415,121)","(1198,94)","(1356,69)","(668,63)",,,,,,,,,,,
289,"(1357,1019)",,,"(1233,296)","(834,204)","(1354,133)","(414,121)","(1197,94)","(1356,69)","(668,63)",,,,,,,,,,,
290,"(1353,1019)",,,"(1236,296)","(835,204)","(1354,133)","(415,121)","(1198,94)","(1356,69)","(668,63)",,,,,,,,,"(996,44)",,
291,"(1353,1018)","(856,1027)",,"(1236,296)","(835,204)","(1354,133)","(415,121)","(1198,94)","(1356,69)","(668,63)",,,,,,,,,,,
292,"(1356,1019)","(857,1026)",,"(1236,298)","(835,204)","(1354,133)","(415,121)","(1197,94)","(1356,69)","(668,64)",,,,,"(419,52)",,,,,,
293,"(1356,1019)","(858,1024)",,"(1236,297)","(835,204)","(1354,132)","(415,121)","(1197,94)","(1356,69)","(668,63)","(1033,59)",,,,,,,,,,
294,"(1353,1019)","(858,1023)",,"(1236,299)","(831,202)","(1354,133)","(414,121)","(1198,94)","(1356,69)","(668,64)",,,,,,,,,,,
295,"(1352,1019)","(859,1022)",,"(1237,298)","(835,204)","(1354,133)","(415,121)","(1198,94)","(1356,69)","(668,64)",,,,,,,,,,,
296,"(1353,1019)","(860,1022)",,"(1238,299)","(835,204)","(1354,133)","(415,121)","(1198,95)","(1356,69)","(668,64)",,,,,,,,,,,
297,"(1353,1019)","(863,1023)",,"(1241,297)","(831,202)","(1354,133)","(411,122)","(1197,95)","(1356,69)","(668,64)",,,,,,,,,,,
298,"(1353,1020)","(866,1023)",,"(1241,299)","(831,202)","(1354,133)","(411,122)","(1198,96)","(1356,70)","(668,64)",,,"(83,57)",,,,,,,,
299,"(1357,1019)","(865,1022)",,"(1243,296)","(834,204)","(1354,133)","(411,122)","(1198,95)","(1356,70)","(668,64)",,,"(83,57)",,,,,,,,
300,"(1353,1020)","(865,1024)",,"(1242,299)","(835,205)","(1355,134)","(415,121)","(1198,96)","(1357,70)","(668,64)",,,,,,,,,,,
301,"(1353,1019)","(866,1024)",,"(1244,297)","(835,204)","(1354,133)","(411,122)","(1198,96)","(1356,69)","(668,64)",,,"(83,57)",,,,,,,,
302,"(1353,1019)","(864,1024)",,"(1244,296)","(835,204)","(1354,134)","(415,121)","(1198,96)","(1356,70)","(668,64)",,,,,,,,,,,
303,"(1353,1019)","(865,1023)",,"(1243,295)","(833,204)","(1354,134)","(415,121)","(1198,95)","(1357,70)","(668,64)",,,"(84,57)",,,,,,,,
304,"(1353,1019)","(864,1020)",,"(1243,297)","(831,201)","(1354,133)","(411,122)","(1198,95)","(1357,69)","(668,64)",,,,,"(493,48)",,,,,,
305,"(1353,1016)","(864,1016)",,"(1246,296)","(835,204)","(1354,133)","(411,122)","(1198,95)","(1357,69)","(668,64)",,,"(83,57)",,,,,,,,
306,"(1353,1018)","(865,1016)",,"(1246,297)","(835,203)","(1354,133)","(411,122)","(1198,95)","(1357,69)","(668,64)",,,,,,,,,,,
307,"(1357,1015)","(866,1016)",,"(1246,295)","(834,203)","(1354,133)","(411,122)","(1197,95)","(1356,69)","(668,64)",,,,,,,,,,,
308,"(1354,1018)","(867,1020)",,"(1246,299)","(835,203)","(1354,133)","(415,121)","(1198,95)","(1357,69)","(668,64)",,,,,,,,,,,
309,"(1358,1018)","(866,1020)",,"(1246,299)","(831,201)","(1354,133)","(412,122)","(1198,94)","(1357,69)","(668,63)",,,,,,,,,,"(44,816)",
310,"(1358,1018)","(868,1013)",,"(1246,294)","(834,203)","(1355,133)","(414,121)","(1198,95)","(1356,69)","(668,64)",,,,,,,,"(1368,881)",,,
311,,"(869,1014)",,"(1246,295)","(835,203)","(1355,133)","(411,121)","(1198,95)","(1356,69)","(668,64)",,,"(85,57)",,,,,,,,
312,"(1358,1015)","(869,1012)",,"(1247,296)","(835,203)","(1355,133)","(411,122)","(1198,95)","(1356,69)","(668,64)",,,,,,,,,,,
313,"(1358,1015)","(869,1013)",,"(1247,296)","(835,203)","(1356,134)","(415,121)","(1198,95)","(1357,69)","(668,64)","(1033,60)",,,,,,,"(1372,871)",,,
314,"(1358,1018)","(869,1012)",,"(1247,297)","(835,204)","(1355,133)","(412,122)","(1198,95)","(1357,69)","(668,64)",,,,,,,,,,,
315,"(1358,1017)","(870,1012)",,"(1248,293)","(835,204)","(1355,134)","(412,122)","(1198,95)","(1357,69)","(668,65)",,,,,,,,,,,
316,"(1354,1015)","(868,1013)",,"(1245,292)","(835,203)","(1355,134)","(411,122)","(1198,95)","(1357,69)","(668,64)","(1043,58)",,,,,,,,,,
317,"(1354,1015)","(870,1011)",,"(1246,292)","(835,203)","(1355,134)","(411,122)","(1198,95)","(1357,69)","(668,64)",,,,,,,,,,,
318,"(1358,1017)","(871,1011)",,"(1247,296)","(835,204)","(1355,134)","(415,121)","(1198,96)","(1357,70)","(668,65)",,,,,,,,,,,
319,"(1354,1018)","(873,1014)",,"(1247,296)","(835,203)","(1355,134)","(412,122)","(1199,95)","(1357,70)","(668,64)","(1042,58)",,,,,,,,,,
320,"(1354,1018)","(872,1014)",,"(1247,295)","(835,203)","(1355,134)","(412,122)","(1199,95)","(1357,70)","(668,64)","(997,44)",,,,,,,,,,
321,"(1354,1015)","(872,1014)",,"(1247,294)","(835,203)","(1355,134)","(412,122)","(1198,95)","(1357,70)","(668,64)",,,,,,,,,,,
322,"(1355,1015)","(871,1013)",,"(1249,295)","(835,203)","(1355,134)","(415,121)","(1198,95)","(1357,69)","(668,64)",,,,,,,,,,,
323,"(1359,1016)","(872,1012)",,"(1252,296)","(835,203)","(1355,134)","(412,122)","(1198,95)","(1357,69)","(668,64)",,,,,,,,,,,
324,"(1360,1015)","(876,1012)",,"(1250,295)","(835,203)","(1355,133)","(415,121)","(1198,95)","(1357,69)","(668,64)",,,,,,,,,,,
325,"(1359,1015)","(875,1012)",,"(1252,295)","(835,203)","(1355,133)","(412,122)","(1198,95)","(1357,69)","(668,64)",,,,,,,,,,,
326,"(1359,1013)","(872,1011)",,"(1254,295)","(835,202)","(1355,133)","(412,121)","(1196,90)","(1357,69)","(668,63)",,,,,,,,,,,
327,"(1358,1016)","(873,1011)",,"(1253,294)","(835,202)","(1355,133)","(412,121)","(1198,94)","(1357,69)","(668,64)",,,,,,,,,,,
328,"(1359,1012)","(874,1011)",,"(1252,292)","(835,202)","(1355,133)","(415,120)","(1198,94)","(1356,69)","(668,63)",,,,"(603,1078)",,,,,,,
329,"(1359,1016)","(875,1012)",,"(1257,294)",,"(1355,133)","(414,121)","(1198,96)","(1357,70)","(668,64)","(1033,60)",,,,,,,,,,
330,"(1359,1016)","(876,1010)",,"(1250,293)","(835,203)","(1355,133)","(414,121)","(1198,94)","(1357,69)","(668,63)",,,,,,,,,,,
331,"(1359,1016)","(876,1012)",,"(1254,293)","(835,203)","(1355,134)","(415,121)","(1198,94)","(1357,69)","(668,65)","(1033,59)",,,,,,,,,"(45,820)",
332,"(1359,1016)","(873,1011)",,"(1257,295)","(835,203)","(1355,133)","(414,121)","(1198,95)","(1357,70)","(668,64)","(1033,59)",,,,,,,,,,
333,"(1359,1016)","(874,1011)",,"(1257,294)","(835,203)","(1355,134)","(414,121)","(1198,95)","(1357,70)","(668,64)",,,"(81,57)",,,,,,,,
334,"(1359,1016)","(874,1011)",,"(1256,294)","(835,203)","(1355,133)","(414,121)","(1198,94)","(1357,69)","(668,64)",,,,,,,,,,,
335,"(1359,1016)","(875,1011)",,"(1254,294)","(831,203)","(1355,134)","(412,123)","(1198,96)","(1357,70)","(668,65)","(1034,60)",,,,,,,,,,
336,"(1359,1016)","(875,1010)",,"(1254,293)","(835,203)","(1355,133)","(414,121)","(1198,94)","(1357,70)","(668,64)",,,,,,,,,,,
337,"(1359,1017)","(874,1011)",,"(1257,294)","(835,203)","(1355,134)","(414,121)","(1198,93)","(1357,70)","(668,65)",,,,,,,,,,,
338,"(1359,1016)","(876,1010)",,"(1257,293)","(835,203)","(1355,133)","(414,121)","(1198,95)","(1357,69)","(668,64)","(1042,57)",,,,,,,,,,
339,"(1355,1016)","(876,1010)",,"(1257,294)","(835,203)","(1355,134)","(413,121)","(1198,95)","(1357,70)","(668,64)","(1033,59)",,,,,,,,,,
340,"(1359,1016)","(875,1010)",,"(1257,293)","(835,203)","(1355,133)","(414,121)","(1198,95)","(1357,69)","(668,64)","(1033,59)",,,,,,,,,,
341,"(1361,1016)","(878,1009)",,"(1257,294)","(835,203)","(1355,133)","(413,121)","(1198,94)","(1357,69)","(668,64)","(1033,59)",,,,,,,,,,
342,"(1359,1015)","(876,1005)",,"(1257,289)","(835,202)","(1355,133)","(413,121)","(1198,94)","(1356,69)","(668,63)",,,,,,,,,,,
343,"(1359,1016)","(877,1005)",,"(1257,290)","(835,202)","(1355,133)","(413,121)","(1198,94)","(1357,69)","(668,64)",,,,,"(419,52)",,,,,,
344,"(1359,1015)","(877,1004)",,"(1257,293)","(835,202)","(1355,133)","(414,121)","(1198,94)","(1357,69)","(668,63)",,,,,,,,,,,
345,"(1358,1015)","(877,1003)",,"(1256,294)","(835,202)","(1355,133)","(414,121)","(1198,94)","(1357,69)","(668,64)",,,,,"(419,52)",,,,,,
346,"(1359,1015)","(880,1002)",,"(1260,292)",,"(1355,133)","(411,121)","(1198,94)","(1356,69)","(668,63)",,,,,,,,,,,
347,"(1359,1015)","(879,1002)",,"(1261,291)",,"(1355,133)","(411,121)","(1198,93)","(1356,69)","(668,63)",,,,,"(480,47)",,,,,,
348,"(1359,1014)","(878,1002)",,"(1264,293)","(835,203)","(1355,133)","(415,121)","(1198,94)","(1357,69)","(668,63)",,,,,,,,,,,
349,"(1359,1014)","(879,1002)",,"(1264,290)","(835,203)","(1354,133)","(414,121)","(1198,95)","(1356,69)","(668,64)",,,,,,,,,,,
350,"(1360,1016)","(879,1002)",,"(1263,295)","(835,203)","(1355,133)","(414,121)","(1198,95)","(1356,69)","(668,64)",,,,,,,,,,,
351,"(1359,1016)","(879,1001)",,"(1263,295)","(834,203)","(1355,133)","(415,121)","(1198,94)","(1356,69)","(668,64)",,,,,,,,,,,
352,"(1359,1016)","(879,1001)",,"(1261,292)",,"(1355,133)","(414,121)","(1198,94)","(1357,69)","(668,64)",,,,,,,,,,,
353,"(1359,1016)","(880,1000)",,"(1260,292)",,"(1355,134)","(412,121)","(1198,94)","(1357,69)","(668,64)",,,,,,,,,,,
354,"(1359,1015)","(879,1000)",,"(1263,296)","(835,203)","(1355,133)","(414,121)","(1198,95)","(1357,69)","(668,64)",,,,,"(419,52)",,,,,,
355,"(1359,1015)","(879,998)",,"(1262,296)","(835,203)","(1355,133)","(415,121)","(1198,95)","(1357,69)","(668,64)","(1034,60)",,,,,,,,,,
356,"(1356,1016)","(878,999)",,"(1263,296)","(835,203)","(1355,133)","(415,121)","(1198,94)","(1357,69)","(668,64)","(1034,60)",,,,,,,,,,
357,"(1359,1015)","(878,998)",,"(1264,293)","(835,203)","(1355,134)","(412,122)","(1199,96)","(1357,69)","(669,64)",,,,,,,,,,,
358,"(1359,1015)","(877,997)",,"(1263,293)","(835,202)","(1355,133)","(412,122)","(1199,95)","(1357,69)","(668,64)",,,,,,,,,,,
359,"(1360,1014)","(878,997)",,"(1263,293)","(835,203)","(1355,133)","(412,122)","(1198,95)","(1357,69)","(668,64)",,,,,,,,,,,
360,"(1360,1014)","(878,996)",,"(1265,291)","(835,202)","(1355,133)","(412,122)","(1199,94)","(1357,69)","(669,64)",,,,,,,,,,,
361,"(1360,1014)","(879,996)",,"(1267,297)","(835,203)","(1355,133)","(412,122)","(1198,95)","(1357,69)","(668,64)",,,,,,,,,,,
362,"(1359,1014)","(877,996)",,"(1265,291)","(835,202)","(1355,133)","(412,121)","(1198,94)","(1357,69)","(668,64)",,,,,,,,,,,
363,"(1360,1015)","(879,995)",,"(1264,293)","(834,202)","(1355,133)","(412,122)","(1198,94)","(1356,69)","(668,63)",,,,,,,,,,,
364,"(1360,1014)","(880,995)",,"(1259,290)","(835,202)","(1355,133)","(412,122)","(1198,94)","(1356,69)","(668,63)",,,,"(604,1078)",,,,,,,
365,"(1360,1014)","(879,994)",,"(1269,292)","(834,202)","(1355,133)","(412,121)","(1198,94)","(1357,69)","(668,63)",,,,,,,,,,,
366,"(1360,1014)","(879,993)",,"(1273,293)","(835,203)","(1355,133)","(412,122)","(1198,94)","(1357,69)","(668,64)","(1033,60)",,,,,,,,,,
367,"(1360,1015)","(881,992)",,"(1273,292)","(835,203)","(1355,133)","(412,122)","(1198,94)","(1356,69)","(668,64)",,,,,,,,,,,
368,"(1360,1015)","(879,991)",,"(1270,294)","(835,203)","(1355,133)","(412,122)","(1198,96)","(1357,69)","(669,64)",,,,,,,,,,,
369,"(1360,1014)","(881,991)",,"(1259,292)","(835,203)","(1354,133)","(412,122)","(1198,95)","(1357,69)","(668,64)","(1034,59)",,,,,,,,,,
370,,"(882,991)",,"(1260,291)","(835,203)","(1355,134)","(412,122)","(1198,95)","(1356,69)","(668,64)",,,,,,,,,,,
371,"(1360,1011)","(883,992)",,"(1260,292)","(834,203)","(1354,134)","(412,122)","(1198,95)","(1356,69)","(668,64)","(1033,60)",,,,,,,,,,
372,"(1360,1016)","(884,990)",,"(1261,292)","(835,203)","(1355,133)","(412,122)","(1198,95)","(1356,69)","(669,64)",,,,,,,,,,,
373,"(1360,1013)","(883,990)",,"(1261,291)","(835,203)","(1355,133)","(412,122)","(1198,95)","(1357,69)","(668,64)","(1033,59)",,,,,,,,,,
374,"(1360,1013)","(883,988)",,"(1262,291)","(835,203)","(1355,133)","(412,122)","(1199,95)","(1357,69)","(668,64)",,,,,,,,,,,
375,,"(883,988)",,"(1264,291)","(835,203)","(1355,134)","(412,122)","(1198,95)","(1357,69)","(668,64)",,,,,,,,,,,
376,"(1360,1013)","(883,987)",,"(1264,290)","(835,203)","(1355,134)","(412,122)","(1199,95)","(1357,69)","(669,64)",,,,,,,,,,,
377,"(1360,1013)","(883,986)",,"(1264,289)","(835,203)","(1355,133)","(412,122)","(1198,95)","(1357,69)","(668,64)",,,,,,,,,,,
378,"(1360,1013)","(884,986)",,"(1264,289)","(835,202)","(1355,133)","(412,122)","(1198,94)","(1357,69)","(668,64)","(1033,59)",,,,,,,,,,
379,"(1360,1013)","(884,986)",,"(1270,291)","(835,202)","(1354,133)","(412,122)","(1198,94)","(1356,69)","(668,63)","(1033,59)",,,,,,,,,,
380,"(1360,1013)","(885,983)",,"(1264,289)",,"(1355,133)","(412,122)","(1198,94)","(1356,69)","(668,64)",,,,,,,,,,,
381,"(1358,1011)","(885,984)",,"(1265,288)","(834,202)","(1354,133)","(412,122)","(1198,94)","(1357,69)","(668,63)",,,,,,,,,,,
382,,"(885,984)",,"(1271,291)","(834,203)","(1354,133)","(412,122)","(1198,94)","(1357,69)","(668,63)","(1033,59)",,,,,,,,,,
383,"(1359,1012)","(885,984)",,"(1270,292)","(834,202)","(1354,133)","(412,122)","(1198,94)","(1357,69)","(668,64)",,,,,,,,,,,
384,"(1358,1012)","(886,983)",,"(1272,291)",,"(1355,133)","(412,122)","(1198,95)","(1357,69)","(668,64)",,,,,,,,,,,
385,,"(884,982)",,"(1264,289)","(834,203)","(1354,133)","(412,122)","(1198,94)","(1356,69)","(668,64)","(1033,59)",,,,,,,,,,
386,"(1359,1014)","(884,982)",,"(1264,289)","(834,203)","(1354,133)","(412,122)","(1198,95)","(1356,69)","(668,64)","(1033,59)",,,,,,,,,,
387,"(1355,1012)","(886,982)",,"(1265,290)","(834,203)","(1354,133)","(415,121)","(1198,96)","(1356,69)","(668,64)","(1033,59)",,,,,,,,,,
388,"(1354,1012)","(884,982)",,"(1265,290)","(834,203)","(1354,133)","(415,121)","(1198,96)","(1356,69)","(668,64)","(997,45)",,,,,,,,,,
389,"(1355,1012)","(886,979)",,"(1266,290)","(834,203)","(1355,133)","(412,122)","(1198,95)","(1356,70)","(668,64)","(997,44)",,,,,,,,,,
390,"(1359,1014)","(883,981)",,"(1266,289)","(835,203)","(1354,133)","(412,122)","(1198,95)","(1356,69)","(668,64)","(1033,59)",,,,,,,,,,
391,"(1354,1012)","(892,981)",,"(1267,290)","(834,203)","(1354,133)","(412,122)","(1198,95)","(1356,69)","(668,64)","(1033,60)",,,,,,,,,,
392,"(1354,1012)","(890,979)",,"(1267,290)","(834,203)","(1354,133)","(412,122)","(1198,95)","(1356,69)","(668,64)","(1033,59)",,,,,,,,,,
393,"(1354,1012)","(891,978)",,"(1267,290)","(834,203)","(1355,134)","(411,122)","(1198,95)","(1356,69)","(668,64)","(1045,58)",,,,,,,,,,
394,"(1353,1012)","(887,977)",,"(1267,289)","(834,202)","(1355,134)","(412,122)","(1198,95)","(1357,69)","(668,64)",,,,,,,,,,,
395,"(1354,1011)","(887,977)",,"(1268,290)","(835,203)","(1355,134)","(412,122)","(1198,95)","(1357,69)","(668,64)","(1034,59)",,,,,,,,,,
396,"(1354,1011)","(888,976)",,"(1268,290)","(834,202)","(1355,133)","(412,122)","(1198,94)","(1356,69)","(668,64)",,,,,,,,,,,
397,"(1354,1011)","(888,976)",,"(1267,290)",,"(1355,133)","(416,120)","(1198,94)","(1357,69)","(668,64)",,,,,,,,,,,
398,"(1354,1010)","(889,975)",,"(1267,290)",,"(1355,133)","(415,120)","(1198,94)","(1356,69)","(668,64)",,,,,,,,,,,
399,"(1354,1009)","(887,974)",,"(1267,290)","(834,202)","(1355,133)","(416,120)","(1198,94)","(1356,69)","(668,64)","(1033,59)",,,,,,,,,,
400,"(1353,1010)","(888,974)",,"(1267,289)",,"(1355,133)","(415,120)","(1198,94)","(1356,69)","(668,64)",,,,,,,,,,,
401,"(1352,1009)","(889,975)",,"(1267,289)","(834,202)","(1354,133)","(415,121)","(1198,94)","(1356,69)","(668,64)",,,,,,,,,,,
402,"(1356,1009)","(889,974)",,"(1267,290)","(833,202)","(1354,133)","(415,120)","(1198,94)","(1355,69)","(667,63)",,,,,,,,"(1368,875)",,,
403,"(1352,1009)","(890,975)",,"(1267,290)","(834,203)","(1355,133)","(415,121)","(1198,95)","(1355,70)","(667,64)",,,,,,,,,,,
404,"(1352,1008)","(890,975)",,"(1267,290)","(834,203)","(1355,133)","(415,121)","(1198,95)","(1356,69)","(668,64)",,,,,,,,,,,
405,"(1352,1009)","(889,974)",,"(1268,290)","(834,202)","(1355,133)","(415,121)","(1198,94)","(1357,69)","(668,64)",,,,,,,,,,,
406,"(1352,1009)","(889,974)",,"(1268,290)","(833,203)","(1354,133)","(415,121)","(1198,95)","(1356,69)","(667,64)","(1033,60)",,,,,,,,,,
407,"(1352,1011)","(890,975)",,"(1269,290)","(835,203)","(1355,133)","(415,121)","(1198,95)","(1357,69)","(668,64)",,,,,,,,,,,
408,"(1352,1011)","(889,974)",,"(1268,290)","(834,202)","(1355,134)","(415,121)","(1198,95)","(1356,69)","(668,64)","(1033,59)",,,,,,,,,,
409,"(1352,1009)","(891,974)",,"(1269,290)","(834,203)","(1355,133)","(415,121)","(1198,95)","(1357,70)","(668,64)",,,,,,,,,,,
410,"(1352,1009)","(891,974)",,"(1269,290)","(834,202)","(1355,133)","(415,121)","(1198,95)","(1357,70)","(668,64)","(1033,59)",,,,,,,,,,
411,"(1351,1009)","(891,973)",,"(1269,289)",,"(1355,133)","(415,121)","(1198,95)","(1356,69)","(668,64)","(1033,59)",,,,,,,,,,
412,"(1351,1009)","(890,973)",,"(1269,289)",,"(1355,134)","(415,121)","(1198,95)","(1356,69)","(668,64)","(1033,59)",,,,,,,,,,
413,"(1352,1009)","(890,971)",,"(1269,289)","(834,202)","(1354,133)","(415,121)","(1198,95)","(1356,70)","(668,64)",,,,,,,,,,,
414,"(1352,1009)","(890,971)",,"(1269,289)","(834,202)","(1355,133)","(415,121)","(1198,95)","(1356,69)","(668,64)",,,,,,,,,,,
415,"(1351,1009)","(892,970)",,"(1269,289)","(834,202)","(1355,133)","(415,120)","(1198,94)","(1356,69)","(668,64)",,,,,,,,,,,
416,"(1351,1009)","(891,968)",,"(1269,288)","(834,202)","(1355,133)","(415,120)","(1198,94)","(1357,69)","(668,64)",,,,,,,,,,,
417,"(1352,1009)","(890,966)",,"(1269,288)","(834,201)","(1355,133)","(415,120)","(1198,93)","(1356,69)","(668,63)","(1033,59)",,,,,,,,,,
418,"(1352,1009)","(892,966)",,"(1270,289)","(834,202)","(1354,133)","(415,120)","(1198,94)","(1356,69)","(668,64)",,,,,,,,,,,
419,"(1352,1009)","(893,964)",,"(1270,288)","(833,201)","(1355,133)","(415,120)","(1198,94)","(1356,69)","(668,63)",,,,,,,,,,,
420,"(1351,1009)","(892,963)",,"(1270,289)","(834,202)","(1355,133)","(415,121)","(1198,94)","(1356,69)","(668,64)",,,,,,,,,,,
421,"(1351,1009)","(890,963)",,"(1270,289)","(834,201)","(1355,133)","(415,120)","(1198,94)","(1356,69)","(668,64)",,,,,,,,,,,
422,"(1351,1009)","(890,963)",,"(1271,289)","(834,202)","(1354,133)","(415,121)","(1198,94)","(1357,69)","(668,64)",,,,,,,,,,,
423,"(1351,1009)","(890,961)",,"(1272,289)","(834,202)","(1355,133)","(412,122)","(1198,94)","(1356,69)","(668,64)",,,,,,,,,,,
424,"(1351,1009)","(891,962)",,"(1276,289)","(834,202)","(1354,133)","(415,121)","(1198,95)","(1356,69)","(668,64)",,,,,,,,,,,
425,"(1351,1009)","(893,961)",,"(1273,289)","(834,203)","(1354,133)","(415,121)","(1198,95)","(1357,69)","(668,64)","(1033,59)",,,,,,,,,,
426,"(1351,1009)","(893,960)",,"(1274,289)","(834,202)","(1355,133)","(415,121)","(1198,94)","(1357,69)","(668,64)",,,,,,,,,,,
427,"(1351,1008)","(894,961)",,"(1275,289)","(834,202)","(1354,133)","(415,121)","(1198,94)","(1356,69)","(668,64)","(1033,59)",,,,,,,,,,
428,,"(894,960)",,"(1275,289)","(834,202)","(1354,133)","(415,121)","(1198,95)","(1357,69)","(668,64)","(1033,59)",,,,,,,,,,
429,"(1351,1008)","(894,959)",,"(1277,289)","(834,201)","(1355,133)","(412,121)","(1198,94)","(1356,69)","(669,64)",,,,,,,,,,,
430,"(1351,1008)","(895,959)",,"(1277,289)","(834,201)","(1355,133)","(412,121)","(1198,94)","(1356,69)","(669,64)",,,,,,,,,,,
431,"(1351,1008)","(895,957)",,"(1278,288)","(834,202)","(1355,133)","(412,121)","(1198,94)","(1357,69)","(669,64)",,,,,,,,,,,
432,"(1351,1008)","(895,957)",,"(1282,288)","(835,201)","(1355,133)","(412,121)","(1198,94)","(1357,69)","(669,64)",,,,,,,,,,,
433,"(1351,1008)","(894,955)",,"(1280,287)","(835,201)","(1355,133)","(412,121)","(1199,94)","(1356,69)","(669,64)","(1034,58)",,,,,,,,,,
434,"(1351,1008)","(895,953)",,"(1281,287)","(835,201)","(1355,133)","(412,121)","(1199,94)","(1356,69)","(669,64)",,,,,,,,,,,
435,"(1351,1008)","(899,954)",,"(1281,287)","(835,201)","(1354,133)","(416,120)","(1199,94)","(1357,69)","(669,63)","(1034,58)",,,,,,,,,,
436,"(1351,1009)","(894,952)",,"(1281,287)","(835,201)","(1354,133)","(416,120)","(1199,94)","(1357,69)","(669,64)","(1034,58)",,,,,,,"(1368,875)",,,"(1181,43)"
437,"(1351,1008)","(895,950)",,"(1281,287)","(835,201)","(1355,133)","(416,120)","(1199,93)","(1356,69)","(669,64)","(1019,44)",,,,,,,,,,
438,"(1351,1008)","(897,950)",,"(1281,287)","(834,202)","(1355,133)","(416,120)","(1199,94)","(1357,69)","(668,64)","(1018,44)",,,,,,,,,,"(1182,43)"
439,"(1350,1008)","(894,949)",,"(1281,287)","(834,202)","(1355,133)","(412,121)","(1199,95)","(1357,70)","(668,64)",,,,,,,,,,,
440,"(1350,1008)","(896,949)",,"(1281,287)","(834,202)","(1355,133)","(412,121)","(1199,95)","(1357,69)","(668,64)",,,,,,,,,,,
441,"(1351,1009)","(896,950)",,"(1281,287)","(835,202)","(1355,133)","(415,120)","(1199,94)","(1357,69)","(668,64)",,,,,,,,,,,
442,"(1350,1008)","(896,949)",,"(1281,287)","(834,202)","(1355,133)","(416,120)","(1198,94)","(1357,69)","(668,64)","(1018,44)",,,,,,,,,,
443,,"(895,949)",,"(1281,288)","(834,202)","(1354,133)","(412,121)","(1198,94)","(1357,69)","(668,64)",,,,,,,,,,,
444,"(1350,1009)","(897,947)",,"(1282,288)","(834,202)","(1354,133)","(412,121)","(1198,95)","(1357,69)","(668,64)",,,,,,,,,,,
445,,"(897,948)",,"(1282,287)","(834,202)","(1355,133)","(412,122)","(1198,94)","(1357,69)","(669,64)",,,,,,,,,,,
446,,"(897,948)",,"(1282,287)","(834,202)","(1355,133)","(412,122)","(1198,94)","(1357,69)","(668,64)",,,,,,,,,,,
447,,"(896,948)",,"(1282,287)","(835,202)","(1355,133)","(416,121)","(1198,94)","(1357,69)","(669,64)",,,,,,,,,,,
448,"(1350,1009)","(898,947)",,"(1283,287)","(835,202)","(1355,133)","(413,122)","(1198,94)","(1357,69)","(669,64)",,,,,,,,,,,
449,"(1350,1010)","(898,947)",,"(1286,286)","(835,202)","(1355,133)","(413,121)","(1200,94)","(1357,69)","(669,63)","(1035,58)",,,,,,,,,,
450,"(1351,1009)","(897,947)",,"(1286,286)","(835,202)","(1355,133)","(413,121)","(1199,94)","(1357,69)","(669,64)","(1034,58)",,,,,,,,,,
451,"(1351,1009)","(898,946)",,"(1286,286)","(835,202)","(1355,133)","(416,120)","(1199,94)","(1358,69)","(669,64)","(1034,58)",,,,,,,,,,
452,"(1351,1009)","(898,946)",,"(1285,285)","(836,202)","(1355,133)","(416,120)","(1199,94)","(1358,69)","(669,64)","(1034,58)",,,,,,,,,,
453,"(1351,1008)","(898,946)",,"(1284,286)","(835,201)","(1355,132)","(416,120)","(1199,94)","(1357,69)","(669,64)","(1034,58)",,,,,,,,,,
454,"(1351,1008)","(899,945)",,"(1285,286)","(835,202)","(1355,133)","(416,120)","(1199,94)","(1357,69)","(668,64)","(1034,58)",,,,,,,,,,
455,"(1356,1013)","(898,946)",,"(1282,285)","(835,202)","(1354,133)","(412,121)","(1199,94)","(1357,69)","(669,64)","(1033,58)",,,,,,,,,,
456,,"(899,946)",,"(1284,285)","(835,202)","(1355,133)","(412,121)","(1199,93)","(1357,69)","(668,63)","(1034,58)",,,,,,,,,,
457,,"(898,947)",,"(1282,285)","(835,201)","(1355,133)","(412,121)","(1199,94)","(1357,69)","(669,64)","(1034,58)",,,,,,,,,,
458,"(1355,1013)","(898,948)",,"(1285,285)","(835,201)","(1355,132)","(412,121)","(1199,94)","(1357,69)","(669,63)","(1034,58)",,,,,,,,,"(45,819)",
459,,"(899,947)",,"(1282,284)","(835,203)","(1355,133)","(416,120)","(1198,94)","(1357,69)","(669,64)","(1034,59)",,,,,,,,,,
460,"(1354,1009)","(898,948)",,"(1282,285)","(835,202)","(1355,133)","(416,120)","(1199,94)","(1357,69)","(669,64)","(1034,59)",,,,,,,,,"(45,820)",
461,"(1355,1013)","(899,948)",,"(1285,284)","(835,203)","(1355,133)","(412,121)","(1197,90)","(1357,69)","(669,64)","(1033,58)",,,,,,,,"(1003,44)","(45,820)",
462,"(1355,1013)","(899,949)",,"(1283,284)","(836,202)","(1355,133)","(412,121)","(1199,94)","(1357,69)","(668,63)","(1034,58)",,,,,,,,,,
463,"(1355,1013)","(899,949)",,"(1282,285)","(835,203)","(1355,133)","(412,121)","(1198,95)","(1357,69)","(669,64)","(1034,58)",,,,,,,,,"(45,820)",
464,"(1351,1010)","(899,949)",,"(1282,285)","(835,202)","(1355,133)","(412,121)","(1198,95)","(1357,69)","(668,64)","(1034,59)",,,,,,,,"(1003,44)",,
465,"(1355,1013)","(899,949)",,"(1282,285)","(835,202)","(1355,133)","(412,121)","(1198,94)","(1357,69)","(668,64)","(1034,58)",,,,,,,,,,
466,"(1351,1012)","(900,949)",,"(1286,286)","(836,202)","(1355,133)","(416,120)","(1197,90)","(1357,69)","(668,64)","(1034,58)",,,,,,,,,"(45,819)",
467,,"(899,948)",,"(1283,285)","(835,202)","(1355,133)","(416,120)","(1198,94)","(1357,69)","(669,64)","(1034,58)",,,,,,,,,,
468,,"(900,946)",,"(1283,283)","(836,202)","(1355,132)","(416,120)","(1198,94)","(1357,69)","(669,63)","(1034,58)",,,,,,,,,,
469,,"(900,946)",,"(1283,284)","(835,202)","(1355,133)","(412,121)","(1198,94)","(1357,69)","(668,64)","(1034,58)",,,,,,,,,,
470,"(1350,1010)","(900,946)",,"(1283,284)","(832,199)","(1355,133)","(415,120)","(1197,90)","(1357,69)","(668,63)","(1034,58)",,,,,,,,,"(45,819)",
471,"(1350,1010)","(901,946)",,"(1286,285)","(833,199)","(1355,132)","(412,121)","(1198,94)","(1357,69)","(668,63)","(1034,58)",,,,,,,,,,
472,,"(901,946)",,"(1286,283)","(836,202)","(1355,133)","(415,120)","(1199,94)","(1357,69)","(669,64)","(1034,58)",,,,,,,,,,
473,,"(901,946)",,"(1286,283)","(835,202)","(1354,133)","(412,121)","(1198,94)","(1356,69)","(668,63)","(1033,58)",,,,"(346,51)",,,,,,
474,"(1350,1010)","(900,946)",,"(1286,283)","(836,202)","(1355,133)","(415,120)","(1198,94)","(1357,69)","(668,64)","(1034,58)",,,,,,,,,,
475,"(1349,1009)","(900,947)",,"(1285,283)","(835,202)","(1354,133)","(415,120)","(1198,94)","(1356,69)","(668,64)","(1033,58)",,,,,,,,,"(45,820)",
476,"(1349,1009)","(903,947)",,"(1286,286)","(835,203)",,"(414,121)","(1198,95)","(1356,69)","(669,64)","(1033,60)",,,,,,,,,,
477,"(1348,1010)","(903,947)",,"(1286,285)","(835,202)",,"(414,120)","(1198,95)","(1356,69)","(669,64)","(1033,59)",,,,,,,,,,
478,"(1349,1010)","(907,947)",,"(1285,286)","(835,203)",,"(414,121)","(1198,95)","(1356,69)","(669,65)",,,,,,,,,,,
479,"(1349,1010)","(904,948)",,"(1283,283)","(835,203)",,"(415,120)","(1198,95)","(1356,69)","(668,64)","(1033,59)",,,,,,,,,,
480,"(1349,1009)","(905,949)",,"(1287,285)","(835,203)",,"(414,121)","(1198,95)","(1356,69)","(669,64)","(1033,60)",,,,,,,,,,
481,"(1348,1009)","(907,949)",,"(1286,285)","(836,203)",,"(414,121)","(1198,95)","(1356,69)","(669,64)","(1033,60)",,,,,,,,,,
482,,"(907,948)",,"(1287,285)","(835,203)",,"(414,121)","(1198,95)","(1356,69)","(668,64)","(1033,60)",,,,,,,,,,
483,"(1348,1010)","(907,949)",,"(1286,285)","(836,203)",,"(415,121)","(1198,95)","(1356,69)","(668,64)","(1034,60)",,,,,,,,,,
484,"(1349,1010)","(909,948)",,"(1286,284)","(836,203)",,"(416,121)","(1198,95)","(1357,69)","(668,64)","(1034,60)",,,,,,,,,,
485,"(1346,1009)","(910,946)",,"(1285,282)","(836,203)",,"(415,121)","(1198,94)","(1357,69)","(668,64)","(1033,60)",,,,,,,,,,
486,"(1347,1009)","(911,947)",,"(1286,283)","(833,201)",,"(415,121)","(1198,95)","(1356,69)","(668,64)","(1034,60)",,,,,,,,,,
487,"(1347,1010)","(908,948)",,"(1287,283)","(836,202)",,"(415,120)","(1198,94)","(1356,69)","(668,64)","(1033,59)",,,,,,,,,,
488,"(1347,1010)","(908,948)",,"(1287,284)","(833,201)",,"(415,121)","(1198,95)","(1357,69)","(668,64)","(1033,59)",,,,,,,,,,
489,"(1347,1009)","(909,948)",,"(1291,282)","(833,200)",,"(415,120)","(1198,94)","(1356,69)","(668,63)","(1033,60)",,,,,,,,,,
490,,"(908,948)",,"(1288,284)","(833,201)",,"(415,120)","(1198,94)","(1357,69)","(669,64)","(1034,60)",,,,,,,,,,
491,"(1347,1009)","(908,948)",,"(1289,284)","(837,202)",,"(415,120)","(1198,94)","(1357,69)","(669,63)","(1033,59)",,,,,,,,,,
492,"(1344,1009)","(911,949)",,"(1289,284)","(837,203)",,"(415,120)","(1198,94)","(1357,69)","(668,64)",,,,,,,,,,,
493,"(1346,1009)","(907,949)",,"(1289,284)","(833,201)",,"(412,121)","(1198,94)","(1356,69)","(668,64)","(1033,60)",,,,,,,,,,
494,"(1346,1009)","(907,947)",,"(1289,285)","(833,201)",,"(415,121)","(1198,95)","(1356,69)","(668,64)","(1033,59)",,,,,,,,,,
495,"(1344,1009)","(907,947)",,"(1293,285)","(833,201)",,"(415,121)","(1198,95)","(1356,69)","(668,64)","(1033,61)",,,,,,,,,,
496,"(1344,1009)","(907,950)",,"(1289,285)","(837,203)",,"(412,121)","(1198,95)","(1356,70)","(668,65)","(1033,61)",,,,,,,,,,
497,"(1344,1009)","(908,949)",,"(1291,285)","(837,203)",,"(412,121)","(1198,95)","(1356,70)","(668,64)","(1034,59)",,,,,,,,,,
498,"(1344,1009)","(908,949)",,"(1292,287)","(837,203)",,"(412,121)","(1198,95)","(1356,69)","(669,64)","(1034,60)",,,,,,,,,,
499,"(1344,1009)","(908,948)",,"(1292,287)","(837,203)",,"(412,122)","(1198,95)","(1356,70)","(669,64)","(1034,61)",,,,,,,,,,
500,"(1346,1009)","(908,948)",,"(1292,287)","(833,201)",,"(412,122)","(1198,95)","(1356,69)","(668,64)",,,,,,,,,,,
501,"(1346,1009)","(908,948)",,"(1293,287)","(833,201)",,"(412,122)","(1198,96)","(1356,70)","(668,64)",,,,,,,,,"(997,44)",,
502,,"(909,948)",,"(1296,288)","(834,202)",,"(412,123)","(1198,95)","(1356,70)","(668,65)",,,,,,,,,,,
503,,"(908,948)",,"(1293,287)","(834,201)",,"(412,122)","(1198,95)","(1356,70)","(668,64)",,,,,,,,,,,
504,"(1346,1009)","(914,946)",,"(1295,288)","(834,202)",,"(412,122)","(1198,95)","(1357,70)","(668,64)",,,,,,,,,,,
505,"(1346,1009)","(913,945)",,"(1295,288)","(834,202)",,"(412,120)","(1198,94)","(1356,69)","(668,64)",,,,,,,,,,,
506,"(1346,1009)","(913,945)",,"(1297,288)","(834,201)",,"(415,120)","(1198,95)","(1357,69)","(669,64)",,,,,,,,,,,
507,"(1346,1009)","(913,946)",,"(1298,288)","(834,201)",,"(414,121)","(1198,95)","(1357,69)","(669,64)",,,,,,,,,,,
508,"(1346,1009)","(913,947)",,"(1303,289)","(834,202)",,"(413,121)","(1199,96)","(1356,70)","(669,65)",,,,,,,,,,,
509,"(1346,1009)","(913,946)",,"(1312,284)","(834,202)",,"(415,121)","(1198,95)","(1356,69)","(669,64)",,,,,,,,,,,
510,"(1346,1009)","(909,946)",,"(1301,288)","(834,202)",,"(416,121)","(1198,95)","(1356,69)","(669,64)",,,,,,,,,,,
511,"(1344,1009)","(913,945)",,"(1304,287)","(834,202)",,"(412,121)","(1198,96)","(1356,70)","(669,64)",,,,,,,,,,,
512,"(1346,1009)","(909,946)",,"(1302,287)","(834,202)",,"(412,122)","(1198,96)","(1356,69)","(669,64)","(1034,59)",,,,,,,,,,
513,"(1345,1010)","(909,946)",,"(1302,287)","(834,202)",,"(412,123)","(1198,96)","(1356,69)","(668,64)",,,,,,,,,,,
514,"(1342,1010)","(917,946)",,"(1303,286)","(834,202)",,"(412,123)","(1198,96)","(1356,69)","(668,65)",,,,,,,,,"(1011,45)",,
515,"(1344,1010)","(914,946)",,"(1303,286)","(834,202)",,"(413,123)","(1198,96)","(1356,70)","(668,65)",,,,,,,,,,,
516,"(1340,1011)","(909,946)",,"(1308,284)","(833,202)",,"(412,122)","(1198,96)","(1356,70)","(669,65)","(1033,59)",,,,,,,,,,
517,"(1340,1011)","(910,946)",,"(1309,284)","(833,202)",,"(415,121)","(1198,96)","(1356,69)","(669,64)","(1033,59)",,,,,,,,,,
518,"(1340,1011)","(910,946)",,"(1308,285)","(833,202)",,"(412,122)","(1198,95)","(1356,70)","(668,65)","(1033,60)",,,,,,,,"(1002,45)",,
519,"(1339,1011)","(916,945)",,"(1308,284)","(833,202)",,"(412,122)","(1198,96)","(1356,70)","(668,64)","(1033,59)",,,,,,,,,,
520,"(1339,1011)","(918,947)",,"(1308,286)","(833,202)",,"(415,121)","(1198,96)","(1356,70)","(669,64)",,,,,,,,,,,
521,"(1338,1011)","(917,947)",,"(1308,285)","(833,202)",,"(412,122)","(1198,95)","(1356,69)","(668,64)",,,,,,,,,,,
522,"(1339,1011)","(916,946)",,"(1309,286)","(833,202)",,"(412,122)","(1198,96)","(1356,70)","(669,64)",,,,,,,,,,,
523,"(1339,1011)","(916,947)","(1366,1014)","(1308,286)","(834,202)",,"(416,121)","(1198,94)","(1356,69)","(669,64)",,,,,,,,,,,
524,"(1338,1011)","(918,945)",,"(1309,285)","(834,202)","(1354,134)","(412,121)","(1198,96)","(1357,69)","(669,64)",,,,,,,,,,,
525,"(1338,1011)","(921,945)",,"(1310,285)","(837,203)","(1354,134)","(412,122)","(1198,96)","(1356,69)","(668,64)","(1033,59)",,,,,,,,,,
526,"(1338,1011)","(919,945)",,"(1309,284)","(833,202)","(1354,134)","(413,121)","(1198,96)","(1356,69)","(669,64)",,,,,,,,,,,
527,"(1338,1011)","(920,945)",,"(1308,285)","(833,201)","(1355,133)","(412,121)","(1198,95)","(1356,69)","(669,64)",,,,,,,,,,,
528,"(1337,1011)","(920,945)",,"(1310,285)","(838,203)","(1355,133)","(416,121)","(1199,95)","(1357,69)","(669,64)",,,,,,,,,,,
529,"(1337,1012)","(920,946)",,"(1312,286)","(834,202)","(1355,133)","(413,122)","(1198,96)","(1357,70)","(669,65)",,,,,,,,,,,
530,"(1337,1012)","(921,945)",,"(1310,285)",,,"(413,122)","(1199,95)","(1357,69)","(669,64)","(1034,59)",,,,,,,,,,
531,"(1335,1013)","(921,945)",,"(1310,287)","(836,203)",,"(412,122)","(1198,95)","(1357,69)","(668,64)",,,,,,,,,,,
532,"(1334,1013)","(921,944)",,"(1310,286)","(835,203)",,"(413,121)","(1199,96)","(1357,70)","(669,64)",,,,,,,,,,,
533,"(1334,1013)","(922,943)",,"(1310,287)","(837,204)",,"(415,121)","(1198,96)","(1356,70)","(669,64)",,,,,,,,,,,
534,"(1334,1013)","(921,943)",,"(1310,287)","(834,202)",,"(412,121)","(1199,96)","(1357,70)","(669,64)",,,,,,,,,,,
535,"(1334,1013)","(922,942)",,"(1310,287)","(837,203)",,"(412,122)","(1198,96)","(1357,70)","(668,64)",,,,,,,,,,,
536,"(1333,1013)","(922,941)",,"(1311,288)","(837,203)",,"(412,122)","(1198,95)","(1356,70)","(668,65)",,,,,,,,,,,
537,"(1332,1012)","(922,941)",,"(1311,288)","(837,203)",,"(412,122)","(1198,96)","(1356,70)","(669,64)","(1033,59)",,,,,,,,,,
538,"(1332,1012)","(923,941)",,"(1313,290)",,,"(412,122)","(1198,96)","(1356,70)","(668,64)",,,,,,,,,,,
539,"(1330,1010)","(922,941)",,"(1314,290)","(837,203)",,"(412,121)","(1198,95)","(1357,69)","(668,64)",,,,,,,,,,,
540,"(1329,1011)","(923,939)",,"(1313,288)","(837,203)",,"(412,121)","(1198,95)","(1357,70)","(669,64)",,,,,,,,,,,
541,"(1330,1011)","(924,938)",,"(1314,288)","(837,203)",,"(415,121)","(1198,95)","(1356,70)","(668,64)","(1033,59)",,,,,,,,,,
542,"(1330,1011)","(923,938)",,"(1313,288)","(837,203)",,"(412,121)","(1198,95)","(1357,69)","(668,64)",,,,,,,,,,,
543,"(1333,1011)","(925,938)",,"(1314,288)","(837,203)",,"(412,121)","(1198,96)","(1357,69)","(668,64)","(1033,59)",,,,,,,,,,
544,"(1332,1011)","(924,937)",,"(1317,290)","(834,203)",,"(412,122)","(1196,90)","(1357,69)","(669,64)",,,,,,,,,,,
545,"(1331,1012)","(924,937)",,"(1318,290)","(837,203)",,"(412,122)","(1198,94)","(1357,69)","(669,64)",,,,,,,,,,,
546,"(1331,1012)","(924,937)",,"(1316,288)",,,"(412,121)","(1196,90)","(1357,69)","(668,64)",,,,,,,,,,,
547,"(1331,1012)","(924,937)",,"(1320,290)","(834,203)",,"(412,122)","(1198,94)","(1357,69)","(668,64)",,,,,,,,,,,
548,"(1330,1012)","(925,936)",,"(1314,288)","(837,203)",,"(412,121)","(1198,94)","(1356,69)","(668,64)",,,,,,,,,,,
549,"(1330,1012)","(925,935)",,"(1320,291)","(834,203)",,"(412,122)","(1198,94)","(1356,69)","(668,64)",,,,,,,,,,,
550,"(1332,1013)","(929,931)",,"(1321,291)","(837,203)",,"(412,121)","(1198,95)","(1357,69)","(668,64)",,,,,,,,,,,
551,"(1328,1013)","(925,934)",,"(1321,293)",,,"(412,121)","(1198,96)","(1357,69)","(668,64)",,,,,,,,,,,
552,"(1328,1013)","(925,933)","(1366,1009)","(1319,291)","(836,203)",,"(416,121)","(1198,95)","(1356,70)","(668,64)",,,,,,,,,,,
553,"(1327,1014)","(927,933)",,"(1322,292)","(836,203)",,"(412,123)","(1197,95)","(1362,63)","(668,64)",,,,,,,,,,,
554,"(1326,1013)","(932,932)",,"(1323,294)","(836,203)",,"(413,123)","(1198,95)","(1356,70)","(668,64)",,,,,,,,,,,
555,"(1326,1014)","(931,932)","(1366,1009)","(1324,293)","(836,203)",,"(414,123)","(1198,96)","(1356,70)","(668,64)",,,,,,,,,,,
556,"(1325,1014)","(928,930)","(1366,1008)","(1321,293)",,,"(418,120)","(1198,95)","(1356,69)","(668,64)",,,,,,,,,,"(45,821)",
557,"(1325,1014)","(930,930)",,"(1324,292)",,,"(418,120)","(1198,94)","(1356,69)","(668,63)",,,,,,,,,,,
558,"(1325,1014)","(931,929)",,"(1317,292)","(837,203)",,"(419,121)","(1198,95)","(1357,69)","(668,64)",,,,,,,,,,,
559,"(1322,1013)","(932,929)",,"(1323,292)","(837,203)",,"(419,120)","(1198,94)","(1356,69)","(668,64)",,,,,,,,,,,
560,"(1324,1014)","(933,928)",,"(1325,293)","(837,203)",,"(419,120)","(1198,94)","(1357,69)","(668,64)",,,,,,,,,,,
561,"(1321,1013)","(934,927)",,"(1325,292)","(837,202)",,"(420,119)","(1198,94)","(1357,70)","(668,63)",,,,,,,,,,,
562,"(1321,1013)","(935,927)",,"(1320,293)","(837,202)",,"(417,121)","(1198,95)","(1357,69)","(668,64)",,,,,,,,,,,
563,"(1321,1014)","(935,927)",,"(1320,297)","(836,202)",,"(417,121)","(1198,94)","(1356,70)","(668,64)",,,,,,,,,,,
564,"(1320,1011)","(934,927)",,"(1320,298)",,,"(421,119)","(1198,94)","(1356,69)","(668,64)",,,,,,,,,,,
565,"(1321,1011)","(934,927)",,"(1321,299)","(837,203)",,"(422,119)","(1196,91)","(1356,69)","(668,64)",,,"(81,57)",,,,,,,,
566,"(1320,1011)","(935,928)",,"(1320,298)","(837,202)",,"(423,118)","(1196,90)","(1356,69)","(668,64)",,,"(81,57)",,,,,,,,
567,"(1320,1015)","(935,928)","(1366,1009)","(1320,299)","(837,202)",,"(423,118)","(1196,91)","(1356,69)","(668,64)",,,"(81,58)",,,,,,,,
568,"(1318,1016)","(935,927)",,"(1317,293)","(836,203)",,"(421,122)","(1198,95)","(1356,70)","(668,64)",,,,,,,,,,,
569,"(1317,1017)","(934,927)",,"(1317,293)","(833,203)",,"(421,122)","(1198,95)","(1356,70)","(668,64)",,,,,,,,,,,
570,"(1318,1017)","(934,924)",,"(1317,293)","(836,203)",,"(422,122)","(1198,96)","(1357,70)","(668,64)",,,,,,,,,,,
571,"(1315,1016)","(934,924)",,"(1319,299)","(836,203)",,"(422,122)","(1197,95)","(1356,70)","(667,64)",,,,,,,,,"(1002,45)",,
572,"(1316,1015)","(934,922)",,"(1316,292)","(836,202)",,"(422,121)","(1198,95)","(1356,69)","(666,64)",,,"(81,57)",,,,,,,,
573,"(1316,1015)","(934,921)",,"(1315,293)","(836,203)",,"(425,119)","(1198,95)","(1356,69)","(666,64)","(1033,60)",,,,,,,,,,
574,"(1315,1015)","(934,921)",,"(1315,293)","(837,203)",,"(422,121)","(1198,95)","(1356,69)","(666,64)",,,,,,,,,,,
575,"(1314,1014)","(934,920)",,"(1315,293)","(837,203)",,"(424,118)","(1198,94)","(1356,69)","(667,64)","(1033,60)",,,,,,,,,,
576,"(1315,1017)","(935,919)",,"(1315,293)","(836,203)","(1354,133)","(425,119)","(1198,95)","(1356,70)","(666,64)","(1033,60)",,"(81,57)",,,,,,,,
577,"(1313,1015)","(935,920)",,"(1315,293)","(836,202)","(1354,133)","(426,117)","(1198,94)","(1356,70)","(666,64)","(1033,60)",,,,,,,,,,
578,"(1314,1014)","(936,921)",,"(1315,293)","(836,203)","(1354,133)","(426,117)","(1198,94)","(1356,69)","(667,64)",,,"(82,57)",,,,,,,,
579,"(1314,1014)","(936,921)",,"(1314,293)","(836,202)","(1354,133)","(427,117)","(1198,95)","(1356,69)","(667,64)",,,,,,,,,,,
580,"(1314,1017)","(936,921)",,"(1314,293)","(837,202)",,"(426,115)","(1198,94)","(1356,70)","(667,64)",,,,,,,,,,,
581,"(1313,1014)","(936,921)",,"(1314,293)","(837,203)","(1354,133)","(428,116)","(1196,90)","(1356,70)","(667,64)",,,,,,,,,,,
582,"(1312,1015)","(935,922)",,"(1314,293)","(836,202)","(1354,133)","(427,115)","(1196,90)","(1356,70)","(667,63)",,,"(82,57)",,,,,,,,
583,"(1311,1017)","(936,922)",,"(1314,293)","(837,202)","(1355,134)","(427,115)","(1198,95)","(1356,70)","(667,64)",,,"(82,58)",,,,,,,,
584,"(1309,1019)","(936,921)",,"(1313,293)","(836,202)","(1354,133)","(428,115)","(1198,94)","(1356,70)","(667,64)",,,,,,,,,,,
585,"(1310,1019)","(937,921)",,"(1313,293)","(836,203)","(1354,133)","(428,115)","(1198,95)","(1356,70)","(667,64)",,,,,,,,,,,
586,"(1309,1017)","(937,922)",,"(1313,293)","(837,203)","(1354,133)","(429,115)","(1198,95)","(1356,70)","(667,64)",,,,,,,,,,,
587,"(1309,1015)","(938,922)",,"(1318,299)","(836,203)","(1355,133)","(431,115)","(1198,95)","(1356,69)","(667,64)","(1044,58)",,,,,,,,,,
588,"(1307,1017)","(937,921)",,"(1317,299)","(834,203)",,"(431,116)","(1198,96)","(1357,70)","(667,64)",,,,,,,,,,,
589,"(1310,1018)","(937,920)",,"(1317,300)","(836,203)","(1354,134)","(431,115)","(1198,96)","(1357,70)","(667,64)",,,,,,,,,,,
590,"(1310,1018)","(937,920)",,"(1313,294)","(836,203)",,"(431,115)","(1196,91)","(1356,70)","(667,64)",,,,,,,,,,,
591,"(1309,1017)","(937,920)",,"(1317,299)","(832,201)","(1354,134)","(432,115)","(1198,96)","(1357,70)","(667,64)",,,,,,,,,,,
592,"(1309,1016)","(939,919)",,"(1313,293)","(836,203)","(1354,134)","(432,115)","(1198,96)","(1356,69)","(667,64)",,,,,,,,,,,
593,"(1309,1017)","(939,919)",,"(1313,294)","(832,201)","(1354,134)","(433,114)","(1198,95)","(1356,70)","(666,64)",,,,,,,,,,,
594,"(1308,1017)","(941,915)",,"(1312,294)","(836,203)","(1354,134)","(433,114)","(1198,96)","(1356,70)","(666,64)",,,,,,,,,,,
595,"(1304,1017)","(941,915)",,"(1313,293)",,"(1352,133)","(440,109)","(1198,95)","(1355,69)","(666,63)",,,,,,,,,,,
