frame,ID_0,ID_1,ID_2,ID_3,ID_4,ID_5,ID_6,ID_7,ID_8,ID_9,ID_10,ID_11,ID_13,ID_14
0,"(1220,1011)","(1303,998)","(1163,973)","(1338,646)","(1264,634)","(456,480)","(61,467)","(754,384)","(1127,362)",,,,,
1,,,,,,,,,,,,,,
2,,,,,,,,,,,,,,
3,,,,,,,,,,,,,,
4,"(1215,1011)","(1302,999)","(1159,974)","(1337,647)","(1264,634)","(456,482)","(60,470)","(753,386)","(1128,363)",,,,,
5,"(1214,1011)","(1302,999)","(1163,973)","(1337,644)","(1264,634)","(456,482)","(60,470)","(752,386)","(1127,363)",,,,,
6,"(1219,1011)","(1303,999)","(1163,973)","(1337,637)","(1264,634)","(456,481)","(60,470)","(755,386)","(1128,363)","(232,126)",,,,
7,"(1213,1011)","(1303,999)","(1163,974)","(1337,635)","(1265,634)","(456,481)","(60,470)","(753,386)","(1128,363)","(232,126)",,,,
8,"(1213,1011)","(1302,1000)","(1159,974)","(1337,638)","(1264,634)","(456,482)","(60,470)","(753,386)","(1128,363)","(232,126)",,,,
9,"(1212,1011)","(1303,1001)","(1159,974)","(1336,635)","(1264,634)","(456,481)","(60,471)","(755,386)","(1127,363)","(232,126)",,,,
10,"(1216,1010)","(1302,1001)","(1163,973)","(1336,628)","(1264,633)","(456,480)","(61,471)","(758,383)","(1127,362)","(232,125)",,,,
11,"(1215,1010)","(1302,1001)","(1163,973)","(1336,633)","(1264,633)","(456,481)","(58,471)","(753,386)","(1127,363)",,,,,
12,"(1215,1010)","(1303,1002)","(1163,973)","(1336,629)","(1264,633)","(456,480)","(60,473)","(758,383)","(1127,362)","(232,125)",,,,
13,"(1210,1010)","(1303,1002)","(1159,973)","(1336,623)","(1264,633)","(456,481)",,"(755,386)","(1128,362)","(232,125)",,,,
14,"(1214,1010)","(1303,1003)","(1163,973)","(1336,621)","(1264,633)","(456,480)",,"(755,386)","(1127,362)","(232,125)",,,,
15,"(1210,1010)","(1302,1003)","(1163,973)","(1335,618)","(1264,633)","(456,480)",,"(755,386)","(1127,362)","(232,125)",,,,
16,"(1213,1010)","(1302,1003)","(1163,973)","(1335,617)","(1264,633)","(455,480)",,"(755,386)","(1127,361)","(232,125)",,,,
17,"(1209,1010)","(1303,1005)","(1163,973)","(1335,621)","(1264,634)","(456,481)","(61,476)","(753,387)","(1127,362)",,,,,
18,"(1213,1010)","(1303,1004)","(1163,973)","(1335,613)","(1264,633)","(455,480)","(60,476)","(753,387)","(1127,361)",,,,,
19,"(1212,1011)",,"(1163,974)","(1335,612)","(1264,633)","(456,481)","(62,477)","(758,384)","(1127,361)",,,,,
20,"(1207,1011)",,"(1163,973)","(1335,615)","(1264,634)","(456,481)","(62,478)","(758,384)","(1127,361)",,,,,
21,"(1208,1011)",,"(1159,972)","(1335,608)","(1264,634)","(456,481)","(62,479)","(758,384)","(1127,362)","(232,125)",,,,
22,"(1207,1011)",,"(1163,974)","(1335,607)","(1264,634)","(456,481)","(63,480)","(756,387)","(1128,362)",,,,,
23,"(1212,1011)",,"(1159,974)","(1336,605)","(1264,634)","(456,481)","(63,481)","(753,387)","(1127,362)","(232,125)",,,,
24,"(1208,1011)",,"(1164,974)","(1336,608)","(1265,634)","(456,481)","(64,481)","(753,387)","(1127,362)",,,,,
25,"(1212,1010)",,"(1162,974)","(1336,602)","(1264,633)","(456,481)","(64,482)","(753,387)","(1127,362)","(232,125)",,,,
26,"(1206,1011)",,"(1163,973)","(1337,600)","(1264,633)","(456,481)","(64,482)","(753,387)","(1128,361)","(233,125)",,,,
27,"(1206,1011)",,"(1163,973)","(1337,599)","(1264,634)","(456,481)","(64,482)","(753,387)","(1128,362)","(233,125)",,,,
28,"(1203,1011)",,"(1162,973)","(1336,602)","(1264,633)","(455,480)","(63,481)","(753,387)","(1127,362)","(232,125)",,,,
29,"(1203,1011)",,"(1163,973)","(1336,596)","(1264,633)","(456,480)","(64,483)","(753,386)","(1127,361)","(232,125)",,,,
30,"(1206,1011)",,"(1163,974)","(1336,601)","(1264,634)","(456,480)","(64,483)","(756,387)","(1127,361)","(232,125)",,,,
31,"(1201,1011)",,"(1163,973)","(1337,594)","(1264,633)","(456,480)","(64,483)","(755,386)","(1127,361)",,,,,
32,"(1202,1011)",,"(1159,973)","(1337,593)","(1264,633)","(456,480)","(64,483)","(755,386)","(1127,361)","(232,125)",,,,
33,"(1201,1011)",,"(1163,973)","(1335,593)","(1264,633)","(456,480)","(64,483)","(755,386)","(1127,361)",,,,,
34,"(1199,1011)",,"(1159,973)","(1337,592)","(1264,633)","(456,480)","(63,483)","(754,387)","(1127,361)","(231,124)",,,,
35,"(1200,1011)",,"(1159,973)","(1337,591)","(1264,633)","(456,480)","(63,483)","(754,387)","(1128,360)","(230,122)",,,,
36,"(1200,1012)",,"(1163,974)","(1337,592)","(1264,633)","(456,480)","(63,483)","(755,386)","(1127,361)","(232,125)",,,,
37,"(1199,1012)",,"(1162,974)","(1337,592)","(1264,633)","(456,480)","(63,484)","(756,384)","(1127,362)",,,,,
38,"(1199,1012)",,"(1163,974)","(1337,592)","(1264,634)","(457,480)","(64,484)","(756,384)","(1127,361)","(232,126)",,,,
39,"(1196,1012)",,"(1163,974)","(1337,592)","(1264,634)","(457,479)","(64,485)","(755,385)","(1127,362)","(232,126)",,,,
40,"(1195,1012)",,"(1159,974)","(1338,592)","(1264,634)","(457,479)","(64,485)","(755,388)","(1127,362)",,,,,
41,"(1195,1012)",,"(1159,974)","(1337,592)","(1264,634)","(457,479)",,"(755,386)","(1127,362)",,,,,
42,"(1194,1012)",,"(1159,974)","(1337,592)","(1264,634)","(458,479)","(64,487)","(749,388)","(1127,362)","(231,126)",,,,
43,"(1193,1012)",,"(1158,974)","(1337,592)","(1264,634)","(459,478)","(64,488)","(749,388)","(1127,362)","(232,126)",,,,
44,"(1193,1012)",,"(1159,974)","(1337,592)","(1264,634)","(460,476)","(64,488)","(749,388)","(1127,362)","(232,126)",,,,
45,"(1196,1012)",,"(1159,974)","(1337,592)","(1265,633)","(460,474)","(64,488)","(748,388)","(1127,362)","(232,126)",,,,
46,"(1195,1013)",,"(1159,974)","(1337,591)","(1264,633)","(462,474)","(64,489)","(748,388)","(1127,362)","(232,126)",,,,
47,"(1195,1012)",,"(1159,973)","(1337,591)","(1264,633)","(457,483)","(64,489)","(748,388)","(1127,362)","(232,126)",,,,
48,"(1194,1012)",,"(1159,974)","(1337,592)","(1264,633)","(458,483)","(64,490)","(748,389)","(1127,362)","(232,126)",,,,
49,"(1189,1012)",,"(1163,973)","(1337,592)","(1264,633)","(459,483)","(64,490)","(748,388)","(1127,361)","(232,125)",,,,
50,"(1188,1012)",,"(1159,973)","(1336,596)","(1260,631)","(460,482)","(64,490)","(747,389)","(1127,362)","(232,126)",,,,
51,"(1187,1012)",,"(1163,973)","(1337,592)","(1260,630)","(462,481)","(64,490)","(746,389)","(1128,360)","(232,126)",,,,
52,"(1190,1011)",,"(1162,973)","(1337,591)","(1264,633)","(470,467)","(64,491)","(746,389)","(1127,362)","(231,125)",,,,
53,"(1190,1011)",,"(1163,973)","(1336,596)","(1264,633)","(471,465)","(64,491)","(746,390)","(1127,362)","(231,124)",,,,
54,"(1190,1012)",,"(1158,973)","(1337,591)","(1264,633)","(471,464)","(64,492)","(745,391)","(1127,361)","(232,125)",,,,
55,"(1186,1012)",,"(1158,973)","(1336,596)","(1264,633)","(472,463)","(64,493)","(745,392)","(1127,362)","(232,126)",,,,
56,"(1190,1012)",,"(1158,973)","(1337,592)","(1264,633)","(472,462)","(63,495)","(744,393)","(1127,362)",,,,,
57,"(1188,1012)",,"(1163,974)","(1337,592)","(1264,633)","(473,461)","(63,495)","(748,390)","(1127,360)","(231,126)",,,,
58,"(1183,1012)",,"(1162,974)","(1337,592)","(1264,633)","(468,469)","(63,496)","(743,393)","(1127,362)","(232,125)",,,,
59,"(1181,1013)",,"(1158,974)","(1337,592)","(1260,631)","(467,467)","(63,497)","(743,393)","(1127,362)","(232,126)",,"(475,461)",,
60,"(1189,1012)",,"(1159,974)","(1338,592)","(1265,633)","(468,469)","(64,498)","(742,394)","(1127,362)","(232,126)",,"(476,460)",,
61,"(1185,1011)",,"(1159,973)","(1337,596)","(1264,633)","(470,470)","(63,499)","(759,383)",,"(232,126)",,,,
62,"(1188,1011)",,"(1163,974)","(1337,592)","(1265,633)","(474,467)","(63,501)","(751,386)",,"(232,126)",,,,
63,"(1185,1012)",,"(1163,973)","(1337,597)","(1264,633)","(474,464)","(63,502)",,,"(232,125)",,,,
64,"(1188,1011)",,"(1163,973)","(1338,591)","(1265,633)","(474,463)","(62,504)",,,"(233,125)",,,,
65,"(1184,1011)",,"(1163,973)","(1336,596)","(1265,633)","(474,464)","(62,504)",,,"(232,125)",,,,
66,"(1183,1012)",,"(1159,974)","(1337,592)","(1265,633)","(474,465)","(59,506)",,,"(232,125)",,,,
67,"(1180,1012)",,"(1163,973)","(1338,592)","(1265,633)","(480,462)","(59,506)",,,"(233,125)",,,,
68,"(1175,1012)",,"(1163,973)","(1337,592)","(1265,633)","(485,456)","(61,506)",,,"(233,125)",,,,
69,"(1182,1012)",,"(1163,973)","(1337,592)","(1265,633)","(486,454)","(61,507)",,,"(233,125)",,,,
70,"(1174,1013)",,"(1163,973)","(1337,596)","(1265,633)","(486,453)","(58,508)",,,"(232,125)",,,,
71,"(1173,1012)",,"(1163,973)","(1337,596)","(1264,633)","(487,452)","(58,508)","(735,396)","(1127,361)","(233,125)",,,,
72,"(1176,1013)",,"(1163,973)","(1337,591)","(1264,633)","(487,451)","(59,509)","(734,396)","(1127,361)","(232,125)",,,,
73,"(1170,1012)",,"(1163,973)","(1336,596)","(1264,633)","(490,448)","(58,509)",,"(1127,361)","(232,125)",,,,
74,"(1174,1011)",,"(1163,973)","(1337,590)","(1264,633)","(492,449)","(59,511)","(733,397)",,"(232,126)",,,,
75,"(1168,1011)",,"(1161,972)","(1337,588)","(1264,633)","(493,445)","(56,511)","(731,397)","(1127,362)","(232,126)",,,,
76,"(1168,1012)",,"(1163,974)","(1335,592)","(1264,634)","(496,446)","(56,513)","(731,398)","(1128,360)","(232,126)",,,,
77,"(1167,1011)",,"(1163,974)","(1334,589)","(1264,633)","(498,445)","(57,512)",,"(1127,362)","(232,126)",,,,
78,"(1167,1011)",,"(1161,972)","(1334,581)","(1264,633)","(503,446)","(58,513)","(729,398)","(1127,362)","(232,126)",,,,
79,"(1167,1011)",,"(1163,974)","(1332,583)","(1265,633)","(505,445)","(57,514)",,"(1127,362)","(232,126)",,,,
80,"(1170,1011)",,"(1163,974)","(1331,582)","(1265,633)","(503,446)","(58,513)",,"(1127,362)","(232,126)",,,,
81,"(1162,1011)",,"(1164,974)","(1329,579)","(1265,633)","(504,443)","(57,514)",,"(1127,362)","(232,126)",,,,
82,"(1166,1012)",,"(1163,973)","(1328,573)","(1265,633)","(504,446)","(58,514)",,"(1128,361)","(232,125)",,,,
83,"(1160,1011)",,"(1164,973)","(1325,572)","(1265,633)","(504,444)",,,"(1127,362)","(232,125)",,,,
84,"(1163,1011)",,"(1163,973)","(1322,568)","(1265,633)","(507,441)","(58,515)",,"(1127,361)","(232,125)",,,,
85,"(1158,1010)",,"(1163,973)","(1319,565)","(1264,633)","(508,440)","(58,515)",,,"(232,125)",,,,
86,"(1156,1011)",,"(1163,973)","(1318,564)","(1265,633)","(508,441)","(58,515)","(722,401)","(1127,361)","(232,125)",,,,
87,"(1156,1011)","(1323,1013)","(1164,973)","(1316,559)","(1265,633)","(509,440)","(58,515)",,,"(232,125)","(53,56)",,,
88,"(1154,1011)","(1324,1013)","(1163,973)","(1313,556)","(1265,633)","(509,440)","(58,515)",,,"(232,125)",,,,
89,"(1155,1011)","(1323,1016)","(1164,973)","(1311,553)","(1265,633)","(512,439)","(57,515)",,"(1127,361)","(232,125)",,,,
90,"(1153,1010)","(1326,1013)","(1163,973)","(1309,551)","(1265,633)","(511,439)","(58,515)","(715,402)","(1127,361)","(232,125)",,,,
91,"(1152,1010)",,"(1164,973)","(1306,547)","(1265,633)","(512,440)",,"(717,401)","(1127,361)","(232,125)",,,,
92,"(1150,1010)","(1324,1013)","(1163,973)","(1303,546)","(1265,633)","(514,440)","(57,515)","(716,402)","(1127,362)","(232,125)",,,,
93,"(1150,1010)","(1323,1014)","(1163,973)","(1302,545)","(1260,631)","(515,442)","(57,516)","(720,401)","(1127,362)","(232,126)",,,,
94,"(1156,1010)","(1324,1013)","(1163,973)","(1299,542)","(1264,634)","(516,442)","(58,516)","(718,402)","(1127,363)","(232,126)",,,,
95,"(1150,1011)","(1334,1015)","(1163,973)","(1296,539)","(1265,634)","(517,443)","(56,515)","(718,401)","(1127,363)","(232,126)",,,,
96,"(1148,1010)",,"(1159,972)","(1292,536)","(1265,634)","(518,441)","(56,515)","(717,401)","(1127,362)","(232,126)",,,,
97,"(1147,1011)",,"(1160,972)","(1290,532)","(1265,633)","(518,439)","(56,515)","(715,401)","(1127,363)","(232,126)",,,,
98,"(1148,1011)",,"(1163,973)","(1286,528)","(1265,633)","(519,438)","(56,515)","(714,399)","(1127,362)","(232,126)",,,,
99,"(1146,1011)",,"(1159,973)","(1283,525)","(1265,633)","(520,442)","(56,515)","(713,402)","(1127,361)","(232,126)",,,,
100,"(1146,1012)",,"(1159,973)","(1279,522)","(1265,633)","(521,443)","(55,514)","(712,403)","(1127,362)","(232,126)",,,,
101,"(1143,1012)","(1332,1013)","(1164,973)","(1278,521)","(1265,633)","(521,442)",,"(712,403)","(1127,362)","(232,125)",,,,
102,"(1142,1011)","(1331,1013)","(1159,973)","(1274,519)","(1265,633)","(521,443)","(56,515)","(711,405)","(1127,362)","(232,126)",,,,
103,"(1139,1014)","(1333,1012)","(1159,972)","(1271,516)","(1265,633)","(522,440)","(53,514)","(710,403)",,"(232,126)",,,,
104,"(1142,1011)",,"(1159,972)","(1269,512)","(1265,633)","(522,441)",,"(709,404)","(1127,361)","(233,125)","(53,57)",,,
105,"(1139,1013)",,"(1163,972)","(1266,510)","(1265,633)","(524,436)","(55,514)","(708,405)","(1127,362)","(232,125)",,,,
106,"(1143,1012)",,"(1159,972)","(1263,507)","(1265,633)","(526,437)",,"(707,406)","(1127,361)","(232,125)",,,,
107,"(1139,1012)",,"(1164,973)","(1261,504)","(1265,633)","(525,434)","(53,514)","(706,406)","(1127,362)","(232,126)",,,,
108,"(1141,1013)","(1332,1013)","(1163,972)","(1258,502)","(1265,633)","(526,438)","(52,514)","(705,406)","(1128,360)","(232,125)",,,,
109,"(1140,1013)","(1333,1013)","(1159,972)","(1256,499)","(1260,630)","(528,438)","(53,515)","(703,407)","(1127,362)","(232,125)",,,,
110,"(1141,1013)","(1332,1013)","(1159,972)","(1254,499)","(1265,634)","(525,438)","(55,514)","(701,408)","(1127,362)","(232,126)",,,,
111,"(1140,1016)",,"(1164,973)","(1252,497)","(1265,633)","(529,432)","(54,514)","(700,408)","(1127,362)","(232,126)",,,,
112,"(1141,1013)",,"(1164,972)","(1248,494)","(1260,631)","(530,433)",,"(699,409)","(1127,362)","(232,125)",,,,
113,"(1163,973)",,,"(1248,492)","(1265,634)","(532,431)","(54,514)","(698,409)","(1127,363)","(232,126)",,,,
114,"(1159,972)",,"(1136,1013)","(1246,488)","(1265,634)","(530,433)","(52,514)","(698,409)","(1127,363)","(232,126)",,,,
115,"(1164,973)",,"(1140,1013)","(1243,484)","(1265,634)","(531,434)","(58,516)","(696,409)","(1127,363)","(232,126)",,,,
116,"(1164,973)",,,"(1239,479)","(1265,634)","(536,430)","(54,515)","(696,409)","(1127,363)","(232,126)",,,,
117,"(1159,972)",,"(1142,1015)","(1238,476)","(1265,633)","(535,431)","(54,514)","(695,408)","(1127,363)","(232,126)",,,,
118,"(1164,973)",,"(1137,1014)","(1237,475)","(1265,634)","(531,433)","(53,514)","(694,410)","(1127,363)","(232,126)",,,,
119,"(1159,971)",,"(1142,1015)","(1235,471)","(1265,633)","(531,432)","(56,515)","(693,410)","(1128,360)","(232,125)",,,,
120,"(1160,971)",,"(1142,1015)","(1233,468)","(1265,633)","(527,435)","(56,515)","(693,410)","(1128,362)","(232,125)",,,,
121,"(1159,972)",,"(1142,1015)","(1231,464)","(1265,633)","(531,432)","(56,515)","(691,411)","(1128,360)","(232,125)",,,,
122,"(1160,971)",,"(1141,1012)","(1230,462)","(1266,633)","(528,435)","(59,515)","(690,411)","(1128,360)","(232,125)",,,,
123,"(1160,971)",,"(1134,1012)","(1228,459)","(1266,633)","(527,435)","(54,510)","(690,409)","(1128,360)","(232,125)",,,,
124,"(1161,972)",,"(1134,1012)","(1226,455)","(1265,633)","(531,431)",,"(689,410)","(1128,361)","(232,125)",,,,
125,"(1165,972)",,"(1141,1015)","(1224,452)","(1265,633)","(531,431)","(58,515)","(689,412)","(1127,362)","(232,125)",,,,
126,"(1165,972)",,"(1134,1012)","(1223,451)","(1265,634)","(531,432)","(57,515)","(688,413)","(1128,361)","(232,125)",,,,
127,"(1160,971)",,"(1132,1012)","(1222,450)","(1265,634)","(528,435)","(59,516)","(688,414)","(1128,362)","(232,126)",,,,
128,"(1160,971)",,"(1131,1011)","(1220,447)","(1265,633)","(527,435)","(55,516)","(687,414)",,"(232,126)",,,,
129,"(1160,972)",,"(1131,1012)","(1219,445)","(1266,634)","(527,435)",,"(686,415)","(1128,361)","(232,126)",,,,
130,"(1165,973)",,"(1130,1012)","(1217,444)","(1265,634)","(531,432)",,"(684,414)","(1127,363)","(232,126)",,,,
131,"(1160,972)",,"(1129,1012)","(1216,442)","(1265,634)","(527,435)","(59,521)","(683,414)","(1127,363)","(232,126)",,,,
132,"(1160,971)",,"(1127,1011)","(1213,437)","(1265,634)","(526,435)","(59,521)","(680,413)",,"(232,126)",,,,
133,"(1160,971)",,"(1132,1011)","(1212,437)","(1265,634)","(532,432)","(59,522)","(681,414)","(1127,363)","(232,126)",,,,
134,"(1160,972)",,"(1130,1011)","(1210,434)","(1265,634)","(531,432)","(59,522)","(680,414)","(1127,362)","(232,126)",,,,
135,"(1164,973)",,"(1126,1011)","(1208,434)","(1266,634)","(527,435)",,"(679,415)","(1127,363)","(233,126)",,,,
136,"(1164,972)",,"(1125,1011)","(1208,431)","(1265,633)","(527,435)",,"(678,415)","(1127,362)","(232,126)",,,,
137,"(1160,971)",,"(1125,1010)","(1208,429)","(1266,633)","(531,431)",,"(677,414)","(1128,360)","(232,125)",,,,
138,"(1161,971)",,"(1127,1011)","(1208,428)","(1266,633)","(527,435)",,"(676,415)","(1128,360)","(232,125)",,,,
139,"(1164,972)",,"(1124,1010)","(1207,424)","(1265,633)","(532,431)",,"(675,416)","(1127,362)","(232,125)",,,,
140,"(1164,972)",,"(1124,1010)","(1207,423)","(1265,633)","(531,431)","(61,527)","(674,418)","(1127,362)","(232,125)",,,,
141,"(1164,972)",,"(1123,1010)","(1208,421)","(1265,634)","(532,431)","(62,529)","(674,418)","(1127,362)","(232,125)",,,,
142,"(1161,972)",,"(1123,1010)","(1208,419)","(1266,633)","(532,431)","(57,533)","(673,418)","(1127,362)","(232,125)",,,,
143,"(1164,972)",,"(1126,1010)","(1207,416)","(1266,633)","(532,431)",,"(672,418)","(1127,361)","(231,125)",,,,
144,"(1164,972)",,"(1122,1010)","(1208,415)","(1266,633)","(531,435)",,"(672,418)","(1128,362)","(232,125)",,,,
145,"(1164,972)",,"(1121,1010)","(1214,412)","(1265,633)","(532,434)",,"(671,419)","(1127,362)","(232,125)",,,,
146,"(1164,972)",,"(1119,1011)","(1211,411)","(1265,633)","(531,435)",,"(670,419)","(1127,362)","(232,125)",,,,
147,"(1164,972)",,"(1122,1010)","(1216,408)","(1265,633)","(532,432)","(58,536)","(670,420)","(1127,362)","(232,126)",,,,
148,"(1164,972)",,"(1118,1011)","(1216,406)","(1265,633)","(531,432)",,"(669,420)","(1127,362)","(232,126)",,,,
149,"(1164,972)",,"(1122,1011)","(1218,406)","(1266,634)","(532,435)",,"(669,420)","(1127,363)","(232,126)",,,,
150,"(1164,972)",,"(1120,1010)","(1219,404)","(1265,634)","(531,435)",,"(667,421)","(1127,363)","(232,126)",,,,
151,"(1164,972)",,"(1120,1010)","(1220,403)","(1266,634)","(527,435)",,"(667,420)","(1127,363)","(232,126)",,,,
152,"(1164,972)",,"(1119,1010)","(1221,401)","(1265,633)","(531,432)","(60,537)","(665,420)","(1127,362)","(232,126)",,,,
153,"(1164,972)",,"(1114,1010)","(1224,399)","(1265,633)","(532,432)","(60,538)","(664,420)","(1127,362)","(232,126)",,,,
154,"(1164,973)",,"(1112,1014)","(1227,397)","(1265,633)","(532,432)","(59,538)","(663,420)","(1132,361)","(232,126)",,,,
155,"(1164,972)",,"(1114,1012)","(1230,393)","(1265,633)","(532,432)","(59,539)","(662,421)","(1126,363)","(233,126)",,,,
156,"(1164,972)",,"(1110,1010)","(1231,392)","(1265,633)","(532,431)","(59,538)","(659,420)","(1126,361)","(233,125)",,,,
157,"(1164,972)",,"(1112,1013)","(1234,390)","(1266,633)","(527,435)","(59,541)","(659,421)","(1126,362)","(232,125)",,,,
158,"(1164,972)",,"(1108,1013)","(1238,387)","(1266,633)","(532,431)",,"(659,420)",,"(233,125)",,,,
159,"(1160,971)",,"(1109,1014)","(1240,385)","(1266,633)","(527,435)","(59,542)","(658,426)","(1125,364)","(232,125)",,,,
160,"(1164,972)",,"(1104,1014)","(1241,382)","(1266,633)","(532,431)","(59,544)","(658,423)","(1125,364)","(232,125)",,,,
161,"(1160,971)",,"(1107,1014)","(1243,381)","(1266,633)","(532,434)","(58,546)","(657,423)","(1124,364)","(232,125)",,,,
162,"(1160,971)",,"(1105,1010)","(1244,378)","(1266,633)","(532,434)","(59,547)","(656,423)","(1121,363)","(232,126)",,,,
163,"(1160,971)",,"(1106,1013)","(1244,375)","(1266,633)","(531,431)","(59,547)","(656,423)","(1121,363)","(232,125)",,,,
164,"(1161,971)",,"(1103,1010)","(1245,372)","(1266,634)","(531,432)","(57,548)","(655,423)","(1120,364)","(232,126)",,,,
165,"(1160,971)",,"(1101,1011)","(1247,372)","(1265,634)","(527,435)","(59,550)","(654,424)","(1124,363)","(232,127)",,,,
166,"(1160,972)",,"(1100,1011)","(1247,371)","(1265,634)","(531,432)","(55,551)","(654,424)","(1116,363)","(232,126)",,,,
167,"(1164,972)",,"(1100,1011)","(1248,369)","(1265,634)","(531,432)","(59,550)","(652,426)","(1116,363)","(232,126)",,,,
168,"(1164,973)",,"(1100,1011)","(1249,369)","(1266,634)","(531,432)","(58,555)","(652,425)","(1115,362)","(232,126)",,,,
169,"(1164,972)",,"(1100,1010)","(1249,369)","(1265,633)","(531,432)","(60,556)","(651,424)","(1114,362)","(232,126)",,,,
170,"(1164,972)",,"(1100,1010)","(1249,368)","(1265,633)","(531,430)","(58,556)","(649,425)","(1125,361)","(231,126)",,,,
171,"(1164,972)",,"(1099,1011)","(1249,368)","(1265,633)","(532,429)","(59,557)","(648,427)","(1124,362)","(231,125)",,,,
172,"(1164,972)",,"(1099,1012)","(1249,368)","(1265,633)","(531,428)","(58,559)","(646,425)","(1124,362)","(231,125)",,,,
173,"(1164,972)","(1333,1013)","(1099,1012)","(1249,368)","(1265,633)","(531,423)","(58,560)","(646,425)","(1124,362)","(232,125)",,,,
174,"(1164,972)","(1332,1013)","(1100,1009)","(1250,368)","(1265,633)","(531,426)","(59,562)","(645,425)","(1123,362)","(232,125)",,,,
175,"(1160,971)","(1331,1013)","(1099,1010)","(1249,368)","(1265,633)","(531,424)","(57,565)","(642,424)","(1136,363)","(232,125)",,,"(1109,361)",
176,"(1164,972)","(1332,1013)","(1099,1010)","(1249,368)","(1265,633)","(530,422)","(57,565)","(642,425)","(1122,362)","(232,124)",,,,
177,"(1160,971)","(1315,1013)","(1095,1010)","(1250,368)","(1265,633)","(530,425)","(57,564)","(641,426)","(1136,362)","(232,125)",,,"(1108,361)",
178,"(1160,971)","(1322,1014)","(1095,1010)","(1249,368)","(1265,633)","(527,430)","(59,565)","(640,428)","(1136,362)","(232,125)",,,"(1107,362)",
179,"(1164,972)","(1326,1015)","(1096,1011)","(1249,368)","(1265,633)","(529,425)","(59,570)","(640,426)","(1136,363)","(232,125)",,,,
180,"(1164,972)","(1326,1015)","(1097,1012)","(1249,368)","(1266,633)","(531,425)","(58,571)","(640,426)","(1136,362)","(232,125)",,,,
181,"(1160,971)","(1326,1016)","(1097,1014)","(1249,368)","(1265,633)","(531,424)","(56,566)","(637,427)","(1133,362)","(232,125)",,,"(1105,359)",
182,"(1164,972)","(1325,1016)","(1094,1014)","(1249,369)","(1265,633)","(531,423)","(59,570)","(637,427)","(1133,362)","(233,125)",,,"(1105,360)",
183,"(1164,972)","(1326,1016)","(1092,1012)","(1249,368)","(1265,633)","(527,425)","(57,566)","(637,428)","(1121,360)","(232,125)",,,,
184,"(1163,972)","(1325,1016)","(1090,1012)","(1249,368)","(1265,633)","(526,426)","(59,572)","(636,427)","(1134,363)","(232,125)",,,,
185,"(1164,972)","(1325,1016)","(1092,1014)","(1249,369)","(1265,633)","(526,425)","(59,572)","(636,427)","(1134,363)","(232,126)",,,,
186,"(1164,972)","(1325,1016)","(1091,1014)","(1249,369)","(1265,633)","(527,425)","(58,567)","(635,427)","(1120,363)","(232,125)",,,,
187,"(1164,972)","(1323,1016)","(1091,1015)","(1249,369)","(1265,633)","(527,424)","(59,572)","(635,428)","(1120,362)","(232,125)",,,,
188,"(1164,972)",,"(1089,1012)","(1249,368)","(1265,634)","(527,424)","(59,571)","(634,428)","(1120,360)","(232,125)",,,"(1102,361)",
189,"(1164,972)","(1325,1016)","(1090,1015)","(1249,368)","(1265,633)","(527,423)","(59,565)","(634,427)","(1120,362)","(232,125)",,,,
190,"(1164,972)",,"(1091,1012)","(1248,368)","(1265,633)","(528,422)","(59,564)","(634,428)","(1120,361)","(232,125)",,,,
191,"(1164,972)",,"(1085,1014)","(1246,367)","(1265,633)","(528,420)","(59,564)","(634,428)","(1120,359)","(232,125)",,,,
192,"(1164,972)",,"(1085,1012)","(1249,366)","(1265,633)","(529,419)","(60,563)","(634,428)","(1119,359)","(232,125)",,,"(1100,360)",
193,"(1164,971)","(1328,1011)","(1084,1011)","(1247,366)","(1265,633)","(529,417)",,"(634,428)","(1119,358)","(232,125)",,,"(1100,360)",
194,"(1164,972)",,"(1085,1014)","(1246,364)","(1265,633)","(529,416)",,"(633,428)","(1119,359)","(232,125)",,,"(1100,360)",
195,"(1164,971)","(1330,1010)","(1084,1013)","(1244,362)","(1265,633)","(528,415)",,"(633,429)","(1108,358)","(232,125)",,,,
196,"(1164,972)","(1324,1013)","(1085,1014)","(1242,359)","(1265,633)","(530,412)",,"(633,429)","(1108,357)","(232,124)",,,,
197,"(1164,971)",,"(1082,1013)","(1240,358)","(1265,633)","(531,411)",,"(632,429)","(1108,356)","(232,124)",,,,
198,"(1164,972)","(1325,1012)","(1082,1013)","(1238,357)","(1265,633)","(531,412)",,"(632,430)","(1107,358)","(233,125)",,,,
199,"(1164,972)","(1324,1010)","(1077,1012)","(1235,353)","(1266,633)","(531,411)","(59,569)","(632,431)","(1107,358)","(232,125)",,,,
200,"(1164,972)","(1324,1013)","(1079,1011)","(1232,354)","(1265,633)","(531,409)",,"(632,430)","(1106,359)","(232,125)",,,,
201,"(1164,972)","(1324,1012)","(1077,1010)","(1229,353)","(1265,633)","(531,411)","(59,564)","(632,430)","(1106,362)","(232,125)",,,,
202,"(1164,972)","(1325,1013)","(1077,1013)","(1224,352)","(1265,633)","(531,411)","(59,564)","(632,430)","(1105,361)","(232,126)",,,,
203,"(1164,972)","(1322,1012)","(1078,1014)","(1221,351)","(1265,633)","(531,410)","(58,564)","(632,430)","(1104,358)","(232,125)",,,,
204,"(1164,972)","(1322,1012)","(1077,1014)","(1219,352)","(1265,633)","(531,411)","(59,565)","(632,431)","(1104,358)","(232,126)",,,,
205,"(1163,972)","(1322,1012)","(1076,1014)","(1216,348)","(1265,633)","(531,409)","(58,565)","(630,429)","(1103,359)","(232,126)",,,,
206,"(1164,972)","(1321,1012)","(1076,1014)","(1213,347)","(1265,633)","(537,411)","(58,565)","(631,431)","(1103,358)","(232,126)",,,,
207,"(1163,972)","(1321,1012)","(1070,1012)","(1211,345)","(1265,633)","(531,411)","(59,566)","(629,429)","(1104,359)","(232,126)",,,,
208,"(1164,971)","(1322,1012)","(1069,1015)","(1207,344)","(1265,633)","(531,410)","(59,567)","(630,429)","(1103,361)","(232,126)",,,,
209,"(1164,971)","(1321,1012)","(1069,1014)","(1205,342)","(1265,633)","(531,409)","(59,566)","(630,429)","(1103,360)","(231,125)",,,,
210,"(1163,972)","(1321,1012)","(1067,1013)","(1202,340)","(1266,632)","(532,410)","(58,569)","(628,430)","(1102,360)","(231,125)",,,,
211,"(1164,971)","(1324,1012)","(1066,1014)","(1198,338)","(1267,632)","(532,410)","(59,568)","(628,429)","(1103,360)","(232,126)",,,,
212,"(1164,971)","(1324,1012)","(1066,1013)","(1194,336)","(1267,632)","(531,409)","(59,568)","(625,430)","(1101,359)","(232,125)",,,,
213,"(1164,971)","(1325,1012)","(1066,1014)","(1192,335)","(1268,631)","(532,408)","(59,569)","(626,430)","(1097,359)","(232,125)",,,,
214,"(1164,971)","(1322,1012)","(1064,1013)","(1189,333)","(1270,634)","(532,409)","(59,570)","(625,432)","(1097,359)","(232,125)",,,,
215,"(1161,970)","(1325,1013)","(1065,1013)","(1185,330)","(1271,635)","(531,408)","(58,571)","(626,429)","(1096,358)","(232,125)",,,,
216,"(1164,971)","(1325,1012)","(1064,1012)","(1182,327)","(1271,633)","(531,409)","(58,569)","(624,430)","(1095,358)","(232,125)",,,,
217,"(1160,970)","(1325,1012)","(1063,1014)","(1180,326)","(1266,631)","(533,408)","(58,573)","(626,432)","(1095,358)","(232,125)",,,,
218,"(1160,970)","(1325,1012)","(1063,1014)","(1176,323)","(1270,633)","(533,408)","(58,573)","(626,432)","(1094,358)","(232,126)",,,,
219,"(1160,970)","(1323,1012)","(1062,1014)","(1172,322)","(1266,633)","(533,408)","(60,570)","(626,432)","(1095,359)","(232,126)",,,,
220,"(1160,970)","(1324,1008)","(1058,1013)","(1169,320)","(1267,633)","(533,407)","(59,570)","(626,432)","(1095,359)","(231,126)",,,,
221,"(1160,970)","(1319,1005)","(1057,1011)","(1166,319)","(1268,632)","(533,407)","(60,571)","(626,432)","(1095,359)","(232,126)",,,,
222,"(1160,971)","(1315,1004)","(1057,1013)","(1163,317)","(1268,634)","(533,406)","(59,571)","(625,432)","(1094,359)","(231,126)",,,,
223,"(1160,970)","(1321,1005)","(1059,1011)","(1161,315)","(1268,633)","(532,406)","(59,571)","(626,432)","(1094,358)","(231,126)",,,,
224,"(1160,970)","(1319,1005)","(1056,1013)","(1158,313)","(1268,634)","(534,406)","(59,569)","(625,432)","(1092,359)","(231,126)",,,,
225,"(1160,970)","(1313,1003)","(1055,1010)","(1156,312)","(1269,633)","(533,406)","(59,569)","(626,432)","(1090,362)","(231,126)",,,,
226,"(1159,970)","(1311,1005)","(1055,1013)","(1153,309)","(1270,632)","(533,405)","(59,567)","(625,432)","(1091,358)","(232,125)",,,,
227,"(1160,970)","(1310,1005)","(1053,1013)","(1151,307)","(1269,634)","(533,404)","(59,567)","(625,432)","(1091,359)","(232,125)",,,,
228,"(1160,970)","(1311,1005)","(1053,1014)","(1147,303)","(1268,633)","(530,403)","(59,566)",,"(1091,358)","(231,125)",,,,
229,"(1159,970)","(1311,1005)","(1051,1014)","(1146,304)","(1268,630)","(533,402)","(59,566)","(625,432)","(1091,358)","(232,125)",,,,
230,"(1164,971)","(1311,1005)","(1055,1014)","(1144,303)","(1268,633)","(532,402)","(58,566)","(625,432)","(1091,358)","(232,125)",,,,
231,"(1160,970)","(1312,1005)","(1050,1015)","(1140,299)","(1268,631)","(534,402)","(59,566)","(626,432)","(1093,359)","(231,125)",,,,
232,"(1159,970)","(1321,1005)","(1052,1014)","(1136,298)","(1268,631)","(532,401)","(59,566)","(625,432)","(1093,359)","(231,125)",,,,
233,"(1160,970)","(1321,1005)","(1049,1015)","(1135,295)","(1269,630)","(534,400)","(59,566)",,"(1094,359)","(232,125)",,,,
234,"(1164,971)","(1321,1006)","(1050,1013)","(1132,293)","(1269,632)","(534,400)","(60,568)","(625,432)","(1093,360)",,,,,
235,"(1159,970)","(1321,1006)","(1050,1013)","(1129,291)","(1264,631)","(533,399)","(59,568)","(625,432)","(1093,359)","(231,125)",,,,
236,"(1163,971)","(1312,1006)","(1048,1013)","(1126,288)","(1265,630)","(534,399)","(60,568)","(625,432)","(1093,360)","(231,125)",,,,
237,"(1159,971)","(1321,1006)","(1045,1013)","(1122,286)","(1264,631)","(534,399)","(60,569)",,"(1089,362)","(232,125)",,,,
238,"(1159,971)","(1320,1006)","(1044,1013)","(1119,285)","(1269,632)","(533,398)","(61,569)","(625,432)","(1089,362)","(232,125)",,,,
239,"(1159,971)","(1321,1006)","(1044,1013)","(1118,284)","(1269,629)","(532,398)","(61,571)","(625,433)",,"(232,126)",,,,
240,"(1159,971)","(1321,1006)","(1043,1016)","(1115,282)","(1270,632)","(534,395)","(60,570)",,"(1089,362)","(232,126)",,,,
241,"(1159,972)","(1322,1006)",,"(1111,280)","(1264,630)","(530,397)","(60,569)",,"(1093,360)","(232,126)",,,,
242,"(1163,972)","(1322,1006)","(1044,1015)","(1109,278)","(1265,630)","(533,395)","(59,568)",,"(1089,362)","(232,126)",,,,
243,"(1159,971)","(1322,1006)","(1043,1013)","(1107,276)","(1267,629)","(532,396)","(59,566)","(624,432)","(1089,361)","(231,126)",,,,
244,"(1163,972)","(1322,1005)","(1045,1014)","(1104,273)","(1268,629)","(532,396)","(59,566)",,"(1089,362)","(232,126)",,,,
245,"(1159,972)","(1321,1005)","(1044,1014)","(1101,270)","(1268,629)","(532,395)","(59,566)","(625,432)","(1089,361)","(232,125)",,,,
246,"(1163,971)","(1322,1005)","(1044,1014)","(1099,270)","(1268,628)","(529,393)","(58,565)","(625,432)","(1089,361)","(232,125)",,,,
247,"(1163,971)","(1322,1004)",,"(1097,268)","(1267,628)","(531,393)","(59,566)","(624,432)","(1089,361)","(232,125)",,,,
248,"(1158,971)","(1322,1005)","(1043,1015)","(1094,266)","(1268,627)","(530,390)","(58,566)","(624,432)","(1088,361)","(232,125)",,,,
249,"(1158,970)","(1323,1004)","(1044,1015)","(1090,263)","(1268,626)","(530,389)","(58,566)","(624,431)","(1089,361)","(231,124)",,,,
250,"(1158,970)","(1322,1005)","(1041,1014)","(1087,262)","(1268,627)","(530,391)","(59,572)","(625,432)","(1089,361)","(231,125)",,,,
251,"(1163,971)","(1322,1005)","(1038,1014)","(1086,261)","(1269,626)","(530,391)","(59,568)","(625,432)","(1093,360)","(232,125)",,,,
252,"(1163,971)","(1322,1005)","(1041,1014)","(1083,259)","(1271,627)","(530,391)","(59,568)","(625,432)","(1089,361)","(232,125)",,,,
253,"(1158,971)","(1322,1005)","(1042,1014)","(1080,254)","(1269,628)","(531,391)","(59,571)",,"(1089,361)","(232,125)",,,,
254,"(1159,971)","(1322,1005)","(1042,1014)","(1076,256)","(1269,626)","(530,391)","(59,570)",,"(1088,361)","(232,126)",,,,
255,"(1159,972)","(1321,1005)","(1040,1015)","(1074,256)","(1269,626)","(530,391)","(58,575)",,"(1088,361)",,,,,
256,"(1158,971)","(1321,1005)","(1039,1015)","(1073,254)","(1269,626)","(530,391)","(59,575)",,"(1088,361)","(232,126)",,,,
257,"(1158,971)","(1321,1005)","(1039,1015)","(1071,253)","(1270,626)","(530,391)","(59,574)",,"(1088,361)","(232,125)",,,,
258,"(1159,972)","(1321,1005)","(1033,1015)","(1069,252)","(1271,627)","(531,391)","(59,570)","(625,433)","(1088,362)","(232,126)",,,,
259,"(1158,972)","(1320,1004)","(1037,1013)","(1068,251)","(1271,627)","(530,390)","(58,575)",,"(1088,361)","(232,126)",,,,
260,"(1158,972)","(1321,1005)","(1032,1012)","(1066,249)","(1271,625)","(533,390)","(57,575)",,"(1088,361)","(232,126)",,,,
261,"(1158,972)","(1318,1005)","(1037,1015)","(1065,249)","(1271,625)","(533,390)","(58,576)",,"(1088,361)","(232,126)",,,,
262,"(1158,972)","(1320,1003)","(1034,1009)","(1064,247)","(1272,625)","(531,390)","(57,577)",,"(1089,361)","(232,126)",,,,
263,"(1158,972)","(1319,1003)","(1033,1015)","(1061,245)","(1271,625)","(533,388)","(58,577)","(625,432)","(1089,361)","(232,125)",,,,
264,"(1159,971)","(1319,1002)","(1034,1010)","(1058,242)","(1272,624)","(531,389)","(57,577)","(625,432)","(1088,361)","(231,125)",,,,
265,"(1158,970)","(1319,1002)","(1033,1013)","(1055,242)","(1271,625)","(531,388)","(58,573)","(625,432)","(1089,361)","(231,125)",,,,
266,"(1159,972)","(1319,1001)","(1034,1010)","(1052,242)","(1272,625)","(531,388)","(58,573)",,"(1093,359)",,,,,
267,"(1158,971)","(1319,1000)","(1032,1014)","(1049,240)","(1272,626)","(531,388)","(58,580)","(624,432)",,,,,,
268,"(1159,971)","(1319,999)","(1032,1011)","(1046,238)","(1273,626)","(533,387)","(58,581)","(625,432)","(1089,361)","(232,125)",,,,
269,"(1158,971)","(1320,999)","(1032,1013)","(1040,237)","(1285,625)","(533,386)","(58,582)","(625,432)","(1089,361)","(232,125)",,,,
270,"(1159,972)","(1320,1000)","(1030,1010)","(1042,235)","(1285,625)","(534,386)","(59,583)",,"(1088,361)","(232,125)",,,,
271,"(1158,972)","(1320,999)","(1031,1010)","(1040,233)","(1285,625)","(533,387)","(59,585)",,"(1093,359)","(232,125)",,,,
272,"(1163,972)","(1320,999)","(1030,1013)","(1037,231)","(1284,625)","(531,388)","(59,580)","(625,433)","(1093,360)","(232,126)",,,,
273,"(1158,971)","(1320,999)","(1030,1012)","(1033,228)","(1284,625)","(531,387)","(59,587)","(625,432)","(1093,360)","(232,126)",,,,
274,"(1159,972)","(1320,999)","(1032,1011)","(1031,227)","(1285,625)","(534,387)","(58,588)",,"(1089,361)","(232,125)",,,,
275,"(1162,973)","(1320,998)","(1032,1010)","(1029,226)","(1289,625)","(535,388)","(58,594)","(628,433)","(1089,362)","(232,125)",,,,
276,"(1162,972)","(1320,998)","(1030,1011)","(1025,224)","(1285,626)","(535,383)","(57,595)","(625,433)","(1089,362)","(232,126)",,,,
277,"(1159,972)","(1320,997)","(1026,1013)","(1022,221)","(1285,626)","(536,386)","(57,595)","(625,432)","(1089,361)","(232,125)",,,,
278,"(1159,973)",,"(1029,1012)","(1020,220)","(1285,627)","(536,386)","(59,596)","(624,433)","(1093,360)","(232,125)",,,,
279,"(1158,972)","(1315,1001)","(1029,1010)","(1018,219)","(1287,627)","(537,382)","(58,595)","(625,433)","(1089,361)","(232,126)",,,,
280,"(1158,972)","(1321,996)","(1030,1010)","(1015,215)","(1289,627)","(537,384)","(57,596)","(625,433)","(1089,361)","(232,125)",,,,
281,"(1158,971)","(1322,995)","(1029,1013)","(1012,213)","(1289,627)","(537,383)","(58,594)","(625,432)","(1089,361)","(232,126)",,,,
282,"(1159,971)","(1319,995)","(1029,1007)","(1009,212)","(1290,627)","(537,383)","(58,594)",,"(1093,359)","(232,125)",,,,
283,"(1158,972)","(1324,992)","(1025,1012)","(1007,212)","(1289,627)","(537,383)","(57,596)","(624,432)","(1093,359)","(232,125)",,,,
284,"(1159,971)","(1321,997)","(1024,1011)","(1005,211)","(1289,627)","(538,381)","(57,602)",,"(1094,359)","(232,125)",,,,
285,"(1158,972)","(1324,991)","(1025,1014)","(1001,208)","(1289,626)","(537,380)","(57,600)","(624,432)","(1093,359)","(232,125)",,,,
286,"(1159,971)","(1324,992)","(1022,1015)","(997,208)","(1289,626)","(538,382)","(56,605)",,"(1090,361)","(232,125)",,,,
287,"(1163,973)","(1324,991)","(1019,1014)","(996,206)","(1289,626)","(538,379)","(56,605)",,"(1094,359)","(232,125)",,,,
288,"(1163,973)","(1325,989)","(1023,1013)","(994,205)","(1289,626)","(539,381)","(56,606)",,"(1090,361)","(232,125)",,,,
289,"(1163,973)","(1324,987)","(1022,1013)","(990,202)","(1289,626)","(539,382)","(57,605)",,"(1094,359)","(232,125)",,,,
290,"(1159,972)","(1325,988)","(1017,1015)","(987,201)","(1290,626)","(538,381)","(56,606)","(625,433)","(1094,359)","(232,125)",,,,
291,"(1163,973)","(1324,986)","(1019,1013)","(983,200)","(1290,625)","(538,381)","(56,607)","(625,432)","(1089,361)","(232,125)",,,,
292,"(1158,972)","(1324,986)","(1019,1014)","(981,200)","(1291,625)","(537,381)","(56,612)","(625,433)","(1095,360)","(232,126)","(53,65)",,,
293,"(1158,972)","(1325,985)","(1014,1013)","(978,198)","(1291,625)","(540,381)",,"(625,432)","(1095,360)","(232,126)",,,,
294,"(1158,972)","(1326,984)","(1014,1010)","(974,196)","(1291,625)","(545,379)","(55,616)","(625,433)","(1090,362)","(233,125)",,,,
295,"(1158,972)","(1325,984)","(1013,1013)","(972,194)","(1291,624)","(545,377)","(55,617)","(625,433)","(1089,362)","(233,126)",,,,
296,"(1158,972)","(1326,983)","(1013,1012)","(969,193)","(1287,624)","(546,379)","(56,617)","(625,433)","(1095,360)","(232,126)",,,,
297,"(1158,972)","(1327,981)","(1012,1013)","(967,190)","(1292,624)","(546,380)","(55,619)","(625,432)","(1095,360)","(233,126)",,,,
298,"(1158,973)","(1328,982)","(1010,1013)","(964,189)","(1292,623)","(545,380)","(56,620)","(625,432)","(1090,362)","(232,125)",,,,
299,"(1158,973)","(1328,981)","(1009,1014)","(962,188)","(1290,623)","(545,380)","(56,621)","(625,432)","(1089,362)","(233,125)",,,,
300,"(1159,972)","(1329,980)","(1009,1010)","(958,185)","(1292,622)","(545,380)","(57,623)","(625,432)","(1090,362)","(233,125)",,,,
301,"(1158,971)","(1329,979)","(1009,1010)","(956,184)","(1293,622)","(546,380)","(54,623)","(625,431)","(1089,362)","(231,125)",,,,
302,"(1159,972)","(1331,977)","(1007,1014)","(953,184)","(1294,621)","(549,377)","(54,621)","(625,432)","(1089,361)","(232,125)",,,,
303,"(1158,971)","(1330,977)","(1009,1011)","(952,181)","(1295,621)","(547,379)","(55,623)","(624,432)","(1089,362)","(232,125)",,,,
304,"(1159,972)","(1330,977)","(1007,1012)","(949,178)","(1296,621)","(549,380)","(52,625)","(625,432)","(1089,362)","(232,125)",,,,
305,"(1158,972)","(1330,975)","(1003,1011)","(947,177)","(1298,624)","(551,379)","(57,624)","(625,432)","(1089,362)","(232,125)",,,,
306,"(1158,972)","(1329,974)","(1002,1013)","(945,173)","(1297,621)","(547,382)","(56,632)","(624,432)","(1089,362)","(232,125)",,,,
307,"(1162,972)","(1328,973)","(1001,1014)","(942,171)","(1297,621)","(546,379)","(56,632)","(625,432)","(1089,362)","(232,125)",,,,
308,"(1162,972)","(1330,973)","(999,1014)","(939,170)","(1297,620)","(547,378)","(56,635)","(624,432)","(1089,362)","(232,125)",,,,
309,"(1158,972)","(1329,973)","(998,1012)","(937,169)","(1298,620)","(551,377)","(56,636)","(625,432)","(1089,363)","(232,125)",,,,
310,"(1162,973)","(1330,973)","(997,1013)","(935,169)","(1298,621)","(547,379)","(55,635)","(625,433)","(1089,363)","(232,125)",,,,
311,"(1162,973)","(1329,972)","(994,1015)","(932,165)","(1298,621)","(548,378)","(56,638)","(628,433)","(1089,363)","(232,125)",,,,
312,"(1159,973)","(1330,971)","(994,1013)","(930,163)","(1299,622)","(548,384)","(56,641)","(625,433)","(1089,363)","(232,125)",,,,
313,"(1162,973)","(1327,967)","(993,1013)","(928,161)","(1300,620)","(549,383)","(55,641)","(627,432)","(1088,363)","(232,125)",,,,
314,"(1162,973)","(1325,966)","(995,1014)","(926,159)","(1302,621)","(550,384)","(55,638)","(625,432)","(1089,363)","(233,125)",,,,
315,"(1157,971)","(1323,965)","(990,1012)","(922,155)","(1304,620)","(550,383)","(54,645)","(624,432)","(1089,362)","(232,124)","(53,56)",,,
316,"(1162,972)","(1324,964)","(989,1012)","(921,150)","(1306,619)","(550,384)","(54,644)","(627,432)","(1089,363)","(232,124)",,,,
317,"(1162,972)","(1325,961)","(995,1012)","(918,150)","(1306,618)","(553,382)","(54,644)","(624,432)","(1089,362)","(232,124)",,,,
318,"(1158,972)","(1325,960)","(990,1011)","(917,148)","(1307,619)","(553,381)","(55,648)","(624,432)","(1089,362)","(232,124)",,,,
319,"(1157,971)","(1323,959)","(989,1014)","(915,145)","(1307,620)","(551,383)","(56,651)","(624,431)","(1089,362)","(231,125)",,,,
320,"(1162,972)","(1323,959)","(989,1010)","(915,142)","(1307,618)","(553,381)","(53,650)","(624,432)",,"(232,124)",,,,
321,"(1162,971)","(1323,957)","(988,1013)","(912,138)","(1308,621)","(553,381)","(54,650)","(624,431)","(1088,362)","(232,124)",,,,
322,"(1158,972)","(1317,956)","(988,1011)","(913,135)","(1309,619)","(552,382)","(54,654)","(625,431)","(1089,362)","(232,124)",,,,
323,"(1162,972)","(1323,955)","(982,1011)","(912,134)","(1310,621)","(553,384)","(54,655)",,"(1089,362)","(232,124)",,,,
324,"(1157,972)","(1320,954)","(984,1011)","(911,131)","(1310,620)","(553,384)","(54,654)","(624,432)",,"(232,125)",,,,
325,"(1157,971)","(1319,952)","(979,1013)","(909,127)","(1311,621)","(553,384)","(54,655)",,,"(232,125)",,,,
326,"(1162,972)","(1319,952)","(978,1015)","(907,126)","(1312,620)","(556,385)","(54,656)","(625,432)","(1089,363)","(232,125)",,,,
327,"(1158,972)","(1320,949)","(977,1013)","(907,122)","(1313,621)","(555,385)","(54,659)","(625,433)","(1089,363)","(232,125)",,,,
328,"(1161,971)","(1319,949)","(978,1015)","(905,121)","(1314,620)","(556,385)","(54,657)","(625,432)","(1089,363)","(233,125)",,,,
329,"(1162,972)","(1319,946)","(974,1015)","(903,118)","(1314,617)","(556,384)","(55,658)","(625,432)","(1089,363)","(233,125)",,,,
330,"(1159,972)","(1321,945)","(971,1015)","(902,116)","(1315,621)","(557,386)","(55,660)","(628,433)","(1089,363)","(233,125)",,,,
331,"(1158,972)","(1318,943)","(972,1015)","(901,113)","(1315,620)","(561,386)","(54,661)","(627,432)","(1089,363)","(232,125)",,,,
332,"(1158,971)","(1318,941)","(970,1015)","(901,110)","(1315,620)","(561,386)","(53,661)","(627,432)","(1089,364)","(232,126)",,,,
333,"(1162,972)","(1319,940)","(970,1015)","(899,107)","(1315,620)","(561,383)","(55,660)","(624,432)","(1089,363)","(232,125)",,,,
334,"(1158,971)","(1318,938)","(970,1015)","(898,105)","(1315,620)","(562,386)","(56,662)","(625,432)","(1088,363)","(232,125)",,,,
335,"(1157,971)","(1317,936)","(969,1014)","(896,102)","(1316,617)","(562,385)","(56,662)","(625,432)","(1089,363)","(232,124)",,,,
336,"(1157,971)","(1320,934)","(971,1012)","(894,99)","(1317,622)","(560,385)","(56,664)","(625,432)","(1089,363)","(232,124)",,,,
337,"(1157,970)","(1317,932)","(969,1012)","(892,98)","(1316,622)","(562,386)","(56,665)","(625,432)","(1088,363)","(232,125)",,,,
338,"(1158,971)","(1317,930)","(966,1009)","(891,96)","(1317,621)","(563,387)","(56,665)","(625,432)","(1089,363)","(232,124)",,,,
339,"(1157,971)","(1316,929)","(970,1011)","(889,93)","(1317,621)","(563,387)","(55,666)","(627,432)","(1089,363)","(232,124)",,,,
340,"(1158,971)","(1318,927)","(965,1012)","(886,90)","(1317,621)","(564,382)","(54,666)",,"(1088,362)","(231,124)",,,,
341,"(1157,972)","(1318,924)","(964,1014)","(886,88)","(1318,621)","(564,383)","(55,667)","(625,432)","(1088,362)","(232,124)",,,,
342,"(1158,972)","(1317,922)","(967,1010)","(884,86)","(1317,618)","(564,383)","(55,667)",,"(1089,363)","(232,125)",,,,
343,"(1158,971)","(1316,920)","(963,1013)","(884,84)","(1318,618)","(564,382)","(55,675)",,"(1089,363)","(232,125)",,,,
344,"(1158,971)","(1316,916)","(963,1012)","(883,79)","(1318,618)","(563,380)","(54,670)",,"(1089,363)","(232,125)",,,,
345,"(1157,971)","(1317,916)","(958,1012)","(880,81)","(1317,618)","(564,380)","(54,675)","(625,432)","(1088,363)","(232,125)",,,,
346,"(1157,971)","(1317,915)","(958,1013)","(879,79)","(1317,618)","(564,384)","(53,676)","(627,432)","(1089,363)","(232,125)",,,,
347,"(1158,972)","(1317,913)","(957,1011)","(877,77)","(1318,618)","(564,380)","(54,678)","(627,432)","(1088,363)","(232,125)",,,,
348,"(1158,972)","(1317,913)","(955,1011)","(875,75)","(1318,618)","(564,380)","(53,680)","(627,432)","(1088,364)","(232,125)",,,,
349,"(1157,971)","(1316,912)","(953,1013)","(874,74)","(1318,618)","(566,379)","(53,680)","(626,432)","(1088,364)","(232,125)",,,,
350,"(1157,972)","(1317,909)","(959,1012)","(872,71)","(1319,618)","(566,380)","(53,682)","(624,432)","(1088,363)","(232,125)",,,,
351,"(1157,972)","(1318,907)","(956,1013)","(870,70)","(1318,619)","(567,378)","(53,687)","(625,432)","(1088,363)","(233,124)",,,,
352,"(1157,972)","(1319,906)","(958,1012)","(868,67)","(1319,619)","(567,377)","(53,687)","(625,432)","(1088,363)","(232,124)",,,,
353,"(1159,971)","(1319,905)","(950,1012)","(867,65)","(1320,619)","(567,378)","(53,687)","(625,432)","(1088,363)","(232,124)",,,,
354,"(1157,971)","(1320,904)","(954,1010)","(867,63)","(1319,621)","(567,377)","(54,689)",,"(1089,363)","(233,124)",,,,
355,"(1158,972)","(1320,903)","(951,1012)","(863,61)","(1318,621)","(567,377)","(53,691)",,"(1088,363)","(232,125)",,,,
356,"(1158,972)","(1320,901)","(952,1011)","(860,59)","(1319,620)","(568,374)","(53,695)",,"(1088,363)","(232,125)",,,,
357,"(1157,972)","(1322,900)","(946,1011)","(859,59)","(1319,621)","(568,374)","(54,694)",,"(1088,362)","(232,125)",,,,
358,"(1158,972)","(1322,898)","(951,1011)","(857,58)","(1320,621)","(568,374)","(54,698)",,"(1088,363)","(232,125)",,,,
359,"(1158,972)","(1322,897)","(946,1012)","(855,57)","(1320,620)","(568,374)","(53,696)",,"(1089,362)","(233,125)",,,,
360,"(1157,972)","(1323,896)","(944,1014)","(854,56)","(1320,620)","(568,374)","(53,698)",,"(1088,362)","(233,125)",,,,
361,"(1157,972)","(1323,895)","(940,1012)","(855,60)","(1320,620)","(571,371)","(52,700)","(625,433)","(1088,363)","(232,125)",,,,
362,"(1158,972)","(1323,893)","(941,1012)","(854,59)","(1321,619)","(573,374)","(53,702)","(625,433)","(1088,363)","(232,125)",,,,"(1333,615)"
363,"(1157,972)","(1322,893)","(939,1012)","(854,58)","(1322,619)","(571,373)","(52,701)","(625,433)","(1089,363)","(233,125)",,,,
364,"(1157,972)","(1323,891)","(938,1015)","(853,58)","(1322,619)","(572,373)","(52,702)","(624,433)","(1088,363)","(232,125)",,,,
365,"(1158,973)","(1324,891)","(939,1016)","(854,58)","(1320,620)","(571,372)","(53,705)",,"(1088,364)","(233,125)",,,,"(1335,615)"
366,"(1157,973)","(1326,889)","(939,1016)","(853,56)","(1334,615)","(571,371)","(53,704)","(625,432)","(1088,364)","(232,125)",,,,
367,"(1158,972)","(1327,888)","(935,1015)","(852,55)","(1334,615)","(572,372)","(53,706)",,"(1088,364)","(232,126)",,,,
368,"(1157,972)","(1328,885)","(934,1016)","(852,53)","(1335,615)","(572,371)","(53,704)","(625,432)",,"(232,125)",,,,"(1322,619)"
369,"(1158,972)","(1329,884)","(938,1016)","(850,50)","(1335,614)","(573,370)","(53,708)",,,"(233,126)",,,,
370,"(1158,972)","(1330,883)","(939,1016)","(848,49)","(1336,614)","(571,370)","(53,706)","(625,433)","(1088,363)","(232,126)",,,,
371,"(1158,972)","(1330,882)","(937,1015)","(849,49)","(1336,613)","(572,370)","(53,709)","(625,432)","(1088,363)","(233,125)",,,,
372,"(1158,972)","(1331,881)","(937,1015)",,"(1331,615)","(572,369)","(53,709)","(625,432)","(1088,363)","(233,125)",,,,
373,"(1158,971)","(1331,879)","(932,1012)",,"(1331,615)","(572,369)","(53,709)",,"(1088,363)","(232,125)",,,,
374,"(1158,971)","(1331,878)","(931,1014)",,"(1336,612)","(572,369)","(54,710)","(624,432)","(1087,362)","(232,125)",,,,
375,"(1158,972)","(1330,877)","(933,1011)",,"(1336,612)","(573,369)","(55,710)","(625,432)","(1088,362)","(232,125)",,,,
376,"(1157,972)","(1330,876)","(933,1011)",,"(1336,611)","(573,369)","(53,713)","(624,432)","(1088,362)","(232,125)",,,,
377,"(1157,971)","(1329,874)","(932,1012)",,"(1337,611)","(574,369)","(53,713)","(624,432)","(1088,362)","(232,125)",,,,
378,"(1157,971)","(1332,873)","(929,1013)",,"(1337,611)","(574,369)","(53,713)",,"(1088,362)","(232,125)",,,,
379,"(1158,972)","(1329,872)","(931,1012)",,"(1337,610)","(574,369)","(51,715)","(624,432)","(1088,363)","(232,125)",,,,
380,"(1157,971)","(1329,870)","(922,1014)","(846,48)","(1337,610)","(575,369)","(53,716)","(624,432)","(1088,362)","(232,125)",,,,
381,"(1157,972)","(1328,867)","(926,1012)","(843,47)","(1337,611)","(577,369)","(53,717)","(624,432)","(1087,363)","(232,125)",,,,
382,"(1157,972)","(1328,864)","(925,1012)","(844,49)","(1339,612)","(578,369)","(52,719)","(624,432)","(1088,363)","(232,125)",,,,
383,"(1158,972)","(1328,863)","(923,1013)","(844,48)","(1338,611)","(577,369)","(54,719)","(624,432)","(1088,363)","(232,126)","(53,57)",,,
384,"(1157,972)","(1327,859)","(917,1014)","(844,49)","(1338,612)","(578,368)","(54,723)","(624,432)","(1087,363)","(232,126)",,,,
385,"(1158,973)","(1327,859)","(919,1009)","(844,49)","(1338,612)","(578,368)","(52,724)","(627,433)","(1088,364)","(232,126)",,,,
386,"(1157,972)","(1326,858)","(918,1013)","(841,50)","(1338,612)","(579,368)","(52,725)","(627,432)","(1088,363)","(232,126)",,,,
387,"(1157,972)","(1325,857)","(915,1013)","(843,51)","(1339,613)","(579,367)","(53,727)","(627,433)","(1087,363)","(232,126)",,,,
388,"(1157,971)","(1324,855)","(913,1014)","(843,51)","(1334,615)","(579,364)","(56,725)","(626,432)","(1088,363)","(232,125)",,,,
389,"(1157,972)","(1321,853)","(912,1012)","(842,51)","(1334,615)","(578,366)","(54,726)","(625,432)","(1088,362)","(232,125)","(53,56)",,,
390,"(1157,972)","(1320,851)","(912,1012)","(841,51)","(1334,615)","(580,363)","(55,732)","(624,432)","(1087,363)","(231,125)",,,,
391,"(1157,971)","(1318,851)","(910,1012)","(841,51)","(1334,615)","(578,364)","(54,729)","(624,433)",,"(232,126)",,,,
392,"(1157,970)","(1318,849)","(910,1014)","(841,51)","(1334,614)","(580,362)","(54,733)","(624,432)","(1087,362)","(232,125)",,,,
393,"(1156,972)","(1319,846)","(908,1012)","(842,51)","(1334,615)","(581,361)","(54,732)","(624,432)","(1088,362)","(232,125)",,,,
394,"(1157,972)","(1319,846)","(911,1013)","(841,51)","(1335,616)","(581,362)","(54,735)","(624,432)","(1087,363)","(232,125)",,,,
395,"(1157,972)","(1321,844)","(909,1012)","(840,52)","(1335,615)","(581,363)","(56,736)","(624,432)","(1087,363)","(232,125)",,,,
396,"(1157,972)","(1318,842)","(905,1011)","(841,51)","(1334,614)","(582,362)","(52,738)","(624,432)","(1087,362)","(232,125)",,,,
397,"(1162,971)","(1318,841)","(910,1011)","(841,51)","(1335,614)","(583,363)","(54,739)","(624,432)","(1087,363)","(232,126)",,,,
398,"(1157,971)","(1318,840)","(902,1014)","(841,51)","(1335,614)","(584,365)","(55,739)","(624,432)","(1087,363)","(232,126)",,,,
399,"(1157,972)","(1317,838)","(904,1013)","(841,51)","(1335,614)","(584,364)","(55,741)","(624,432)","(1087,363)","(232,126)",,,,
400,"(1157,971)","(1315,836)","(902,1014)","(842,51)","(1335,614)","(584,365)","(56,747)","(624,433)","(1087,363)","(232,126)",,,,
401,"(1157,971)","(1315,836)","(903,1013)","(842,51)","(1336,614)","(583,363)","(56,746)","(624,433)","(1087,363)","(232,125)",,,,
402,"(1157,971)","(1314,835)","(901,1015)","(842,51)","(1336,614)","(585,364)","(52,748)","(627,433)",,"(232,125)",,,,
403,"(1157,971)","(1315,833)","(900,1012)","(842,51)","(1336,614)","(584,365)","(55,747)","(627,433)","(1087,364)","(232,125)",,,,
404,"(1158,972)","(1316,831)","(895,1013)","(842,52)","(1337,615)","(585,364)","(56,749)","(627,434)","(1091,362)","(232,125)",,,,
405,"(1157,972)","(1314,827)","(897,1010)","(842,51)","(1337,614)","(585,365)","(54,749)","(627,433)","(1091,362)","(232,125)",,,,
406,"(1158,972)","(1321,825)","(894,1011)","(842,51)","(1337,614)","(585,364)","(53,749)","(624,433)","(1091,362)","(232,126)",,,,
407,"(1158,972)","(1314,821)","(896,1013)","(842,51)","(1337,614)","(585,363)","(56,750)","(627,433)","(1086,365)","(232,126)",,,,
408,"(1158,972)","(1315,819)","(897,1012)","(842,51)","(1337,614)","(585,363)","(54,750)","(624,433)","(1085,365)","(232,126)",,,,
409,"(1158,972)","(1315,817)","(891,1012)","(843,51)","(1338,613)","(587,361)","(51,750)","(628,433)","(1089,362)","(232,125)",,,,
410,"(1158,972)","(1315,813)","(891,1012)","(842,51)","(1338,612)","(587,361)","(51,753)","(627,432)","(1084,365)","(232,126)",,,,
411,"(1157,971)","(1319,813)","(896,1011)","(843,51)","(1337,612)","(586,361)","(54,753)","(627,432)","(1088,363)","(232,125)",,,,
412,"(1157,971)","(1316,814)","(893,1011)","(841,51)","(1338,613)","(587,359)","(52,756)","(624,432)","(1088,363)","(232,125)",,,,
413,"(1157,971)","(1316,813)","(892,1008)","(843,52)","(1338,612)","(587,358)","(52,757)","(627,432)","(1087,364)","(232,125)",,,,
414,"(1162,972)","(1317,811)","(890,1010)","(842,52)","(1339,612)","(587,359)","(53,757)","(627,432)","(1087,364)","(232,125)",,,,
415,"(1157,972)","(1318,809)","(890,1010)","(843,52)","(1339,613)","(588,359)","(52,760)","(627,433)","(1088,364)","(232,126)",,,,
416,"(1162,972)","(1321,809)","(887,1011)","(837,53)","(1339,613)","(588,360)","(50,763)","(627,433)","(1087,364)","(232,126)",,,,
417,"(1158,971)","(1321,808)","(885,1010)","(842,53)","(1339,613)","(588,357)","(55,758)","(628,432)","(1082,368)","(232,125)",,,,
418,"(1158,971)","(1322,808)","(883,1010)","(843,53)","(1339,613)","(588,357)","(52,762)","(625,432)","(1082,369)","(232,126)",,,,
419,"(1158,972)","(1324,806)","(880,1010)","(842,53)","(1339,612)","(590,358)","(53,761)","(627,433)","(1082,369)","(232,126)",,,,
420,"(1157,971)","(1325,807)","(879,1013)","(841,55)","(1340,613)","(589,357)","(53,761)","(627,433)","(1082,369)","(232,126)",,,,
421,"(1157,972)","(1327,806)","(878,1011)","(841,55)","(1340,612)","(593,357)","(50,763)","(628,433)","(1084,368)","(232,126)",,,,
422,"(1157,972)","(1328,805)","(880,1013)","(840,55)","(1339,612)","(591,359)","(52,763)","(627,432)","(1084,370)","(232,126)",,,,
423,"(1157,972)","(1328,805)","(877,1015)","(841,55)","(1339,612)","(593,354)","(53,766)","(627,432)","(1084,371)","(232,126)",,,,
424,"(1162,972)","(1328,804)","(876,1015)","(840,55)","(1339,613)","(596,355)","(51,763)","(627,432)","(1083,372)","(232,126)",,,,
425,"(1158,972)","(1330,803)","(874,1012)","(840,57)","(1337,614)","(595,354)","(52,764)","(622,433)","(1083,372)","(232,126)",,,,
426,"(1159,971)","(1330,802)","(875,1014)","(841,58)","(1335,617)","(593,354)","(52,765)","(621,433)","(1082,372)","(232,125)",,,,
427,"(1158,972)","(1331,802)","(873,1013)","(840,59)","(1333,618)","(591,356)","(52,765)","(620,433)","(1080,373)","(232,125)",,,,
428,"(1158,971)","(1331,801)","(872,1013)","(842,59)","(1334,616)","(592,356)","(53,767)","(620,433)","(1082,372)","(232,124)",,,,
429,"(1159,971)","(1332,801)","(872,1013)","(840,60)","(1336,615)","(594,355)","(53,766)","(620,434)","(1082,373)","(232,125)",,,,
430,"(1159,971)","(1332,800)","(871,1010)","(840,60)","(1336,614)","(594,355)","(52,767)","(619,434)","(1082,372)","(232,124)",,,,
431,"(1159,971)","(1331,799)","(870,1009)","(839,61)","(1338,614)","(593,355)","(52,767)","(618,434)","(1082,373)","(232,125)",,,,
432,"(1158,971)","(1332,799)","(870,1012)","(840,61)","(1341,615)","(598,353)","(53,767)","(618,434)","(1081,373)","(232,125)",,,,
433,"(1162,971)","(1331,799)","(869,1011)","(839,61)","(1341,615)","(594,354)","(53,767)","(617,435)","(1081,374)","(232,125)",,,,
434,"(1162,971)","(1335,798)","(873,1009)","(841,62)","(1341,615)","(594,354)","(53,764)","(617,435)","(1079,376)","(232,125)",,,,
435,"(1162,971)","(1332,796)","(869,1010)","(840,62)","(1341,614)","(594,354)","(53,764)","(616,435)","(1080,376)","(232,125)",,,,
436,"(1162,972)","(1333,794)","(869,1011)","(842,64)","(1342,614)","(594,354)","(54,765)","(616,436)","(1078,379)","(232,125)",,,,
437,"(1158,971)","(1338,794)","(867,1010)","(845,64)","(1343,614)","(599,349)","(51,765)","(616,436)","(1078,376)","(233,125)",,,,
438,"(1159,972)","(1338,794)","(865,1011)","(845,65)","(1345,616)","(595,352)","(54,769)","(615,436)","(1077,377)","(233,125)",,,,
439,"(1158,971)","(1333,792)","(867,1013)","(842,66)","(1345,614)","(599,349)","(55,769)","(613,436)","(1076,376)","(233,125)",,,,
440,"(1159,971)","(1334,791)","(865,1013)","(843,68)","(1346,611)","(600,348)","(55,770)","(612,436)","(1076,380)","(233,125)",,,,
441,"(1159,971)","(1334,792)","(863,1013)","(843,69)","(1346,610)","(601,349)","(54,770)","(611,436)","(1077,376)","(233,125)",,,,
442,"(1159,971)","(1333,792)","(860,1013)","(844,71)","(1346,611)","(601,349)","(52,771)","(609,436)","(1073,381)","(233,125)",,,,
443,"(1159,971)","(1334,792)","(861,1011)","(845,71)","(1347,610)","(601,348)","(54,771)","(614,433)","(1076,377)","(233,125)",,,,
444,"(1158,971)","(1334,792)","(860,1009)","(844,74)","(1347,609)","(601,348)","(53,771)","(612,433)","(1076,377)","(233,125)",,,,
445,"(1163,970)","(1333,791)","(858,1013)","(845,78)","(1347,609)","(602,348)","(53,772)","(611,435)","(1075,378)","(233,125)",,,,
446,"(1158,970)","(1333,791)","(858,1014)","(845,79)","(1348,612)","(602,348)","(54,774)","(611,436)","(1073,382)","(232,125)",,,,
447,"(1158,970)","(1335,791)","(856,1012)","(846,81)","(1348,608)","(602,348)","(53,774)",,"(1071,382)","(233,125)",,,,
448,"(1163,970)","(1331,787)","(855,1012)","(846,83)","(1349,607)","(599,351)","(54,775)","(604,438)","(1072,382)","(233,125)",,,,
449,"(1163,971)","(1330,786)","(853,1012)","(847,84)","(1349,607)","(600,346)","(55,774)","(603,438)","(1072,381)","(232,125)",,,,
450,"(1158,970)","(1330,786)","(856,1014)","(848,85)","(1348,606)","(600,347)","(55,777)","(609,436)","(1072,381)","(233,125)",,,,
451,"(1158,971)","(1330,785)","(854,1013)","(849,85)","(1348,605)","(597,351)","(53,779)","(598,439)","(1072,382)","(232,125)",,,,
452,"(1163,971)","(1330,785)","(856,1012)","(850,86)","(1350,605)","(602,347)","(55,777)","(605,437)","(1072,382)","(232,125)",,,,
453,"(1158,971)","(1329,785)","(851,1012)","(850,89)","(1350,604)","(603,348)","(53,778)","(605,438)","(1070,384)","(233,126)",,,,
454,"(1158,971)","(1328,784)","(852,1013)","(851,90)","(1350,603)","(603,348)","(52,778)","(602,438)","(1071,383)","(232,125)",,,,
455,"(1159,971)","(1328,783)","(849,1010)","(850,90)","(1350,602)","(603,347)","(51,780)","(602,438)","(1069,384)","(232,125)",,,,
456,"(1159,970)","(1329,779)","(852,1012)","(851,91)","(1351,600)","(604,348)","(52,781)","(601,438)","(1071,384)","(233,125)",,,,
457,"(1159,971)","(1329,778)","(848,1011)","(851,91)","(1351,599)","(601,348)","(53,780)","(599,440)","(1070,384)","(233,125)",,,,
458,"(1159,971)","(1328,777)","(847,1011)","(852,92)","(1351,599)","(601,347)","(52,780)","(598,440)","(1070,385)","(233,125)",,,,
459,"(1159,971)","(1329,779)","(846,1013)","(851,94)","(1350,598)","(601,347)","(52,780)","(598,442)","(1070,385)","(233,125)",,,,
460,"(1158,971)","(1328,778)","(847,1012)","(851,94)","(1351,598)","(601,347)","(51,780)","(596,441)","(1069,385)","(233,126)",,,,
461,"(1158,971)","(1327,776)","(846,1014)","(852,94)","(1351,597)","(604,346)","(52,781)","(594,442)","(1068,385)","(233,126)",,,,
462,"(1158,971)","(1327,775)","(845,1014)","(854,95)","(1351,597)","(604,344)","(51,785)","(591,444)","(1068,385)","(233,126)",,,,
463,"(1158,971)","(1325,772)","(845,1014)","(854,96)","(1351,595)","(605,343)","(53,786)","(593,443)","(1069,385)","(233,125)",,,,
464,"(1158,970)","(1324,771)","(841,1012)","(854,97)","(1350,596)","(600,348)","(53,786)","(592,445)","(1068,386)","(232,125)",,,,
465,"(1159,970)","(1326,769)","(840,1015)","(854,97)","(1350,599)","(603,343)","(51,786)","(590,444)","(1069,386)","(233,126)",,,,
466,"(1159,970)","(1328,767)","(839,1014)","(854,97)","(1351,594)","(599,348)","(53,787)","(588,445)","(1068,387)","(233,125)",,,,
467,"(1162,971)","(1328,765)","(838,1014)","(854,98)","(1350,595)","(600,347)","(53,791)","(587,445)","(1068,385)","(233,125)",,,,
468,"(1162,970)","(1328,764)","(840,1014)","(856,101)","(1350,594)","(599,346)","(53,791)","(584,443)","(1067,386)","(233,126)",,,,
469,"(1162,970)","(1328,760)","(840,1012)","(857,101)","(1350,594)","(598,346)","(51,792)","(584,445)","(1067,388)","(233,125)",,,,
470,"(1158,971)","(1328,759)","(839,1014)","(858,103)","(1350,594)","(599,346)","(50,792)","(581,444)","(1067,389)","(233,125)",,,,
471,"(1160,970)","(1328,758)","(841,1013)","(859,106)","(1350,593)","(600,346)","(51,793)","(581,445)","(1066,390)","(233,126)",,,,
472,"(1158,970)","(1328,756)","(838,1014)","(864,107)","(1349,594)","(601,346)","(50,795)","(579,451)","(1066,392)","(233,126)",,,,
473,"(1163,971)","(1328,754)","(833,1013)","(861,109)","(1349,593)","(599,346)","(52,793)","(579,448)","(1065,390)","(233,126)",,,,
474,"(1162,971)","(1328,753)","(833,1012)","(862,109)","(1349,596)","(599,346)","(49,795)","(578,449)","(1065,391)","(233,125)",,,,
475,"(1159,971)","(1328,753)","(833,1011)","(863,112)","(1349,593)","(600,343)","(51,796)","(576,450)","(1065,391)","(233,126)",,,,
476,"(1161,969)","(1328,753)","(832,1013)","(865,114)","(1349,592)","(602,341)","(51,798)","(574,450)","(1065,392)","(233,126)",,,,
477,"(1159,971)","(1327,753)","(836,1011)","(865,115)","(1349,592)","(602,341)","(50,798)","(573,451)","(1064,392)","(233,126)",,,,
478,"(1158,970)","(1328,753)","(832,1013)","(866,117)","(1351,591)","(600,344)","(51,798)","(573,452)","(1064,392)","(233,126)",,,,
479,"(1158,970)","(1333,753)","(835,1012)","(867,118)","(1351,591)","(599,343)","(51,798)","(571,454)","(1062,393)","(233,126)",,,,
480,"(1159,971)","(1329,753)","(829,1014)","(868,122)","(1351,591)","(601,342)","(51,799)","(569,454)","(1061,393)","(233,126)",,,,
481,"(1159,971)","(1331,753)","(828,1012)","(867,122)","(1349,592)","(600,343)","(51,799)","(569,453)","(1061,393)","(233,125)",,,,
482,"(1162,970)","(1331,751)","(828,1012)","(868,125)","(1351,591)","(600,341)","(50,800)","(568,453)","(1060,394)","(233,125)",,,,
483,"(1159,970)","(1334,750)","(828,1012)","(868,125)","(1351,591)","(601,341)","(51,799)","(567,453)","(1059,394)","(233,125)",,,,
484,"(1159,971)","(1335,748)","(825,1012)","(870,124)","(1349,592)","(600,338)","(52,802)","(565,454)","(1058,395)","(233,126)",,,,
485,"(1159,970)","(1332,747)","(824,1013)","(874,126)","(1349,592)","(599,338)","(51,802)","(565,454)","(1056,396)","(233,125)",,,,
486,"(1159,971)","(1333,746)","(824,1012)","(875,127)","(1349,592)","(599,341)","(50,799)","(563,455)","(1057,396)","(233,125)",,,,
487,"(1158,971)","(1333,745)","(823,1012)","(875,129)","(1349,592)","(601,340)","(50,800)","(563,456)","(1058,396)","(233,125)",,,,
488,"(1159,971)","(1333,746)","(822,1011)","(877,130)","(1348,593)","(598,341)","(52,807)","(563,456)","(1057,398)","(232,126)",,,,
489,"(1159,971)","(1334,745)","(820,1012)","(879,131)","(1348,593)","(601,337)","(52,809)","(562,457)","(1056,398)","(232,126)",,,,
490,"(1159,971)","(1335,740)","(820,1014)","(879,132)","(1349,592)","(600,341)","(51,811)","(562,458)","(1057,399)","(233,126)",,,,
491,"(1158,971)","(1335,741)","(816,1014)","(881,133)","(1349,592)","(600,341)","(50,809)","(561,459)","(1056,399)","(233,126)",,,,
492,"(1159,971)","(1336,740)","(816,1012)","(882,136)","(1349,592)","(599,340)","(50,810)","(560,460)","(1055,399)","(233,126)",,,,
493,"(1158,971)","(1335,739)","(813,1014)","(882,137)","(1348,593)","(599,340)","(51,809)","(559,461)","(1055,399)","(233,126)",,,,
494,"(1159,971)","(1335,739)","(815,1012)","(882,137)","(1349,592)","(598,339)","(50,815)","(558,462)","(1055,399)","(232,125)",,,,
495,"(1158,971)","(1336,739)","(814,1011)","(883,139)","(1349,592)","(598,341)","(52,815)","(559,463)","(1055,399)","(233,126)",,,,
496,"(1159,971)","(1336,738)","(814,1013)","(886,140)","(1349,592)","(599,340)","(50,818)","(558,463)","(1055,399)","(233,126)",,,,
497,"(1158,971)","(1336,737)","(813,1013)","(885,141)","(1349,592)","(598,340)","(53,824)","(558,464)","(1054,400)","(233,126)",,,,
498,"(1159,971)","(1336,736)","(813,1014)","(886,142)","(1349,592)","(598,339)","(51,823)","(557,464)","(1054,399)","(233,126)",,,,
499,"(1159,971)","(1335,736)","(811,1011)","(887,142)","(1349,592)","(599,338)","(51,825)","(557,465)","(1055,398)","(233,126)",,,,
500,"(1158,970)","(1335,737)","(810,1010)","(889,144)","(1349,592)","(599,338)","(49,825)","(557,465)","(1055,398)","(233,125)",,,,
501,"(1162,970)","(1337,736)","(809,1011)","(889,145)","(1349,596)","(599,337)","(50,826)","(556,466)","(1054,398)","(233,126)",,,,
502,"(1159,970)","(1335,733)","(809,1010)","(889,145)","(1350,595)","(600,336)","(49,827)","(556,467)","(1054,398)","(233,125)",,,,
503,"(1158,970)","(1334,732)","(808,1007)","(891,147)","(1350,595)","(600,337)","(51,824)","(554,467)","(1054,399)","(233,125)",,,,
504,"(1158,970)","(1333,733)","(811,1007)","(891,148)","(1349,597)","(601,336)","(51,828)","(554,467)","(1054,398)","(233,125)",,,,
505,"(1159,970)","(1333,733)","(811,1010)","(890,149)","(1349,597)","(600,337)","(52,829)","(554,468)","(1054,399)","(233,125)",,,,
506,"(1158,970)","(1334,732)","(811,1007)","(890,150)","(1349,597)","(599,334)","(50,829)","(554,469)","(1054,399)","(232,125)",,,,
507,"(1158,970)","(1333,733)","(809,1013)","(891,151)","(1349,596)","(603,336)","(50,827)","(553,468)","(1054,400)","(233,125)",,,,
508,"(1162,970)","(1334,732)","(807,1012)","(889,152)",,"(598,336)","(51,830)","(553,469)","(1054,400)","(232,126)",,,,
509,"(1160,970)","(1334,731)","(806,1013)","(890,154)","(1349,594)","(600,336)","(51,828)","(553,470)","(1054,400)","(232,126)",,,,
510,"(1158,971)","(1336,728)","(806,1011)","(888,155)","(1349,595)","(600,335)","(52,829)","(552,472)","(1051,401)","(232,126)",,,,
511,"(1162,970)","(1334,726)","(801,1012)","(888,156)","(1349,595)","(600,334)","(51,831)","(549,474)","(1053,401)","(232,126)",,,,
512,"(1158,971)","(1335,728)","(803,1013)","(889,158)",,"(600,334)","(52,831)","(552,475)","(1051,402)","(232,126)",,,,
513,"(1158,970)","(1336,726)","(800,1014)","(888,160)","(1349,594)","(601,334)","(51,832)","(551,473)","(1053,405)","(232,126)",,,,
514,"(1158,970)","(1335,726)","(800,1015)","(887,161)","(1349,594)","(603,333)","(50,833)","(552,474)","(1050,402)","(233,126)",,,,
515,"(1159,970)","(1335,725)","(796,1013)","(886,162)",,"(603,333)","(51,834)","(552,476)","(1050,402)","(233,126)",,,,
516,"(1158,970)","(1335,725)","(795,1013)","(886,163)","(1349,594)","(607,328)","(50,837)","(550,479)","(1053,403)","(233,126)",,,,
517,"(1158,970)","(1335,725)","(799,1012)","(885,165)","(1348,594)","(608,328)","(51,837)","(550,479)","(1053,403)","(233,126)",,,,
518,"(1158,970)","(1336,723)","(799,1012)","(883,166)","(1348,592)","(607,327)","(51,839)","(549,481)","(1052,404)","(233,126)",,,,
519,"(1159,970)","(1339,725)","(798,1011)","(883,167)",,"(608,326)","(51,840)","(549,482)","(1053,405)","(233,125)",,,,
520,"(1159,970)","(1338,724)","(797,1011)","(881,169)","(1347,592)","(609,323)","(51,843)","(548,483)","(1053,405)","(233,126)",,,,
521,"(1159,970)","(1336,720)","(797,1011)","(882,171)","(1347,593)","(609,323)","(51,845)","(547,483)","(1051,405)","(233,126)",,,,
522,"(1159,970)","(1332,719)","(797,1011)","(882,173)","(1347,593)","(611,322)","(51,845)","(548,484)","(1053,405)","(233,125)",,,,
523,"(1159,970)","(1333,719)","(798,1013)","(880,176)","(1347,593)","(607,327)","(51,846)","(547,485)","(1050,405)","(233,125)",,,,
524,"(1159,970)","(1332,719)","(792,1009)","(878,177)","(1347,593)","(606,324)","(51,847)","(547,488)","(1052,406)","(232,126)",,,,
525,"(1159,970)","(1331,718)","(793,1008)","(877,178)","(1347,593)","(607,328)","(51,847)","(547,487)","(1050,405)","(233,126)",,,,
526,"(1159,970)","(1333,718)","(795,1008)","(875,181)","(1347,594)","(609,326)","(51,848)","(546,488)","(1050,406)","(232,126)",,,,
527,"(1159,970)","(1335,714)","(795,1009)","(873,182)","(1347,593)","(609,325)","(51,851)","(546,489)","(1050,405)","(232,126)",,,,
528,"(1159,970)","(1334,716)","(792,1010)","(870,184)","(1347,594)","(612,324)","(51,851)","(547,490)","(1050,406)","(232,126)",,,,
529,"(1160,969)","(1336,715)","(792,1010)","(869,186)","(1346,594)","(611,324)","(50,852)","(546,491)","(1049,406)","(232,126)",,,,
530,"(1163,970)","(1335,714)","(790,1011)","(868,185)","(1347,594)","(610,326)","(51,853)","(547,491)","(1049,407)","(232,126)",,,,
531,"(1163,970)","(1335,713)","(789,1013)","(867,188)","(1347,594)","(610,324)","(51,858)","(547,491)","(1045,410)","(232,126)",,,,
532,"(1163,970)","(1333,712)","(786,1012)","(866,191)","(1346,594)","(610,324)","(50,860)","(547,492)","(1045,410)","(232,126)",,,,
533,"(1163,970)","(1336,711)","(789,1012)","(866,193)","(1347,594)","(610,324)","(51,857)","(547,492)","(1048,407)","(232,125)",,,,
534,"(1161,969)","(1332,711)","(788,1014)","(865,196)","(1347,594)","(610,324)","(50,861)","(546,492)","(1045,411)","(232,126)",,,,
535,"(1159,970)","(1331,710)","(785,1012)","(863,198)","(1347,593)","(610,323)","(50,859)","(546,492)","(1045,410)","(232,126)",,,,
536,"(1159,970)","(1331,710)","(784,1012)","(862,200)","(1347,594)","(610,324)","(48,866)","(543,493)","(1045,410)","(233,126)",,,,
537,"(1159,970)","(1331,710)","(786,1015)","(860,203)","(1347,593)","(610,324)","(51,865)","(542,493)","(1045,410)","(233,125)",,,,
538,"(1163,970)","(1332,710)","(788,1013)","(859,204)","(1347,594)","(610,323)","(49,867)","(542,493)","(1045,411)","(233,126)",,,,
539,"(1163,970)","(1332,710)","(783,1012)","(858,205)","(1347,594)","(610,323)","(50,867)","(541,494)","(1044,411)","(232,126)",,,,
540,"(1163,970)","(1331,709)","(786,1012)","(858,206)","(1347,594)","(611,324)","(51,868)","(542,493)","(1044,412)","(233,125)",,,,
541,"(1159,970)","(1330,707)","(782,1011)","(856,206)","(1347,594)","(612,319)","(52,866)","(542,493)","(1043,411)","(233,125)",,,,
542,"(1163,970)","(1333,706)","(781,1012)","(855,209)","(1347,593)","(614,319)","(51,870)","(542,493)","(1042,411)","(233,126)",,,,
543,"(1159,970)","(1330,705)","(781,1015)","(854,211)","(1347,594)","(614,320)","(51,871)","(542,493)","(1042,411)","(233,126)",,,,
544,"(1159,970)","(1333,704)","(779,1014)","(854,212)","(1346,594)",,"(51,876)","(541,495)","(1041,411)","(233,126)",,,,
545,"(1159,970)","(1331,703)","(778,1011)","(853,214)",,"(614,319)","(49,876)","(541,495)","(1041,411)","(233,126)",,,,
546,"(1159,970)","(1333,702)","(779,1014)","(853,215)","(1346,595)","(614,320)","(48,879)","(541,496)","(1041,412)","(233,126)",,,,
547,"(1159,970)","(1331,701)","(778,1015)","(853,217)","(1347,596)","(614,320)","(48,879)","(541,497)","(1042,413)","(233,126)",,,,
548,"(1158,970)","(1332,699)","(775,1011)","(850,218)","(1346,596)","(614,319)","(50,880)","(541,496)","(1042,412)","(233,126)",,,,
549,"(1159,970)","(1331,697)","(775,1011)","(848,220)","(1346,596)","(614,319)","(49,882)","(541,497)","(1041,412)","(233,126)",,,,
550,"(1158,970)","(1331,696)","(778,1012)","(845,220)","(1346,595)","(615,318)","(48,883)","(540,497)","(1041,412)","(233,126)",,,,
551,"(1158,970)","(1331,695)","(774,1014)","(844,222)","(1345,595)","(615,318)","(49,884)","(539,498)","(1040,413)","(233,126)",,,,
552,"(1158,970)","(1328,693)","(773,1013)","(844,223)","(1346,596)","(615,317)","(50,888)","(539,497)","(1040,414)","(233,125)",,,,
553,"(1159,970)","(1328,692)","(773,1012)","(843,224)","(1346,594)","(616,317)","(50,889)","(540,497)","(1039,416)","(233,125)",,,,
554,"(1158,970)","(1327,691)","(775,1014)","(843,225)","(1346,596)","(616,317)","(50,890)","(540,498)","(1039,416)","(233,126)",,,,
555,"(1158,970)","(1329,690)","(775,1014)","(842,226)","(1345,596)","(616,317)","(50,891)","(540,498)","(1039,416)","(233,125)",,,,
556,"(1158,970)","(1327,689)","(775,1012)","(842,228)","(1345,597)","(616,316)","(48,892)","(540,497)","(1039,417)","(233,126)",,,,
557,"(1158,970)","(1328,688)","(773,1014)","(841,230)","(1345,597)","(617,316)","(48,893)","(540,497)","(1039,417)","(233,126)",,,,
558,"(1158,970)","(1328,687)","(771,1011)","(841,230)","(1345,596)","(618,316)","(48,896)","(541,497)","(1040,417)","(233,125)",,,,
559,"(1158,970)","(1327,687)","(774,1012)","(841,231)","(1345,595)","(618,315)","(48,896)","(542,497)","(1039,416)","(233,125)",,,,
560,"(1157,970)","(1328,687)","(774,1014)","(842,234)","(1344,596)","(621,315)","(48,898)","(541,498)","(1039,418)","(233,125)",,,,
561,"(1158,970)","(1330,687)","(772,1012)","(839,236)","(1344,596)","(619,315)","(48,901)","(541,498)","(1038,418)","(233,125)",,,,
562,"(1158,970)","(1329,687)","(767,1015)","(837,239)","(1344,596)","(619,315)","(47,903)","(542,498)","(1038,419)","(232,125)",,,,
563,"(1158,970)","(1329,682)","(769,1012)","(837,240)","(1344,596)","(617,315)","(47,904)","(542,498)","(1038,418)","(233,126)",,,,
564,"(1158,970)","(1329,681)","(769,1012)","(837,241)","(1343,597)","(618,312)","(49,906)","(542,499)","(1038,419)","(233,125)",,,,
565,"(1158,970)","(1329,680)","(767,1011)","(836,243)","(1342,598)","(618,312)","(48,906)","(542,499)","(1041,416)","(233,125)",,,,
566,"(1158,971)","(1328,679)","(766,1014)","(835,243)","(1342,599)","(617,312)","(48,908)","(539,499)","(1041,417)","(233,126)",,,,
567,"(1161,971)","(1329,676)","(766,1012)","(834,244)","(1341,598)","(614,315)","(48,910)","(541,500)","(1038,420)","(233,125)",,,,
568,"(1158,970)","(1328,674)","(765,1012)","(835,244)","(1341,598)","(618,311)","(48,914)","(541,500)","(1040,417)","(233,126)",,,,
569,"(1158,970)","(1327,673)","(767,1011)","(835,245)","(1340,598)","(617,310)","(48,915)","(541,500)","(1037,421)","(233,125)",,,,
570,"(1162,970)","(1327,671)","(761,1011)","(833,247)","(1339,600)","(618,311)","(47,915)","(542,500)","(1038,422)","(233,125)",,,,
571,"(1161,970)","(1329,669)","(761,1013)","(835,249)","(1339,601)","(615,313)","(48,913)","(537,500)","(1040,418)","(233,125)",,,,
572,"(1157,970)","(1329,668)","(765,1010)","(834,250)","(1338,602)","(615,313)","(48,914)","(542,500)","(1039,419)","(233,125)",,,,
573,"(1157,970)","(1328,668)","(759,1010)","(836,251)","(1338,603)","(615,313)","(48,914)","(541,500)","(1040,419)","(233,125)",,,,
574,"(1157,970)","(1328,666)","(762,1012)","(835,253)","(1337,604)","(615,311)","(49,914)","(542,499)","(1040,419)","(233,125)",,,,
575,"(1157,971)","(1328,667)","(761,1011)","(835,255)","(1336,604)","(616,311)","(49,914)","(541,500)","(1040,420)","(233,125)",,,,
576,"(1157,970)","(1327,666)","(760,1013)","(834,255)","(1335,604)","(617,311)","(49,914)","(540,500)","(1038,420)","(232,125)",,,,
577,"(1157,970)","(1327,664)","(757,1013)","(833,257)","(1335,604)","(615,311)","(50,914)","(538,501)","(1039,421)","(233,125)",,,,
578,"(1157,970)","(1328,663)","(760,1011)","(832,258)","(1335,604)","(615,311)","(49,915)","(538,501)","(1038,422)","(233,125)",,,,
579,"(1157,970)","(1327,663)","(758,1014)","(830,259)","(1332,604)","(615,311)","(48,916)","(538,504)","(1039,421)","(233,125)",,,,
580,"(1157,970)","(1330,662)","(756,1014)","(831,260)","(1333,605)","(615,311)","(48,916)","(537,505)","(1039,423)","(233,125)",,,,
581,"(1157,971)","(1330,661)","(757,1012)","(830,260)","(1331,605)","(615,311)","(48,914)","(537,507)","(1038,423)","(232,125)",,,,
582,"(1157,970)","(1329,661)","(754,1015)","(830,260)","(1331,605)","(615,310)","(50,915)","(537,505)","(1037,423)","(232,125)",,,,
583,"(1157,970)","(1330,660)","(753,1014)","(828,262)","(1331,603)","(615,310)","(50,915)","(537,504)","(1037,423)","(233,125)",,,,
584,"(1157,970)","(1330,659)","(749,1013)","(827,263)","(1330,606)","(615,311)","(48,918)","(536,505)","(1037,423)","(233,125)",,,,
585,"(1157,970)","(1330,659)","(749,1014)","(827,264)","(1326,608)","(614,310)","(48,919)","(537,506)","(1037,423)","(232,125)",,,,
586,"(1157,970)","(1328,659)","(750,1013)","(825,266)","(1323,609)","(615,310)","(48,919)","(535,506)","(1036,423)","(233,125)",,,,
587,"(1160,969)","(1325,658)","(749,1015)","(824,266)","(1325,618)","(614,308)","(47,925)","(535,506)","(1035,423)","(232,125)",,,,
588,"(1157,970)","(1325,658)","(747,1011)","(824,267)","(1325,607)","(616,307)","(47,925)","(538,502)","(1036,423)","(232,125)",,,,
589,"(1160,969)","(1325,658)","(748,1012)","(823,268)","(1325,609)","(616,307)","(47,926)","(538,502)","(1039,424)","(233,125)",,,,
590,"(1157,970)","(1325,658)","(746,1014)","(822,269)","(1323,609)","(616,307)","(47,928)",,"(1034,424)","(232,125)",,,,
591,"(1157,971)","(1325,657)","(746,1014)","(821,273)","(1321,611)","(616,306)","(49,932)","(538,502)","(1034,425)","(232,125)",,,,
592,"(1161,970)","(1325,658)","(740,1013)","(821,274)","(1320,613)","(618,306)","(48,935)","(538,502)","(1033,425)","(232,125)",,,,
593,"(1161,970)","(1324,658)","(744,1013)","(821,276)","(1320,613)","(623,306)","(49,933)","(538,503)","(1032,425)",,,,,
594,"(1157,970)","(1325,658)","(740,1013)","(821,279)","(1316,614)","(623,299)","(48,937)","(538,503)","(1032,426)","(233,124)",,,,
595,"(1157,970)","(1325,658)","(741,1013)","(820,280)","(1316,616)","(617,305)","(49,936)","(537,505)","(1033,426)","(232,125)",,,,
